,open,high,low,close,adjclose,volume,ticker
2002-07-01,27.520000457763672,28.1299991607666,27.399999618530273,27.989999771118164,17.789167404174805,630442.0,AMBUJACEM.NS
2002-07-02,27.989999771118164,28.270000457763672,27.729999542236328,27.969999313354492,17.776460647583008,1007265.0,AMBUJACEM.NS
2002-07-03,27.770000457763672,27.979999542236328,27.399999618530273,27.559999465942383,17.51588249206543,178065.0,AMBUJACEM.NS
2002-07-04,27.530000686645508,27.729999542236328,27.469999313354492,27.549999237060547,17.509525299072266,199282.0,AMBUJACEM.NS
2002-07-05,27.469999313354492,27.969999313354492,27.360000610351562,27.56999969482422,17.52224349975586,138577.0,AMBUJACEM.NS
2002-07-08,28.0,28.270000457763672,27.06999969482422,27.780000686645508,17.65570831298828,216457.0,AMBUJACEM.NS
2002-07-09,28.0,28.270000457763672,26.950000762939453,27.200000762939453,17.287086486816406,1158427.0,AMBUJACEM.NS
2002-07-10,27.31999969482422,27.31999969482422,26.700000762939453,26.889999389648438,17.090068817138672,384892.0,AMBUJACEM.NS
2002-07-11,26.8700008392334,26.93000030517578,26.3700008392334,26.489999771118164,16.835840225219727,1189395.0,AMBUJACEM.NS
2002-07-12,26.469999313354492,26.93000030517578,26.40999984741211,26.510000228881836,16.848554611206055,1100752.0,AMBUJACEM.NS
2002-07-15,26.399999618530273,26.530000686645508,26.170000076293945,26.389999389648438,16.772279739379883,758595.0,AMBUJACEM.NS
2002-07-16,26.670000076293945,26.670000076293945,26.149999618530273,26.260000228881836,16.68966293334961,573555.0,AMBUJACEM.NS
2002-07-17,26.270000457763672,26.3700008392334,26.09000015258789,26.219999313354492,16.66423988342285,147120.0,AMBUJACEM.NS
2002-07-18,26.010000228881836,26.530000686645508,26.010000228881836,26.280000686645508,16.702373504638672,112065.0,AMBUJACEM.NS
2002-07-19,26.1299991607666,26.270000457763672,25.799999237060547,25.93000030517578,16.47993278503418,249975.0,AMBUJACEM.NS
2002-07-22,26.0,26.0,25.270000457763672,25.469999313354492,16.18757438659668,341497.0,AMBUJACEM.NS
2002-07-23,25.329999923706055,26.530000686645508,24.809999465942383,24.950000762939453,15.857089042663574,457725.0,AMBUJACEM.NS
2002-07-24,24.799999237060547,24.799999237060547,24.530000686645508,24.670000076293945,15.679133415222168,298410.0,AMBUJACEM.NS
2002-07-25,25.329999923706055,25.329999923706055,23.729999542236328,24.049999237060547,15.285087585449219,1339500.0,AMBUJACEM.NS
2002-07-26,24.0,24.399999618530273,23.270000457763672,23.530000686645508,14.954598426818848,1189335.0,AMBUJACEM.NS
2002-07-29,24.270000457763672,24.270000457763672,23.06999969482422,23.280000686645508,14.795714378356934,451492.0,AMBUJACEM.NS
2002-07-30,22.68000030517578,23.600000381469727,22.68000030517578,22.959999084472656,14.59233570098877,899820.0,AMBUJACEM.NS
2002-07-31,22.690000534057617,23.31999969482422,22.600000381469727,22.65999984741211,14.401666641235352,732465.0,AMBUJACEM.NS
2002-08-01,23.200000762939453,23.200000762939453,22.280000686645508,22.59000015258789,14.357181549072266,724072.0,AMBUJACEM.NS
2002-08-02,22.440000534057617,22.56999969482422,22.149999618530273,22.3700008392334,14.217357635498047,465982.0,AMBUJACEM.NS
2002-08-05,22.399999618530273,22.670000076293945,21.739999771118164,21.950000762939453,13.95042896270752,1924500.0,AMBUJACEM.NS
2002-08-06,22.260000228881836,22.469999313354492,21.809999465942383,22.290000915527344,14.16651439666748,1673670.0,AMBUJACEM.NS
2002-08-07,22.670000076293945,22.93000030517578,22.270000457763672,22.6200008392334,14.376246452331543,893827.0,AMBUJACEM.NS
2002-08-08,22.799999237060547,22.799999237060547,22.0,22.209999084472656,14.115667343139648,304387.0,AMBUJACEM.NS
2002-08-09,22.09000015258789,22.600000381469727,21.8700008392334,22.229999542236328,14.12838077545166,455310.0,AMBUJACEM.NS
2002-08-12,22.790000915527344,22.790000915527344,22.139999389648438,22.25,14.14108943939209,239220.0,AMBUJACEM.NS
2002-08-13,22.670000076293945,22.670000076293945,22.270000457763672,22.399999618530273,14.236420631408691,232672.0,AMBUJACEM.NS
2002-08-14,22.399999618530273,22.399999618530273,21.549999237060547,22.010000228881836,14.157095909118652,532372.0,AMBUJACEM.NS
2002-08-15,22.010000228881836,22.010000228881836,22.010000228881836,22.010000228881836,14.157095909118652,0.0,AMBUJACEM.NS
2002-08-16,22.399999618530273,22.399999618530273,21.950000762939453,21.989999771118164,14.144232749938965,960517.0,AMBUJACEM.NS
2002-08-19,22.270000457763672,22.309999465942383,22.06999969482422,22.1299991607666,14.234281539916992,418350.0,AMBUJACEM.NS
2002-08-20,22.530000686645508,22.530000686645508,21.799999237060547,21.969999313354492,14.131364822387695,1445872.0,AMBUJACEM.NS
2002-08-21,21.8799991607666,22.270000457763672,21.8799991607666,22.010000228881836,14.157095909118652,2020500.0,AMBUJACEM.NS
2002-08-22,22.1299991607666,22.3700008392334,22.100000381469727,22.1299991607666,14.234281539916992,1757707.0,AMBUJACEM.NS
2002-08-23,22.190000534057617,22.229999542236328,22.06999969482422,22.100000381469727,14.214984893798828,616222.0,AMBUJACEM.NS
2002-08-26,22.15999984741211,22.15999984741211,21.93000030517578,21.969999313354492,14.131364822387695,2135955.0,AMBUJACEM.NS
2002-08-27,21.8799991607666,22.0,21.75,21.860000610351562,14.060612678527832,619192.0,AMBUJACEM.NS
2002-08-28,22.110000610351562,22.110000610351562,21.75,21.829999923706055,14.041316986083984,567030.0,AMBUJACEM.NS
2002-08-29,22.0,22.0,21.729999542236328,21.829999923706055,14.041316986083984,592500.0,AMBUJACEM.NS
2002-08-30,22.0,22.010000228881836,21.649999618530273,21.979999542236328,14.137797355651855,1051920.0,AMBUJACEM.NS
2002-09-02,22.270000457763672,23.06999969482422,21.8700008392334,22.309999465942383,14.35006046295166,1408425.0,AMBUJACEM.NS
2002-09-03,22.329999923706055,22.329999923706055,21.950000762939453,21.989999771118164,14.144232749938965,852090.0,AMBUJACEM.NS
2002-09-04,22.1299991607666,22.1299991607666,21.940000534057617,22.010000228881836,14.157095909118652,283560.0,AMBUJACEM.NS
2002-09-05,22.1299991607666,22.530000686645508,21.639999389648438,22.350000381469727,14.375789642333984,1242217.0,AMBUJACEM.NS
2002-09-06,22.520000457763672,22.639999389648438,22.030000686645508,22.149999618530273,14.247143745422363,1146577.0,AMBUJACEM.NS
2002-09-09,21.600000381469727,22.229999542236328,21.600000381469727,22.15999984741211,14.25357437133789,454125.0,AMBUJACEM.NS
2002-09-10,22.15999984741211,22.15999984741211,22.15999984741211,22.15999984741211,14.25357437133789,0.0,AMBUJACEM.NS
2002-09-11,22.270000457763672,22.399999618530273,22.190000534057617,22.239999771118164,14.30502986907959,546210.0,AMBUJACEM.NS
2002-09-12,22.270000457763672,23.799999237060547,22.200000762939453,23.59000015258789,15.173368453979492,4144297.0,AMBUJACEM.NS
2002-09-13,23.56999969482422,24.649999618530273,23.260000228881836,23.299999237060547,14.986838340759277,820215.0,AMBUJACEM.NS
2002-09-16,23.329999923706055,23.8700008392334,22.940000534057617,23.049999237060547,14.826035499572754,522787.0,AMBUJACEM.NS
2002-09-17,23.200000762939453,23.270000457763672,23.030000686645508,23.110000610351562,14.864628791809082,185055.0,AMBUJACEM.NS
2002-09-18,22.899999618530273,23.200000762939453,22.899999618530273,23.059999465942383,14.832467079162598,310792.0,AMBUJACEM.NS
2002-09-19,22.540000915527344,23.09000015258789,22.540000915527344,22.739999771118164,14.626643180847168,312847.0,AMBUJACEM.NS
2002-09-20,23.25,23.25,22.329999923706055,22.709999084472656,14.607344627380371,503842.0,AMBUJACEM.NS
2002-09-23,22.56999969482422,23.100000381469727,22.479999542236328,22.5,14.472267150878906,430755.0,AMBUJACEM.NS
2002-09-24,22.719999313354492,22.719999313354492,22.049999237060547,22.34000015258789,14.369354248046875,290700.0,AMBUJACEM.NS
2002-09-25,22.15999984741211,22.3700008392334,22.06999969482422,22.18000030517578,14.266437530517578,330270.0,AMBUJACEM.NS
2002-09-26,22.149999618530273,22.329999923706055,22.06999969482422,22.110000610351562,14.221417427062988,355065.0,AMBUJACEM.NS
2002-09-27,22.3700008392334,22.3700008392334,22.030000686645508,22.149999618530273,14.247143745422363,684300.0,AMBUJACEM.NS
2002-09-30,21.829999923706055,22.190000534057617,21.729999542236328,21.809999465942383,14.028450012207031,1091782.0,AMBUJACEM.NS
2002-10-01,22.0,22.0,21.469999313354492,21.709999084472656,13.964127540588379,943500.0,AMBUJACEM.NS
2002-10-02,21.709999084472656,21.709999084472656,21.709999084472656,21.709999084472656,13.964127540588379,0.0,AMBUJACEM.NS
2002-10-03,21.729999542236328,22.110000610351562,21.600000381469727,21.920000076293945,14.099207878112793,745020.0,AMBUJACEM.NS
2002-10-04,22.0,22.06999969482422,21.530000686645508,21.75,13.989862442016602,1164862.0,AMBUJACEM.NS
2002-10-07,21.690000534057617,21.93000030517578,21.690000534057617,21.770000457763672,14.002720832824707,1797300.0,AMBUJACEM.NS
2002-10-08,21.540000915527344,22.059999465942383,21.540000915527344,21.989999771118164,14.144232749938965,851527.0,AMBUJACEM.NS
2002-10-09,22.0,22.170000076293945,21.8799991607666,22.1200008392334,14.227850914001465,546217.0,AMBUJACEM.NS
2002-10-10,22.399999618530273,22.399999618530273,22.030000686645508,22.18000030517578,14.266437530517578,508042.0,AMBUJACEM.NS
2002-10-11,22.399999618530273,22.6200008392334,22.010000228881836,22.530000686645508,14.49156379699707,481935.0,AMBUJACEM.NS
2002-10-14,23.06999969482422,23.06999969482422,22.56999969482422,22.610000610351562,14.543025016784668,376177.0,AMBUJACEM.NS
2002-10-15,22.610000610351562,22.610000610351562,22.610000610351562,22.610000610351562,14.543025016784668,0.0,AMBUJACEM.NS
2002-10-16,22.670000076293945,23.030000686645508,22.469999313354492,22.59000015258789,14.530158996582031,1161375.0,AMBUJACEM.NS
2002-10-17,22.729999542236328,22.729999542236328,22.270000457763672,22.389999389648438,14.401514053344727,515805.0,AMBUJACEM.NS
2002-10-18,22.440000534057617,22.729999542236328,22.399999618530273,22.450000762939453,14.440107345581055,397492.0,AMBUJACEM.NS
2002-10-21,22.43000030517578,22.799999237060547,21.729999542236328,22.65999984741211,14.57518196105957,182257.0,AMBUJACEM.NS
2002-10-22,22.1299991607666,23.049999237060547,22.06999969482422,22.329999923706055,14.362921714782715,323407.0,AMBUJACEM.NS
2002-10-23,22.510000228881836,22.510000228881836,22.06999969482422,22.15999984741211,14.25357437133789,306352.0,AMBUJACEM.NS
2002-10-24,22.1299991607666,22.489999771118164,22.0,22.1200008392334,14.227850914001465,200385.0,AMBUJACEM.NS
2002-10-25,22.270000457763672,22.469999313354492,21.270000457763672,21.510000228881836,13.83548641204834,1335150.0,AMBUJACEM.NS
2002-10-28,21.34000015258789,22.059999465942383,20.729999542236328,20.8700008392334,13.423832893371582,638692.0,AMBUJACEM.NS
2002-10-29,21.469999313354492,21.469999313354492,20.729999542236328,20.940000534057617,13.468857765197754,663480.0,AMBUJACEM.NS
2002-10-30,20.530000686645508,20.790000915527344,20.530000686645508,20.690000534057617,13.30805492401123,1902300.0,AMBUJACEM.NS
2002-10-31,20.690000534057617,23.469999313354492,20.530000686645508,20.760000228881836,13.353075981140137,1362382.0,AMBUJACEM.NS
2002-11-01,20.799999237060547,21.06999969482422,20.040000915527344,20.209999084472656,12.999311447143555,1417005.0,AMBUJACEM.NS
2002-11-04,23.860000610351562,23.860000610351562,20.270000457763672,20.469999313354492,13.166550636291504,365017.0,AMBUJACEM.NS
2002-11-05,20.270000457763672,20.649999618530273,20.270000457763672,20.540000915527344,13.21157455444336,762585.0,AMBUJACEM.NS
2002-11-06,20.540000915527344,20.540000915527344,20.540000915527344,20.540000915527344,13.21157455444336,0.0,AMBUJACEM.NS
2002-11-07,20.510000228881836,21.049999237060547,20.399999618530273,20.969999313354492,13.48815631866455,1556797.0,AMBUJACEM.NS
2002-11-08,21.200000762939453,21.200000762939453,20.940000534057617,21.06999969482422,13.552472114562988,772575.0,AMBUJACEM.NS
2002-11-11,20.93000030517578,21.170000076293945,20.729999542236328,20.950000762939453,13.475290298461914,492045.0,AMBUJACEM.NS
2002-11-12,20.799999237060547,21.190000534057617,20.799999237060547,21.1299991607666,13.59106731414795,252990.0,AMBUJACEM.NS
2002-11-13,21.299999237060547,21.59000015258789,21.200000762939453,21.350000381469727,13.732572555541992,810052.0,AMBUJACEM.NS
2002-11-14,21.59000015258789,21.600000381469727,21.350000381469727,21.530000686645508,13.84835147857666,1954672.0,AMBUJACEM.NS
2002-11-15,21.600000381469727,21.729999542236328,21.270000457763672,21.350000381469727,13.732572555541992,1543980.0,AMBUJACEM.NS
2002-11-18,21.670000076293945,21.670000076293945,21.3700008392334,21.440000534057617,13.790462493896484,1156477.0,AMBUJACEM.NS
2002-11-19,21.440000534057617,21.440000534057617,21.440000534057617,21.440000534057617,13.790462493896484,0.0,AMBUJACEM.NS
2002-11-20,21.469999313354492,21.56999969482422,21.149999618530273,21.309999465942383,13.7068452835083,1166872.0,AMBUJACEM.NS
2002-11-21,21.329999923706055,21.450000762939453,21.149999618530273,21.239999771118164,13.661818504333496,858802.0,AMBUJACEM.NS
2002-11-22,21.06999969482422,22.270000457763672,20.93000030517578,21.899999618530273,14.086339950561523,1498972.0,AMBUJACEM.NS
2002-11-25,21.729999542236328,22.100000381469727,21.729999542236328,21.90999984741211,14.092771530151367,551902.0,AMBUJACEM.NS
2002-11-26,22.239999771118164,22.239999771118164,21.8700008392334,21.90999984741211,14.092771530151367,279930.0,AMBUJACEM.NS
2002-11-27,22.329999923706055,22.530000686645508,21.729999542236328,21.850000381469727,14.054183959960938,502837.0,AMBUJACEM.NS
2002-11-28,21.899999618530273,22.100000381469727,21.81999969482422,21.889999389648438,14.079904556274414,1026690.0,AMBUJACEM.NS
2002-11-29,22.1299991607666,22.25,21.329999923706055,21.90999984741211,14.092771530151367,499470.0,AMBUJACEM.NS
2002-12-02,21.889999389648438,22.93000030517578,21.889999389648438,22.799999237060547,14.665230751037598,2044042.0,AMBUJACEM.NS
2002-12-03,22.799999237060547,23.049999237060547,21.329999923706055,22.190000534057617,14.272872924804688,1061527.0,AMBUJACEM.NS
2002-12-04,21.940000534057617,22.399999618530273,21.93000030517578,22.139999389648438,14.240711212158203,389670.0,AMBUJACEM.NS
2002-12-05,22.010000228881836,22.59000015258789,21.93000030517578,22.209999084472656,14.285736083984375,231885.0,AMBUJACEM.NS
2002-12-06,22.31999969482422,22.530000686645508,21.8799991607666,22.450000762939453,14.440107345581055,380827.0,AMBUJACEM.NS
2002-12-09,21.110000610351562,22.670000076293945,21.110000610351562,22.170000076293945,14.260007858276367,296535.0,AMBUJACEM.NS
2002-12-10,22.239999771118164,22.329999923706055,21.8700008392334,22.209999084472656,14.285736083984375,218212.0,AMBUJACEM.NS
2002-12-11,21.760000228881836,22.43000030517578,21.75,22.329999923706055,14.362921714782715,561045.0,AMBUJACEM.NS
2002-12-12,22.670000076293945,22.670000076293945,21.75,22.200000762939453,14.279304504394531,238680.0,AMBUJACEM.NS
2002-12-13,22.0,22.450000762939453,21.8799991607666,22.40999984741211,14.414381980895996,187260.0,AMBUJACEM.NS
2002-12-16,21.8799991607666,22.59000015258789,21.8700008392334,22.329999923706055,14.362921714782715,370567.0,AMBUJACEM.NS
2002-12-17,22.790000915527344,22.790000915527344,21.940000534057617,22.0,14.150663375854492,292140.0,AMBUJACEM.NS
2002-12-18,21.8700008392334,22.18000030517578,21.6299991607666,21.969999313354492,14.131364822387695,339990.0,AMBUJACEM.NS
2002-12-19,21.989999771118164,21.989999771118164,21.40999984741211,21.600000381469727,13.893375396728516,902842.0,AMBUJACEM.NS
2002-12-20,21.489999771118164,21.75,21.479999542236328,21.56999969482422,13.874079704284668,426547.0,AMBUJACEM.NS
2002-12-23,21.729999542236328,21.729999542236328,21.149999618530273,21.190000534057617,13.629660606384277,790687.0,AMBUJACEM.NS
2002-12-24,21.110000610351562,21.59000015258789,21.100000381469727,21.459999084472656,13.803322792053223,426750.0,AMBUJACEM.NS
2002-12-25,21.459999084472656,21.459999084472656,21.459999084472656,21.459999084472656,13.803322792053223,0.0,AMBUJACEM.NS
2002-12-26,21.440000534057617,21.670000076293945,21.309999465942383,21.40999984741211,13.771167755126953,869827.0,AMBUJACEM.NS
2002-12-27,21.40999984741211,21.6299991607666,21.40999984741211,21.540000915527344,13.85478401184082,998430.0,AMBUJACEM.NS
2002-12-30,21.469999313354492,21.829999923706055,21.469999313354492,21.670000076293945,13.938404083251953,676372.0,AMBUJACEM.NS
2002-12-31,21.93000030517578,21.93000030517578,21.6299991607666,21.780000686645508,14.0091552734375,534697.0,AMBUJACEM.NS
2003-01-01,21.850000381469727,22.0,21.600000381469727,21.889999389648438,14.079904556274414,294375.0,AMBUJACEM.NS
2003-01-02,22.1299991607666,22.649999618530273,22.030000686645508,22.329999923706055,14.362921714782715,2054430.0,AMBUJACEM.NS
2003-01-03,22.639999389648438,22.670000076293945,21.940000534057617,21.989999771118164,14.144232749938965,648607.0,AMBUJACEM.NS
2003-01-06,21.8700008392334,22.25,21.670000076293945,21.729999542236328,13.976996421813965,326100.0,AMBUJACEM.NS
2003-01-07,22.0,22.0,21.489999771118164,21.68000030517578,13.944835662841797,333397.0,AMBUJACEM.NS
2003-01-08,21.959999084472656,22.09000015258789,21.739999771118164,21.90999984741211,14.092771530151367,362917.0,AMBUJACEM.NS
2003-01-09,22.239999771118164,22.239999771118164,21.75,22.020000457763672,14.163527488708496,424470.0,AMBUJACEM.NS
2003-01-10,22.1299991607666,22.329999923706055,21.469999313354492,22.049999237060547,14.18282413482666,414427.0,AMBUJACEM.NS
2003-01-13,22.1299991607666,22.200000762939453,21.489999771118164,21.8799991607666,14.073474884033203,607020.0,AMBUJACEM.NS
2003-01-14,21.729999542236328,22.93000030517578,21.729999542236328,22.649999618530273,14.568746566772461,1949992.0,AMBUJACEM.NS
2003-01-15,22.799999237060547,22.93000030517578,22.420000076293945,22.5,14.472267150878906,1081155.0,AMBUJACEM.NS
2003-01-16,22.93000030517578,22.93000030517578,22.420000076293945,22.530000686645508,14.49156379699707,198952.0,AMBUJACEM.NS
2003-01-17,22.530000686645508,22.6299991607666,22.010000228881836,22.1299991607666,14.234281539916992,233932.0,AMBUJACEM.NS
2003-01-20,22.3700008392334,22.3700008392334,21.8700008392334,21.889999389648438,14.079904556274414,339030.0,AMBUJACEM.NS
2003-01-21,22.649999618530273,22.649999618530273,21.549999237060547,21.84000015258789,14.047746658325195,593055.0,AMBUJACEM.NS
2003-01-22,21.649999618530273,21.899999618530273,21.530000686645508,21.579999923706055,13.880513191223145,704310.0,AMBUJACEM.NS
2003-01-23,22.0,22.0,21.610000610351562,21.760000228881836,13.996294975280762,502162.0,AMBUJACEM.NS
2003-01-24,22.59000015258789,22.59000015258789,20.93000030517578,20.989999771118164,13.501016616821289,704632.0,AMBUJACEM.NS
2003-01-27,21.389999389648438,21.65999984741211,20.760000228881836,21.030000686645508,13.526747703552246,1777740.0,AMBUJACEM.NS
2003-01-28,22.450000762939453,22.799999237060547,20.670000076293945,21.329999923706055,13.719709396362305,1130715.0,AMBUJACEM.NS
2003-01-29,21.1299991607666,21.729999542236328,21.079999923706055,21.149999618530273,13.603931427001953,345795.0,AMBUJACEM.NS
2003-01-30,21.850000381469727,21.850000381469727,20.950000762939453,21.06999969482422,13.552472114562988,801562.0,AMBUJACEM.NS
2003-01-31,21.600000381469727,21.719999313354492,20.809999465942383,21.049999237060547,13.539609909057617,234412.0,AMBUJACEM.NS
2003-02-03,21.1299991607666,21.530000686645508,21.06999969482422,21.450000762939453,13.796897888183594,185925.0,AMBUJACEM.NS
2003-02-04,21.600000381469727,21.600000381469727,21.309999465942383,21.360000610351562,13.739006042480469,315217.0,AMBUJACEM.NS
2003-02-05,21.06999969482422,22.200000762939453,21.06999969482422,21.309999465942383,13.7068452835083,201180.0,AMBUJACEM.NS
2003-02-06,21.8700008392334,21.8700008392334,21.06999969482422,21.329999923706055,13.719709396362305,455085.0,AMBUJACEM.NS
2003-02-07,21.860000610351562,21.860000610351562,21.06999969482422,21.510000228881836,13.83548641204834,596017.0,AMBUJACEM.NS
2003-02-10,22.010000228881836,22.010000228881836,21.3700008392334,21.530000686645508,13.84835147857666,372300.0,AMBUJACEM.NS
2003-02-11,22.0,22.0,21.100000381469727,21.229999542236328,13.655389785766602,603225.0,AMBUJACEM.NS
2003-02-12,21.110000610351562,21.59000015258789,21.06999969482422,21.25,13.668252944946289,730800.0,AMBUJACEM.NS
2003-02-13,21.25,21.25,21.25,21.25,13.668252944946289,0.0,AMBUJACEM.NS
2003-02-14,21.329999923706055,21.329999923706055,20.290000915527344,20.469999313354492,13.166550636291504,2047912.0,AMBUJACEM.NS
2003-02-17,20.670000076293945,20.790000915527344,20.389999389648438,20.549999237060547,13.218003273010254,2252272.0,AMBUJACEM.NS
2003-02-18,20.670000076293945,21.25,20.600000381469727,20.90999984741211,13.44956111907959,2007472.0,AMBUJACEM.NS
2003-02-19,20.68000030517578,21.0,20.649999618530273,20.719999313354492,13.327354431152344,555915.0,AMBUJACEM.NS
2003-02-20,20.799999237060547,20.799999237060547,20.3700008392334,20.530000686645508,13.205140113830566,733560.0,AMBUJACEM.NS
2003-02-21,20.770000457763672,20.770000457763672,20.469999313354492,20.639999389648438,13.275895118713379,627097.0,AMBUJACEM.NS
2003-02-24,20.670000076293945,21.25,20.670000076293945,21.06999969482422,13.552472114562988,2312910.0,AMBUJACEM.NS
2003-02-25,21.329999923706055,21.329999923706055,20.959999084472656,21.06999969482422,13.552472114562988,3640665.0,AMBUJACEM.NS
2003-02-26,21.290000915527344,21.729999542236328,21.170000076293945,21.649999618530273,13.925539016723633,4281765.0,AMBUJACEM.NS
2003-02-27,21.600000381469727,21.770000457763672,21.5,21.600000381469727,13.893375396728516,1583505.0,AMBUJACEM.NS
2003-02-28,21.200000762939453,22.190000534057617,21.200000762939453,21.559999465942383,13.867650032043457,1594432.0,AMBUJACEM.NS
2003-03-03,21.719999313354492,21.93000030517578,21.530000686645508,21.59000015258789,13.886943817138672,615540.0,AMBUJACEM.NS
2003-03-04,21.489999771118164,21.600000381469727,21.350000381469727,21.56999969482422,13.874079704284668,345262.0,AMBUJACEM.NS
2003-03-05,21.329999923706055,21.59000015258789,21.209999084472656,21.469999313354492,13.809762954711914,1537065.0,AMBUJACEM.NS
2003-03-06,20.670000076293945,21.59000015258789,20.670000076293945,21.190000534057617,13.629660606384277,521460.0,AMBUJACEM.NS
2003-03-07,21.06999969482422,21.06999969482422,20.3700008392334,20.40999984741211,13.127954483032227,1203000.0,AMBUJACEM.NS
2003-03-10,20.520000457763672,21.059999465942383,19.81999969482422,19.989999771118164,12.857803344726562,1240177.0,AMBUJACEM.NS
2003-03-11,20.510000228881836,20.510000228881836,19.739999771118164,19.950000762939453,12.83207893371582,671347.0,AMBUJACEM.NS
2003-03-12,20.1299991607666,20.239999771118164,19.829999923706055,20.09000015258789,12.922127723693848,1326772.0,AMBUJACEM.NS
2003-03-13,20.0,20.3700008392334,20.0,20.25,13.025046348571777,1680210.0,AMBUJACEM.NS
2003-03-14,20.25,20.25,20.25,20.25,13.025046348571777,0.0,AMBUJACEM.NS
2003-03-17,20.1299991607666,20.600000381469727,19.649999618530273,20.309999465942383,13.063633918762207,1473907.0,AMBUJACEM.NS
2003-03-18,20.309999465942383,20.309999465942383,20.309999465942383,20.309999465942383,13.063633918762207,0.0,AMBUJACEM.NS
2003-03-19,21.06999969482422,21.06999969482422,20.489999771118164,20.700000762939453,13.314486503601074,1934962.0,AMBUJACEM.NS
2003-03-20,20.139999389648438,21.100000381469727,20.139999389648438,20.719999313354492,13.327354431152344,1735590.0,AMBUJACEM.NS
2003-03-21,20.549999237060547,20.799999237060547,20.549999237060547,20.729999542236328,13.333785057067871,1470240.0,AMBUJACEM.NS
2003-03-24,20.8700008392334,21.06999969482422,20.700000762939453,20.93000030517578,13.462422370910645,684817.0,AMBUJACEM.NS
2003-03-25,20.670000076293945,21.09000015258789,20.670000076293945,21.030000686645508,13.526747703552246,1421602.0,AMBUJACEM.NS
2003-03-26,21.06999969482422,21.200000762939453,20.670000076293945,21.09000015258789,13.565340042114258,2495827.0,AMBUJACEM.NS
2003-03-27,21.09000015258789,21.3799991607666,21.079999923706055,21.239999771118164,13.661818504333496,1626360.0,AMBUJACEM.NS
2003-03-28,20.93000030517578,21.399999618530273,20.93000030517578,21.329999923706055,13.719709396362305,821295.0,AMBUJACEM.NS
2003-03-31,21.209999084472656,21.389999389648438,21.170000076293945,21.329999923706055,13.719709396362305,541590.0,AMBUJACEM.NS
2003-04-01,21.329999923706055,21.799999237060547,21.079999923706055,21.700000762939453,13.957698822021484,1528822.0,AMBUJACEM.NS
2003-04-02,21.799999237060547,22.040000915527344,21.739999771118164,21.8799991607666,14.073474884033203,792112.0,AMBUJACEM.NS
2003-04-03,21.93000030517578,22.059999465942383,21.8700008392334,21.989999771118164,14.144232749938965,473032.0,AMBUJACEM.NS
2003-04-04,21.729999542236328,22.1299991607666,21.690000534057617,21.989999771118164,14.144232749938965,706035.0,AMBUJACEM.NS
2003-04-07,21.90999984741211,22.31999969482422,21.90999984741211,22.280000686645508,14.33076000213623,393877.0,AMBUJACEM.NS
2003-04-08,22.010000228881836,22.530000686645508,21.950000762939453,22.030000686645508,14.169958114624023,512610.0,AMBUJACEM.NS
2003-04-09,22.139999389648438,22.139999389648438,21.729999542236328,22.030000686645508,14.169958114624023,372592.0,AMBUJACEM.NS
2003-04-10,22.530000686645508,22.530000686645508,21.90999984741211,22.030000686645508,14.169958114624023,1034775.0,AMBUJACEM.NS
2003-04-11,22.469999313354492,22.93000030517578,21.600000381469727,21.709999084472656,13.964127540588379,881160.0,AMBUJACEM.NS
2003-04-14,,,,,,,AMBUJACEM.NS
2003-04-15,22.1299991607666,22.450000762939453,21.889999389648438,22.079999923706055,14.202116012573242,416520.0,AMBUJACEM.NS
2003-04-16,22.0,22.309999465942383,22.0,22.059999465942383,14.189257621765137,324285.0,AMBUJACEM.NS
2003-04-17,22.469999313354492,22.469999313354492,21.8700008392334,22.030000686645508,14.169958114624023,240555.0,AMBUJACEM.NS
2003-04-18,22.030000686645508,22.030000686645508,22.030000686645508,22.030000686645508,14.169958114624023,0.0,AMBUJACEM.NS
2003-04-21,22.1299991607666,22.1299991607666,21.8700008392334,21.93000030517578,14.105640411376953,947137.0,AMBUJACEM.NS
2003-04-22,22.270000457763672,22.270000457763672,21.610000610351562,22.010000228881836,14.157095909118652,1189882.0,AMBUJACEM.NS
2003-04-23,22.049999237060547,22.190000534057617,21.969999313354492,22.040000915527344,14.176390647888184,1684755.0,AMBUJACEM.NS
2003-04-24,22.0,22.3700008392334,21.770000457763672,22.149999618530273,14.247143745422363,2036055.0,AMBUJACEM.NS
2003-04-25,22.200000762939453,22.200000762939453,21.8700008392334,21.90999984741211,14.092771530151367,238110.0,AMBUJACEM.NS
2003-04-28,22.469999313354492,22.469999313354492,21.5,21.989999771118164,14.144232749938965,617632.0,AMBUJACEM.NS
2003-04-29,22.0,22.040000915527344,21.68000030517578,21.989999771118164,14.144232749938965,828465.0,AMBUJACEM.NS
2003-04-30,22.0,22.329999923706055,21.889999389648438,22.209999084472656,14.285736083984375,1787047.0,AMBUJACEM.NS
2003-05-01,22.209999084472656,22.209999084472656,22.209999084472656,22.209999084472656,14.285736083984375,0.0,AMBUJACEM.NS
2003-05-02,22.1299991607666,22.200000762939453,22.030000686645508,22.1299991607666,14.234281539916992,1110705.0,AMBUJACEM.NS
2003-05-05,22.31999969482422,22.31999969482422,22.079999923706055,22.149999618530273,14.247143745422363,1745175.0,AMBUJACEM.NS
2003-05-06,20.93000030517578,23.010000228881836,20.93000030517578,22.90999984741211,14.735983848571777,4204155.0,AMBUJACEM.NS
2003-05-07,22.649999618530273,22.8700008392334,22.309999465942383,22.770000457763672,14.906194686889648,5231737.0,AMBUJACEM.NS
2003-05-08,22.799999237060547,23.5,22.739999771118164,23.15999984741211,15.1614990234375,6081292.0,AMBUJACEM.NS
2003-05-09,22.93000030517578,23.06999969482422,22.6299991607666,22.719999313354492,14.873459815979004,1351875.0,AMBUJACEM.NS
2003-05-12,22.799999237060547,23.010000228881836,22.579999923706055,22.639999389648438,14.821089744567871,907252.0,AMBUJACEM.NS
2003-05-13,22.670000076293945,23.200000762939453,22.670000076293945,22.90999984741211,14.997846603393555,1994302.0,AMBUJACEM.NS
2003-05-14,22.600000381469727,22.989999771118164,22.600000381469727,22.670000076293945,14.840727806091309,1185030.0,AMBUJACEM.NS
2003-05-15,22.90999984741211,22.950000762939453,22.600000381469727,22.8799991607666,14.978206634521484,1659577.0,AMBUJACEM.NS
2003-05-16,23.0,23.59000015258789,22.8700008392334,23.459999084472656,15.357892990112305,3327397.0,AMBUJACEM.NS
2003-05-19,23.469999313354492,23.969999313354492,23.06999969482422,23.729999542236328,15.534643173217773,6240112.0,AMBUJACEM.NS
2003-05-20,23.40999984741211,24.030000686645508,23.399999618530273,23.700000762939453,15.515008926391602,4468627.0,AMBUJACEM.NS
2003-05-21,23.729999542236328,23.90999984741211,23.600000381469727,23.670000076293945,15.49537181854248,3215677.0,AMBUJACEM.NS
2003-05-22,23.350000381469727,23.850000381469727,23.350000381469727,23.540000915527344,15.410265922546387,3530505.0,AMBUJACEM.NS
2003-05-23,24.0,24.0,23.079999923706055,23.239999771118164,15.213875770568848,2035575.0,AMBUJACEM.NS
2003-05-26,23.309999465942383,23.709999084472656,23.200000762939453,23.56999969482422,15.42990493774414,2098005.0,AMBUJACEM.NS
2003-05-27,23.489999771118164,23.729999542236328,23.209999084472656,23.34000015258789,15.279336929321289,1190370.0,AMBUJACEM.NS
2003-05-28,23.3700008392334,23.3700008392334,22.950000762939453,23.06999969482422,15.102587699890137,711990.0,AMBUJACEM.NS
2003-05-29,23.200000762939453,23.3799991607666,22.829999923706055,23.040000915527344,15.082945823669434,2606280.0,AMBUJACEM.NS
2003-05-30,23.06999969482422,24.100000381469727,23.06999969482422,23.6200008392334,15.462637901306152,4145805.0,AMBUJACEM.NS
2003-06-02,24.670000076293945,24.709999084472656,23.920000076293945,24.510000228881836,16.04526710510254,6160927.0,AMBUJACEM.NS
2003-06-03,24.56999969482422,24.729999542236328,24.200000762939453,24.43000030517578,15.99289608001709,2144325.0,AMBUJACEM.NS
2003-06-04,24.530000686645508,24.6299991607666,24.280000686645508,24.3700008392334,15.953621864318848,749407.0,AMBUJACEM.NS
2003-06-05,24.1299991607666,24.530000686645508,24.1299991607666,24.290000915527344,15.901254653930664,2057070.0,AMBUJACEM.NS
2003-06-06,24.270000457763672,24.8700008392334,24.270000457763672,24.65999984741211,16.14346694946289,2682922.0,AMBUJACEM.NS
2003-06-09,24.770000457763672,24.940000534057617,24.610000610351562,24.770000457763672,16.215476989746094,4462905.0,AMBUJACEM.NS
2003-06-10,24.790000915527344,25.149999618530273,24.670000076293945,24.709999084472656,16.176189422607422,3292537.0,AMBUJACEM.NS
2003-06-11,24.799999237060547,24.93000030517578,24.350000381469727,24.469999313354492,16.019081115722656,2655795.0,AMBUJACEM.NS
2003-06-12,24.56999969482422,24.729999542236328,24.170000076293945,24.34000015258789,15.933980941772461,4775002.0,AMBUJACEM.NS
2003-06-13,24.649999618530273,24.93000030517578,24.399999618530273,24.799999237060547,16.2351131439209,2258707.0,AMBUJACEM.NS
2003-06-16,24.799999237060547,25.09000015258789,24.649999618530273,24.81999969482422,16.248207092285156,2550412.0,AMBUJACEM.NS
2003-06-17,24.68000030517578,26.040000915527344,24.670000076293945,25.829999923706055,16.909395217895508,5703727.0,AMBUJACEM.NS
2003-06-18,26.670000076293945,26.68000030517578,25.799999237060547,25.940000534057617,16.981407165527344,4521727.0,AMBUJACEM.NS
2003-06-19,26.270000457763672,26.530000686645508,25.530000686645508,25.8799991607666,16.942127227783203,1924530.0,AMBUJACEM.NS
2003-06-20,25.68000030517578,26.1299991607666,25.469999313354492,25.709999084472656,16.83083724975586,985147.0,AMBUJACEM.NS
2003-06-23,25.8700008392334,26.270000457763672,25.670000076293945,25.809999465942383,16.89630126953125,2353875.0,AMBUJACEM.NS
2003-06-24,25.729999542236328,25.850000381469727,25.1299991607666,25.270000457763672,16.542797088623047,2876182.0,AMBUJACEM.NS
2003-06-25,25.649999618530273,25.850000381469727,25.270000457763672,25.65999984741211,16.7981014251709,2519475.0,AMBUJACEM.NS
2003-06-26,25.989999771118164,26.309999465942383,25.8700008392334,26.170000076293945,17.131973266601562,4990590.0,AMBUJACEM.NS
2003-06-27,26.399999618530273,27.510000228881836,26.270000457763672,27.329999923706055,17.891359329223633,7951215.0,AMBUJACEM.NS
2003-06-30,27.329999923706055,28.030000686645508,27.200000762939453,27.399999618530273,17.937183380126953,4477627.0,AMBUJACEM.NS
2003-07-01,27.530000686645508,27.530000686645508,25.489999771118164,26.6200008392334,17.42656135559082,1960830.0,AMBUJACEM.NS
2003-07-02,26.809999465942383,27.450000762939453,26.68000030517578,26.940000534057617,17.63605308532715,2473530.0,AMBUJACEM.NS
2003-07-03,26.93000030517578,27.600000381469727,26.93000030517578,27.190000534057617,17.799713134765625,2232060.0,AMBUJACEM.NS
2003-07-04,27.06999969482422,27.850000381469727,26.690000534057617,27.1200008392334,17.753887176513672,3146617.0,AMBUJACEM.NS
2003-07-07,27.06999969482422,27.43000030517578,26.8700008392334,26.989999771118164,17.66877555847168,2782972.0,AMBUJACEM.NS
2003-07-08,27.989999771118164,27.989999771118164,26.8700008392334,27.040000915527344,17.701513290405273,2833650.0,AMBUJACEM.NS
2003-07-09,27.190000534057617,27.190000534057617,26.06999969482422,26.290000915527344,17.21053123474121,1205640.0,AMBUJACEM.NS
2003-07-10,27.06999969482422,27.06999969482422,26.06999969482422,26.610000610351562,17.420015335083008,1529265.0,AMBUJACEM.NS
2003-07-11,26.670000076293945,26.969999313354492,26.06999969482422,26.219999313354492,17.164703369140625,1588755.0,AMBUJACEM.NS
2003-07-14,26.649999618530273,26.93000030517578,26.399999618530273,26.729999542236328,17.49857521057129,1714965.0,AMBUJACEM.NS
2003-07-15,27.329999923706055,27.399999618530273,26.329999923706055,26.790000915527344,17.537851333618164,3386362.0,AMBUJACEM.NS
2003-07-16,27.25,27.8799991607666,26.799999237060547,27.469999313354492,17.98300552368164,3397777.0,AMBUJACEM.NS
2003-07-17,27.799999237060547,28.510000228881836,27.469999313354492,27.59000015258789,18.061567306518555,6150832.0,AMBUJACEM.NS
2003-07-18,27.329999923706055,28.200000762939453,27.100000381469727,27.780000686645508,18.18594741821289,3896422.0,AMBUJACEM.NS
2003-07-21,28.0,28.850000381469727,27.8700008392334,28.1299991607666,18.415071487426758,6768472.0,AMBUJACEM.NS
2003-07-22,26.829999923706055,28.270000457763672,26.829999923706055,27.239999771118164,17.832443237304688,2740642.0,AMBUJACEM.NS
2003-07-23,27.450000762939453,27.6299991607666,26.729999542236328,27.170000076293945,17.78662109375,1872870.0,AMBUJACEM.NS
2003-07-24,27.270000457763672,27.530000686645508,27.06999969482422,27.389999389648438,17.930639266967773,2535630.0,AMBUJACEM.NS
2003-07-25,27.989999771118164,28.700000762939453,27.469999313354492,28.489999771118164,18.650741577148438,5783430.0,AMBUJACEM.NS
2003-07-28,28.649999618530273,29.06999969482422,28.1299991607666,28.25,18.49363136291504,3450712.0,AMBUJACEM.NS
2003-07-29,28.09000015258789,29.190000534057617,27.770000457763672,28.850000381469727,18.88641357421875,4804627.0,AMBUJACEM.NS
2003-07-30,29.329999923706055,30.079999923706055,29.1299991607666,29.959999084472656,19.613061904907227,8142292.0,AMBUJACEM.NS
2003-07-31,30.079999923706055,30.920000076293945,29.8700008392334,30.270000457763672,19.81600570678711,9959167.0,AMBUJACEM.NS
2003-08-01,30.8700008392334,31.440000534057617,30.40999984741211,31.030000686645508,20.31352996826172,6682192.0,AMBUJACEM.NS
2003-08-04,30.670000076293945,31.920000076293945,30.670000076293945,31.350000381469727,20.523019790649414,4866675.0,AMBUJACEM.NS
2003-08-05,31.540000915527344,31.719999313354492,29.43000030517578,29.81999969482422,19.52141761779785,8040817.0,AMBUJACEM.NS
2003-08-06,29.229999542236328,30.389999389648438,29.229999542236328,29.969999313354492,19.61961555480957,8813850.0,AMBUJACEM.NS
2003-08-07,30.1299991607666,30.639999389648438,29.8700008392334,30.43000030517578,19.920743942260742,8651310.0,AMBUJACEM.NS
2003-08-08,30.799999237060547,31.190000534057617,30.170000076293945,30.8700008392334,20.208791732788086,4807867.0,AMBUJACEM.NS
2003-08-11,31.049999237060547,31.270000457763672,30.469999313354492,30.829999923706055,20.182605743408203,4235827.0,AMBUJACEM.NS
2003-08-12,31.06999969482422,31.1299991607666,30.280000686645508,30.56999969482422,20.01239585876465,2787750.0,AMBUJACEM.NS
2003-08-13,30.299999237060547,31.450000762939453,30.299999237060547,31.3799991607666,20.54266357421875,3404002.0,AMBUJACEM.NS
2003-08-14,31.719999313354492,31.729999542236328,30.950000762939453,31.170000076293945,20.405183792114258,4860855.0,AMBUJACEM.NS
2003-08-15,31.170000076293945,31.170000076293945,31.170000076293945,31.170000076293945,20.405183792114258,0.0,AMBUJACEM.NS
2003-08-18,30.93000030517578,31.049999237060547,30.219999313354492,30.469999313354492,20.29417610168457,5479785.0,AMBUJACEM.NS
2003-08-19,31.0,31.459999084472656,30.399999618530273,30.829999923706055,20.533946990966797,8036310.0,AMBUJACEM.NS
2003-08-20,31.270000457763672,31.520000457763672,30.610000610351562,30.75,20.48066520690918,6834847.0,AMBUJACEM.NS
2003-08-21,31.190000534057617,31.270000457763672,30.670000076293945,31.079999923706055,20.700462341308594,5094180.0,AMBUJACEM.NS
2003-08-22,31.329999923706055,31.729999542236328,30.809999465942383,31.06999969482422,20.693801879882812,5554965.0,AMBUJACEM.NS
2003-08-25,31.450000762939453,31.450000762939453,28.799999237060547,29.600000381469727,19.714723587036133,4830600.0,AMBUJACEM.NS
2003-08-26,30.280000686645508,30.489999771118164,29.600000381469727,30.34000015258789,20.207592010498047,3813210.0,AMBUJACEM.NS
2003-08-27,30.670000076293945,31.670000076293945,30.40999984741211,31.459999084472656,20.953554153442383,8239125.0,AMBUJACEM.NS
2003-08-28,31.469999313354492,31.469999313354492,29.809999465942383,30.059999465942383,20.021100997924805,13219102.0,AMBUJACEM.NS
2003-08-29,30.59000015258789,31.34000015258789,30.149999618530273,30.799999237060547,20.513965606689453,6918472.0,AMBUJACEM.NS
2003-09-01,31.329999923706055,32.52000045776367,30.709999084472656,32.06999969482422,21.359832763671875,20359657.0,AMBUJACEM.NS
2003-09-02,32.31999969482422,32.650001525878906,31.399999618530273,31.610000610351562,21.053462982177734,12002670.0,AMBUJACEM.NS
2003-09-03,31.860000610351562,32.0,30.610000610351562,30.75,20.48066520690918,6383707.0,AMBUJACEM.NS
2003-09-04,30.729999542236328,31.8700008392334,29.920000076293945,30.149999618530273,20.0810489654541,6920497.0,AMBUJACEM.NS
2003-09-05,30.309999465942383,31.270000457763672,30.219999313354492,30.93000030517578,20.600553512573242,4002825.0,AMBUJACEM.NS
2003-09-08,30.8700008392334,32.04999923706055,30.8700008392334,31.889999389648438,21.239946365356445,6359437.0,AMBUJACEM.NS
2003-09-09,32.0,32.209999084472656,30.770000457763672,31.010000228881836,20.65383529663086,4607587.0,AMBUJACEM.NS
2003-09-10,30.989999771118164,31.350000381469727,30.799999237060547,31.200000762939453,20.780384063720703,3773722.0,AMBUJACEM.NS
2003-09-11,31.329999923706055,31.389999389648438,30.670000076293945,30.780000686645508,20.500646591186523,4061745.0,AMBUJACEM.NS
2003-09-12,31.06999969482422,31.190000534057617,30.200000762939453,30.360000610351562,20.220911026000977,3813810.0,AMBUJACEM.NS
2003-09-15,29.93000030517578,30.329999923706055,28.6299991607666,28.829999923706055,19.201873779296875,3640770.0,AMBUJACEM.NS
2003-09-16,28.270000457763672,28.889999389648438,27.3700008392334,28.75,19.148595809936523,5911102.0,AMBUJACEM.NS
2003-09-17,29.1200008392334,29.290000915527344,28.329999923706055,28.729999542236328,19.135263442993164,5120280.0,AMBUJACEM.NS
2003-09-18,28.530000686645508,28.670000076293945,26.790000915527344,27.479999542236328,18.302722930908203,8792557.0,AMBUJACEM.NS
2003-09-19,27.969999313354492,28.270000457763672,26.530000686645508,27.40999984741211,18.256099700927734,6919590.0,AMBUJACEM.NS
2003-09-22,27.8799991607666,28.790000915527344,27.600000381469727,28.040000915527344,18.67570686340332,5144707.0,AMBUJACEM.NS
2003-09-23,28.06999969482422,29.290000915527344,27.899999618530273,29.020000457763672,19.328420639038086,7925917.0,AMBUJACEM.NS
2003-09-24,28.799999237060547,29.850000381469727,28.799999237060547,29.6200008392334,19.728044509887695,6575827.0,AMBUJACEM.NS
2003-09-25,29.59000015258789,29.59000015258789,28.75,28.969999313354492,19.295120239257812,5576797.0,AMBUJACEM.NS
2003-09-26,28.030000686645508,30.239999771118164,28.030000686645508,30.139999389648438,20.07438850402832,3097357.0,AMBUJACEM.NS
2003-09-29,30.270000457763672,31.049999237060547,30.1299991607666,30.790000915527344,20.507307052612305,4708230.0,AMBUJACEM.NS
2003-09-30,31.329999923706055,31.3799991607666,30.43000030517578,30.6299991607666,20.40074348449707,2481660.0,AMBUJACEM.NS
2003-10-01,30.799999237060547,30.93000030517578,30.270000457763672,30.56999969482422,20.360776901245117,3058335.0,AMBUJACEM.NS
2003-10-02,30.56999969482422,30.56999969482422,30.56999969482422,30.56999969482422,20.360776901245117,0.0,AMBUJACEM.NS
2003-10-03,30.829999923706055,31.200000762939453,30.530000686645508,31.049999237060547,20.680479049682617,2795887.0,AMBUJACEM.NS
2003-10-06,31.06999969482422,31.709999084472656,31.06999969482422,31.190000534057617,20.773717880249023,3247057.0,AMBUJACEM.NS
2003-10-07,31.469999313354492,32.63999938964844,30.809999465942383,32.209999084472656,21.453083038330078,7717380.0,AMBUJACEM.NS
2003-10-08,32.650001525878906,33.06999969482422,31.8799991607666,32.349998474121094,21.54632568359375,6237135.0,AMBUJACEM.NS
2003-10-09,32.27000045776367,33.43000030517578,31.600000381469727,32.849998474121094,21.879344940185547,7824322.0,AMBUJACEM.NS
2003-10-10,33.33000183105469,33.33000183105469,31.950000762939453,32.209999084472656,21.453083038330078,4837980.0,AMBUJACEM.NS
2003-10-13,33.04999923706055,33.130001068115234,31.709999084472656,32.709999084472656,21.786102294921875,7510725.0,AMBUJACEM.NS
2003-10-14,33.060001373291016,33.119998931884766,30.959999084472656,31.290000915527344,20.8403263092041,5786392.0,AMBUJACEM.NS
2003-10-15,31.329999923706055,31.559999465942383,30.1299991607666,30.799999237060547,20.513965606689453,4909672.0,AMBUJACEM.NS
2003-10-16,31.520000457763672,32.25,31.270000457763672,31.6200008392334,21.060117721557617,6719760.0,AMBUJACEM.NS
2003-10-17,31.8700008392334,32.0,30.700000762939453,30.889999389648438,20.573911666870117,18404422.0,AMBUJACEM.NS
2003-10-20,31.790000915527344,31.790000915527344,30.020000457763672,30.350000381469727,20.21425437927246,8846100.0,AMBUJACEM.NS
2003-10-21,30.520000457763672,31.309999465942383,29.75,30.020000457763672,19.994462966918945,7377982.0,AMBUJACEM.NS
2003-10-22,30.360000610351562,30.459999084472656,29.399999618530273,29.739999771118164,19.80796241760254,4361535.0,AMBUJACEM.NS
2003-10-23,29.93000030517578,31.1299991607666,29.600000381469727,30.149999618530273,20.0810489654541,4876237.0,AMBUJACEM.NS
2003-10-24,30.0,30.969999313354492,29.959999084472656,30.799999237060547,20.513965606689453,2679622.0,AMBUJACEM.NS
2003-10-27,31.06999969482422,31.729999542236328,30.6200008392334,30.770000457763672,20.49398422241211,4200412.0,AMBUJACEM.NS
2003-10-28,30.65999984741211,30.93000030517578,30.149999618530273,30.3799991607666,20.234235763549805,2151082.0,AMBUJACEM.NS
2003-10-29,30.610000610351562,31.610000610351562,30.530000686645508,31.329999923706055,20.866971969604492,4232827.0,AMBUJACEM.NS
2003-10-30,31.399999618530273,32.79999923706055,31.31999969482422,32.529998779296875,21.666213989257812,16401697.0,AMBUJACEM.NS
2003-10-31,32.66999816894531,34.0,32.529998779296875,33.61000061035156,22.385536193847656,8129265.0,AMBUJACEM.NS
2003-11-03,34.189998626708984,35.36000061035156,34.09000015258789,35.150001525878906,23.411230087280273,11328780.0,AMBUJACEM.NS
2003-11-04,35.56999969482422,38.72999954223633,34.66999816894531,37.810001373291016,25.182897567749023,28324050.0,AMBUJACEM.NS
2003-11-05,37.72999954223633,39.33000183105469,37.02000045776367,38.40999984741211,25.5825138092041,20380777.0,AMBUJACEM.NS
2003-11-06,38.93000030517578,39.279998779296875,38.0,38.16999816894531,25.422670364379883,13866450.0,AMBUJACEM.NS
2003-11-07,38.650001525878906,38.66999816894531,36.849998474121094,37.16999816894531,24.756629943847656,7228830.0,AMBUJACEM.NS
2003-11-10,36.93000030517578,37.58000183105469,36.04999923706055,37.22999954223633,24.79659080505371,3290137.0,AMBUJACEM.NS
2003-11-11,37.400001525878906,38.650001525878906,37.22999954223633,38.209999084472656,25.449308395385742,8362770.0,AMBUJACEM.NS
2003-11-12,38.66999816894531,39.04999923706055,37.25,37.59000015258789,25.036365509033203,11558317.0,AMBUJACEM.NS
2003-11-13,37.33000183105469,37.90999984741211,35.380001068115234,35.650001525878906,23.7442569732666,10433565.0,AMBUJACEM.NS
2003-11-14,35.72999954223633,36.310001373291016,34.79999923706055,35.029998779296875,23.33130645751953,9722745.0,AMBUJACEM.NS
2003-11-17,36.66999816894531,36.66999816894531,35.66999816894531,36.380001068115234,24.230457305908203,5055907.0,AMBUJACEM.NS
2003-11-18,36.400001525878906,36.9900016784668,35.20000076293945,35.58000183105469,23.697629928588867,6391582.0,AMBUJACEM.NS
2003-11-19,35.61000061035156,36.33000183105469,34.75,35.88999938964844,23.904102325439453,5788905.0,AMBUJACEM.NS
2003-11-20,36.27000045776367,37.599998474121094,36.130001068115234,36.45000076293945,24.277084350585938,14505975.0,AMBUJACEM.NS
2003-11-21,36.45000076293945,36.66999816894531,35.47999954223633,36.45000076293945,24.277084350585938,4975875.0,AMBUJACEM.NS
2003-11-24,36.470001220703125,36.470001220703125,35.400001525878906,35.61000061035156,23.71761131286621,4310235.0,AMBUJACEM.NS
2003-11-25,35.959999084472656,35.959999084472656,35.150001525878906,35.47999954223633,23.631023406982422,5270715.0,AMBUJACEM.NS
2003-11-26,35.47999954223633,35.47999954223633,35.47999954223633,35.47999954223633,23.631023406982422,0.0,AMBUJACEM.NS
2003-11-27,35.33000183105469,36.66999816894531,35.33000183105469,36.2400016784668,24.13721466064453,11155170.0,AMBUJACEM.NS
2003-11-28,36.529998779296875,37.599998474121094,36.400001525878906,37.369998931884766,24.889829635620117,8371995.0,AMBUJACEM.NS
2003-12-01,37.869998931884766,39.06999969482422,37.79999923706055,38.88999938964844,25.9022159576416,11009400.0,AMBUJACEM.NS
2003-12-02,39.04999923706055,39.869998931884766,38.0,39.04999923706055,26.008785247802734,12352545.0,AMBUJACEM.NS
2003-12-03,39.22999954223633,39.650001525878906,38.47999954223633,38.779998779296875,25.828948974609375,6869092.0,AMBUJACEM.NS
2003-12-04,38.810001373291016,39.599998474121094,38.40999984741211,38.970001220703125,25.95549964904785,7501927.0,AMBUJACEM.NS
2003-12-05,39.20000076293945,40.27000045776367,37.27000045776367,37.619998931884766,25.05634307861328,16485202.0,AMBUJACEM.NS
2003-12-08,38.0,38.0,36.279998779296875,36.86000061035156,24.550161361694336,11140425.0,AMBUJACEM.NS
2003-12-09,37.72999954223633,40.0,37.279998779296875,38.189998626708984,25.435993194580078,6552652.0,AMBUJACEM.NS
2003-12-10,38.66999816894531,39.33000183105469,38.0,38.58000183105469,25.69574737548828,10905105.0,AMBUJACEM.NS
2003-12-11,38.93000030517578,40.0,38.13999938964844,38.970001220703125,25.95549964904785,6303210.0,AMBUJACEM.NS
2003-12-12,39.20000076293945,40.720001220703125,38.09000015258789,40.5099983215332,26.981199264526367,17616532.0,AMBUJACEM.NS
2003-12-15,41.06999969482422,41.189998626708984,39.75,39.91999816894531,26.588241577148438,11000145.0,AMBUJACEM.NS
2003-12-16,40.31999969482422,40.650001525878906,39.209999084472656,39.65999984741211,26.415063858032227,10088760.0,AMBUJACEM.NS
2003-12-17,39.790000915527344,39.869998931884766,39.220001220703125,39.349998474121094,26.208587646484375,6041437.0,AMBUJACEM.NS
2003-12-18,39.720001220703125,40.369998931884766,39.25,39.90999984741211,26.58156967163086,6060885.0,AMBUJACEM.NS
2003-12-19,40.650001525878906,40.93000030517578,40.029998779296875,40.31999969482422,26.854652404785156,8545717.0,AMBUJACEM.NS
2003-12-22,40.65999984741211,40.66999816894531,39.54999923706055,39.709999084472656,26.448368072509766,6785782.0,AMBUJACEM.NS
2003-12-23,40.06999969482422,40.66999816894531,39.7400016784668,39.869998931884766,26.554931640625,6786367.0,AMBUJACEM.NS
2003-12-24,40.20000076293945,40.2400016784668,39.209999084472656,39.38999938964844,26.235227584838867,12453690.0,AMBUJACEM.NS
2003-12-25,39.38999938964844,39.38999938964844,39.38999938964844,39.38999938964844,26.235227584838867,0.0,AMBUJACEM.NS
2003-12-26,39.810001373291016,41.459999084472656,39.68000030517578,41.33000183105469,27.527353286743164,11443972.0,AMBUJACEM.NS
2003-12-29,41.599998474121094,41.97999954223633,41.310001373291016,41.630001068115234,27.727155685424805,10652850.0,AMBUJACEM.NS
2003-12-30,41.91999816894531,41.91999816894531,39.75,40.290000915527344,26.834671020507812,7758240.0,AMBUJACEM.NS
2003-12-31,40.38999938964844,41.29999923706055,40.0,40.470001220703125,26.95454978942871,8962320.0,AMBUJACEM.NS
2004-01-01,41.33000183105469,41.849998474121094,40.79999923706055,41.599998474121094,27.70716667175293,7817550.0,AMBUJACEM.NS
2004-01-02,41.9900016784668,42.290000915527344,41.470001220703125,41.9900016784668,27.966934204101562,8639235.0,AMBUJACEM.NS
2004-01-05,42.529998779296875,42.83000183105469,40.599998474121094,42.40999984741211,28.24666976928711,10528147.0,AMBUJACEM.NS
2004-01-06,42.66999816894531,43.790000915527344,40.66999816894531,41.22999954223633,27.46074676513672,10081425.0,AMBUJACEM.NS
2004-01-07,41.650001525878906,42.18000030517578,40.72999954223633,41.91999816894531,27.92031478881836,10111980.0,AMBUJACEM.NS
2004-01-08,42.130001068115234,43.29999923706055,42.02000045776367,42.22999954223633,28.12677574157715,12195577.0,AMBUJACEM.NS
2004-01-09,43.38999938964844,44.66999816894531,42.43000030517578,42.790000915527344,28.49976348876953,21110415.0,AMBUJACEM.NS
2004-01-12,43.33000183105469,43.599998474121094,42.0099983215332,42.29999923706055,28.17340660095215,12016920.0,AMBUJACEM.NS
2004-01-13,42.529998779296875,42.66999816894531,41.0,41.689998626708984,27.767122268676758,12149347.0,AMBUJACEM.NS
2004-01-14,42.0,43.86000061035156,42.0,43.58000183105469,29.025938034057617,15869677.0,AMBUJACEM.NS
2004-01-15,44.0099983215332,44.25,41.54999923706055,41.93000030517578,27.926965713500977,9404887.0,AMBUJACEM.NS
2004-01-16,42.0,42.0,39.47999954223633,40.0,26.641515731811523,15017655.0,AMBUJACEM.NS
2004-01-19,40.27000045776367,41.310001373291016,38.029998779296875,40.93000030517578,27.26093292236328,13753672.0,AMBUJACEM.NS
2004-01-20,41.849998474121094,41.849998474121094,38.97999954223633,39.75,26.475004196166992,11333550.0,AMBUJACEM.NS
2004-01-21,39.33000183105469,39.560001373291016,36.970001220703125,37.66999816894531,25.08964729309082,14228700.0,AMBUJACEM.NS
2004-01-22,38.27000045776367,38.79999923706055,36.0099983215332,36.810001373291016,24.516857147216797,11422350.0,AMBUJACEM.NS
2004-01-23,36.68000030517578,38.4900016784668,36.68000030517578,38.22999954223633,25.462631225585938,6814755.0,AMBUJACEM.NS
2004-01-26,38.22999954223633,38.22999954223633,38.22999954223633,38.22999954223633,25.462631225585938,0.0,AMBUJACEM.NS
2004-01-27,39.16999816894531,40.38999938964844,37.869998931884766,40.209999084472656,26.781387329101562,6350242.0,AMBUJACEM.NS
2004-01-28,40.400001525878906,41.7599983215332,39.0,39.77000045776367,26.488332748413086,14392297.0,AMBUJACEM.NS
2004-01-29,40.04999923706055,40.59000015258789,38.95000076293945,39.4900016784668,26.301836013793945,15503527.0,AMBUJACEM.NS
2004-01-30,39.970001220703125,40.380001068115234,38.40999984741211,38.59000015258789,25.702402114868164,10363455.0,AMBUJACEM.NS
2004-02-02,38.59000015258789,38.59000015258789,38.59000015258789,38.59000015258789,25.702402114868164,0.0,AMBUJACEM.NS
2004-02-03,38.689998626708984,38.72999954223633,36.150001525878906,36.95000076293945,24.6101016998291,9982590.0,AMBUJACEM.NS
2004-02-04,37.599998474121094,39.310001373291016,37.0,39.0,25.975481033325195,9119797.0,AMBUJACEM.NS
2004-02-05,39.290000915527344,39.83000183105469,37.349998474121094,37.88999938964844,25.23617172241211,8013067.0,AMBUJACEM.NS
2004-02-06,38.400001525878906,39.959999084472656,37.810001373291016,39.599998474121094,26.375102996826172,6667312.0,AMBUJACEM.NS
2004-02-09,40.0,40.529998779296875,39.22999954223633,40.33000183105469,26.861310958862305,6679762.0,AMBUJACEM.NS
2004-02-10,40.529998779296875,41.22999954223633,39.47999954223633,40.220001220703125,26.788043975830078,9746250.0,AMBUJACEM.NS
2004-02-11,40.56999969482422,41.38999938964844,40.40999984741211,41.2599983215332,27.48072624206543,8215485.0,AMBUJACEM.NS
2004-02-12,41.599998474121094,41.790000915527344,40.150001525878906,40.650001525878906,27.074443817138672,9616455.0,AMBUJACEM.NS
2004-02-13,40.72999954223633,41.29999923706055,40.099998474121094,41.16999816894531,27.420787811279297,5905177.0,AMBUJACEM.NS
2004-02-16,41.470001220703125,41.869998931884766,40.66999816894531,41.029998779296875,27.32752799987793,7398322.0,AMBUJACEM.NS
2004-02-17,41.15999984741211,41.689998626708984,40.68000030517578,41.4900016784668,27.633907318115234,9324660.0,AMBUJACEM.NS
2004-02-18,41.86000061035156,43.029998779296875,41.86000061035156,42.56999969482422,28.353235244750977,19040445.0,AMBUJACEM.NS
2004-02-19,42.56999969482422,42.63999938964844,40.349998474121094,40.650001525878906,27.074443817138672,8177190.0,AMBUJACEM.NS
2004-02-20,40.540000915527344,41.33000183105469,39.75,40.66999816894531,27.0877685546875,7353900.0,AMBUJACEM.NS
2004-02-23,40.93000030517578,41.0,39.27000045776367,39.459999084472656,26.281856536865234,5807955.0,AMBUJACEM.NS
2004-02-24,39.20000076293945,39.869998931884766,38.2400016784668,39.709999084472656,26.448368072509766,7244550.0,AMBUJACEM.NS
2004-02-25,39.9900016784668,39.9900016784668,38.7400016784668,38.900001525878906,25.908870697021484,4907707.0,AMBUJACEM.NS
2004-02-26,39.20000076293945,40.650001525878906,38.810001373291016,39.93000030517578,26.59489631652832,10307452.0,AMBUJACEM.NS
2004-02-27,39.869998931884766,41.31999969482422,39.34000015258789,41.06999969482422,27.354183197021484,8696070.0,AMBUJACEM.NS
2004-03-01,41.45000076293945,42.189998626708984,40.95000076293945,41.81999969482422,27.85370445251465,7583265.0,AMBUJACEM.NS
2004-03-02,41.81999969482422,41.81999969482422,41.81999969482422,41.81999969482422,27.85370445251465,0.0,AMBUJACEM.NS
2004-03-03,42.27000045776367,42.77000045776367,41.72999954223633,41.959999084472656,27.946943283081055,9527032.0,AMBUJACEM.NS
2004-03-04,42.060001373291016,42.45000076293945,40.310001373291016,41.09000015258789,27.367496490478516,8023680.0,AMBUJACEM.NS
2004-03-05,41.209999084472656,42.16999816894531,40.810001373291016,41.88999938964844,27.900325775146484,10462905.0,AMBUJACEM.NS
2004-03-08,42.130001068115234,43.52000045776367,41.88999938964844,42.95000076293945,28.606327056884766,12410145.0,AMBUJACEM.NS
2004-03-09,43.20000076293945,43.20000076293945,41.369998931884766,42.849998474121094,28.539724349975586,10984350.0,AMBUJACEM.NS
2004-03-10,42.529998779296875,42.72999954223633,41.349998474121094,41.66999816894531,27.753801345825195,11339167.0,AMBUJACEM.NS
2004-03-11,41.33000183105469,41.33000183105469,39.06999969482422,39.54999923706055,26.341800689697266,14622487.0,AMBUJACEM.NS
2004-03-12,39.599998474121094,40.18000030517578,38.54999923706055,39.90999984741211,26.58156967163086,13448437.0,AMBUJACEM.NS
2004-03-15,40.27000045776367,40.869998931884766,37.4900016784668,38.150001525878906,25.409345626831055,9195067.0,AMBUJACEM.NS
2004-03-16,37.599998474121094,38.75,36.95000076293945,37.63999938964844,25.06966781616211,9876390.0,AMBUJACEM.NS
2004-03-17,38.130001068115234,38.869998931884766,37.369998931884766,38.56999969482422,25.689088821411133,6100492.0,AMBUJACEM.NS
2004-03-18,38.72999954223633,39.310001373291016,38.13999938964844,38.4900016784668,25.635805130004883,10000440.0,AMBUJACEM.NS
2004-03-19,38.529998779296875,39.0,37.33000183105469,38.349998474121094,25.542560577392578,5293980.0,AMBUJACEM.NS
2004-03-22,37.33000183105469,38.20000076293945,37.33000183105469,37.63999938964844,25.06966781616211,5031255.0,AMBUJACEM.NS
2004-03-23,37.599998474121094,39.529998779296875,37.33000183105469,39.310001373291016,26.18195152282715,8577615.0,AMBUJACEM.NS
2004-03-24,39.33000183105469,39.33000183105469,38.08000183105469,38.869998931884766,25.888891220092773,13043407.0,AMBUJACEM.NS
2004-03-25,38.9900016784668,39.380001068115234,37.93000030517578,38.369998931884766,25.555877685546875,13147522.0,AMBUJACEM.NS
2004-03-26,38.93000030517578,40.130001068115234,38.83000183105469,39.93000030517578,26.59489631652832,5180632.0,AMBUJACEM.NS
2004-03-29,40.650001525878906,40.650001525878906,39.630001068115234,40.0099983215332,26.648178100585938,3718822.0,AMBUJACEM.NS
2004-03-30,40.52000045776367,40.529998779296875,38.20000076293945,38.36000061035156,25.54921531677246,3885637.0,AMBUJACEM.NS
2004-03-31,38.650001525878906,39.810001373291016,38.0,39.400001525878906,26.24188995361328,5421277.0,AMBUJACEM.NS
2004-04-01,39.689998626708984,40.38999938964844,39.599998474121094,40.189998626708984,26.768062591552734,4601647.0,AMBUJACEM.NS
2004-04-02,40.4900016784668,41.06999969482422,40.22999954223633,40.869998931884766,27.220972061157227,5585505.0,AMBUJACEM.NS
2004-04-05,41.06999969482422,41.31999969482422,40.68000030517578,40.880001068115234,27.22764015197754,3498712.0,AMBUJACEM.NS
2004-04-06,41.06999969482422,41.189998626708984,40.06999969482422,40.88999938964844,27.234291076660156,4327807.0,AMBUJACEM.NS
2004-04-07,41.06999969482422,41.95000076293945,40.72999954223633,41.220001220703125,27.454090118408203,4982722.0,AMBUJACEM.NS
2004-04-08,41.20000076293945,41.650001525878906,40.79999923706055,41.40999984741211,27.58062744140625,3049260.0,AMBUJACEM.NS
2004-04-09,41.40999984741211,41.40999984741211,41.40999984741211,41.40999984741211,27.58062744140625,0.0,AMBUJACEM.NS
2004-04-12,41.33000183105469,41.869998931884766,40.779998779296875,40.91999816894531,27.254270553588867,2454022.0,AMBUJACEM.NS
2004-04-13,40.93000030517578,42.529998779296875,40.540000915527344,42.27000045776367,28.15341567993164,3910305.0,AMBUJACEM.NS
2004-04-14,42.27000045776367,42.27000045776367,42.27000045776367,42.27000045776367,28.15341567993164,0.0,AMBUJACEM.NS
2004-04-15,42.66999816894531,44.310001373291016,42.529998779296875,44.040000915527344,29.332313537597656,16854285.0,AMBUJACEM.NS
2004-04-16,44.27000045776367,44.77000045776367,43.529998779296875,44.04999923706055,29.338970184326172,20866342.0,AMBUJACEM.NS
2004-04-19,44.0,44.06999969482422,41.689998626708984,42.7599983215332,28.479785919189453,12380220.0,AMBUJACEM.NS
2004-04-20,43.119998931884766,43.279998779296875,42.27000045776367,42.540000915527344,28.333251953125,8552107.0,AMBUJACEM.NS
2004-04-21,42.27000045776367,43.83000183105469,42.27000045776367,43.689998626708984,29.099193572998047,7930380.0,AMBUJACEM.NS
2004-04-22,44.0,45.310001373291016,43.349998474121094,44.93000030517578,30.388784408569336,11480362.0,AMBUJACEM.NS
2004-04-23,44.97999954223633,45.58000183105469,43.77000045776367,44.970001220703125,30.41583824157715,14058600.0,AMBUJACEM.NS
2004-04-26,,,,,,,AMBUJACEM.NS
2004-04-27,45.029998779296875,45.029998779296875,41.33000183105469,43.400001525878906,29.353965759277344,14315722.0,AMBUJACEM.NS
2004-04-28,43.599998474121094,44.529998779296875,42.66999816894531,43.04999923706055,29.117233276367188,11203582.0,AMBUJACEM.NS
2004-04-29,42.79999923706055,44.400001525878906,42.41999816894531,44.06999969482422,29.807113647460938,15343635.0,AMBUJACEM.NS
2004-04-30,44.130001068115234,44.59000015258789,43.529998779296875,44.25,29.928861618041992,9393232.0,AMBUJACEM.NS
2004-05-03,44.33000183105469,44.79999923706055,42.279998779296875,43.16999816894531,29.198392868041992,12506475.0,AMBUJACEM.NS
2004-05-04,43.349998474121094,45.130001068115234,43.349998474121094,44.779998779296875,30.28732681274414,8970345.0,AMBUJACEM.NS
2004-05-05,45.20000076293945,45.5099983215332,44.66999816894531,45.220001220703125,30.584928512573242,8925532.0,AMBUJACEM.NS
2004-05-06,45.599998474121094,46.310001373291016,45.130001068115234,46.06999969482422,31.159833908081055,9447585.0,AMBUJACEM.NS
2004-05-07,46.130001068115234,46.22999954223633,45.0,45.41999816894531,30.72020149230957,13063972.0,AMBUJACEM.NS
2004-05-10,45.27000045776367,45.27000045776367,43.810001373291016,44.22999954223633,29.915334701538086,3801997.0,AMBUJACEM.NS
2004-05-11,43.33000183105469,43.369998931884766,41.5,42.22999954223633,28.562612533569336,7489282.0,AMBUJACEM.NS
2004-05-12,42.31999969482422,43.16999816894531,41.93000030517578,42.16999816894531,28.522037506103516,6282360.0,AMBUJACEM.NS
2004-05-13,41.72999954223633,45.15999984741211,38.400001525878906,43.13999938964844,29.178115844726562,14164477.0,AMBUJACEM.NS
2004-05-14,42.81999969482422,43.33000183105469,39.33000183105469,41.349998474121094,27.967424392700195,9860985.0,AMBUJACEM.NS
2004-05-17,41.33000183105469,41.33000183105469,33.54999923706055,36.880001068115234,24.944103240966797,9592582.0,AMBUJACEM.NS
2004-05-18,34.66999816894531,39.689998626708984,34.0,38.11000061035156,25.77602767944336,8515387.0,AMBUJACEM.NS
2004-05-19,39.33000183105469,45.06999969482422,37.599998474121094,39.77000045776367,26.89878273010254,6932977.0,AMBUJACEM.NS
2004-05-20,40.0,40.66999816894531,38.08000183105469,38.9900016784668,26.371217727661133,7587697.0,AMBUJACEM.NS
2004-05-21,38.93000030517578,39.72999954223633,37.27000045776367,39.47999954223633,26.70262908935547,6348847.0,AMBUJACEM.NS
2004-05-24,40.25,41.11000061035156,40.0,40.869998931884766,27.64277458190918,3721545.0,AMBUJACEM.NS
2004-05-25,40.27000045776367,41.720001220703125,39.81999969482422,41.380001068115234,27.987714767456055,6353895.0,AMBUJACEM.NS
2004-05-26,41.86000061035156,41.86000061035156,40.599998474121094,40.86000061035156,27.636011123657227,5226285.0,AMBUJACEM.NS
2004-05-27,40.869998931884766,41.22999954223633,39.099998474121094,39.470001220703125,26.695873260498047,10250970.0,AMBUJACEM.NS
2004-05-28,38.66999816894531,39.33000183105469,38.029998779296875,38.43000030517578,25.992460250854492,8565322.0,AMBUJACEM.NS
2004-05-31,38.40999984741211,38.40999984741211,35.810001373291016,37.59000015258789,25.42431640625,9990172.0,AMBUJACEM.NS
2004-06-01,38.27000045776367,39.119998931884766,37.470001220703125,38.22999954223633,25.857187271118164,6969157.0,AMBUJACEM.NS
2004-06-02,38.0,40.0,38.0,39.720001220703125,26.86496353149414,5743702.0,AMBUJACEM.NS
2004-06-03,40.25,41.040000915527344,37.4900016784668,37.79999923706055,25.566349029541016,11319990.0,AMBUJACEM.NS
2004-06-04,37.33000183105469,38.470001220703125,37.33000183105469,38.369998931884766,25.95187759399414,4271332.0,AMBUJACEM.NS
2004-06-07,38.66999816894531,39.72999954223633,38.29999923706055,38.56999969482422,26.0871524810791,3500595.0,AMBUJACEM.NS
2004-06-08,38.66999816894531,39.189998626708984,38.279998779296875,38.93000030517578,26.330625534057617,3527715.0,AMBUJACEM.NS
2004-06-09,39.06999969482422,39.689998626708984,38.66999816894531,38.97999954223633,26.36445426940918,2545792.0,AMBUJACEM.NS
2004-06-10,38.93000030517578,39.11000061035156,38.470001220703125,38.66999816894531,26.154781341552734,1755525.0,AMBUJACEM.NS
2004-06-11,38.599998474121094,38.790000915527344,37.61000061035156,37.810001373291016,25.573118209838867,1613122.0,AMBUJACEM.NS
2004-06-14,37.849998474121094,37.849998474121094,35.470001220703125,35.9900016784668,24.342144012451172,7568077.0,AMBUJACEM.NS
2004-06-15,35.72999954223633,36.790000915527344,35.72999954223633,36.25,24.517990112304688,3787845.0,AMBUJACEM.NS
2004-06-16,36.2400016784668,36.2400016784668,35.13999938964844,35.5,24.010730743408203,5399220.0,AMBUJACEM.NS
2004-06-17,35.33000183105469,35.83000183105469,34.38999938964844,35.40999984741211,23.94985580444336,11041447.0,AMBUJACEM.NS
2004-06-18,35.470001220703125,35.77000045776367,34.470001220703125,34.75,23.503456115722656,10054470.0,AMBUJACEM.NS
2004-06-21,34.93000030517578,34.93000030517578,34.09000015258789,34.290000915527344,23.192337036132812,4058775.0,AMBUJACEM.NS
2004-06-22,34.68000030517578,34.93000030517578,33.90999984741211,34.75,23.503456115722656,4487257.0,AMBUJACEM.NS
2004-06-23,34.93000030517578,35.20000076293945,33.939998626708984,34.369998931884766,23.246437072753906,7042252.0,AMBUJACEM.NS
2004-06-24,30.799999237060547,35.66999816894531,30.799999237060547,35.40999984741211,23.94985580444336,8622555.0,AMBUJACEM.NS
2004-06-25,35.470001220703125,36.9900016784668,34.79999923706055,36.66999816894531,24.802064895629883,3908137.0,AMBUJACEM.NS
2004-06-28,36.709999084472656,37.56999969482422,36.689998626708984,37.41999816894531,25.309335708618164,3408675.0,AMBUJACEM.NS
2004-06-29,37.33000183105469,37.9900016784668,36.83000183105469,37.849998474121094,25.600177764892578,4822852.0,AMBUJACEM.NS
2004-06-30,37.72999954223633,38.27000045776367,37.560001373291016,37.869998931884766,25.613693237304688,4995945.0,AMBUJACEM.NS
2004-07-01,37.9900016784668,38.189998626708984,37.349998474121094,37.970001220703125,25.681331634521484,2036235.0,AMBUJACEM.NS
2004-07-02,37.5,37.869998931884766,36.529998779296875,36.72999954223633,24.8426513671875,2802877.0,AMBUJACEM.NS
2004-07-05,36.93000030517578,36.93000030517578,35.81999969482422,36.29999923706055,24.551815032958984,3552217.0,AMBUJACEM.NS
2004-07-06,36.130001068115234,37.130001068115234,36.0,36.93000030517578,24.977922439575195,3141660.0,AMBUJACEM.NS
2004-07-07,37.0,37.79999923706055,36.79999923706055,37.33000183105469,25.24846649169922,5117895.0,AMBUJACEM.NS
2004-07-08,37.33000183105469,38.27000045776367,36.16999816894531,36.5,24.687082290649414,5587432.0,AMBUJACEM.NS
2004-07-09,35.470001220703125,37.810001373291016,35.33000183105469,37.61000061035156,25.437847137451172,1950502.0,AMBUJACEM.NS
2004-07-12,37.34000015258789,37.9900016784668,36.61000061035156,37.27000045776367,25.207876205444336,4443360.0,AMBUJACEM.NS
2004-07-13,37.599998474121094,37.599998474121094,35.06999969482422,35.33000183105469,23.895751953125,4574670.0,AMBUJACEM.NS
2004-07-14,35.66999816894531,35.84000015258789,34.79999923706055,35.61000061035156,24.085126876831055,4157992.0,AMBUJACEM.NS
2004-07-15,35.560001373291016,36.86000061035156,35.34000015258789,36.70000076293945,24.822355270385742,3284850.0,AMBUJACEM.NS
2004-07-16,36.709999084472656,37.31999969482422,36.279998779296875,36.88999938964844,24.95085906982422,3111150.0,AMBUJACEM.NS
2004-07-19,36.400001525878906,37.72999954223633,36.400001525878906,37.369998931884766,25.275508880615234,2917515.0,AMBUJACEM.NS
2004-07-20,38.0099983215332,38.0099983215332,36.310001373291016,36.529998779296875,24.70737075805664,4714545.0,AMBUJACEM.NS
2004-07-21,36.400001525878906,38.650001525878906,35.869998931884766,36.209999084472656,24.490938186645508,4953645.0,AMBUJACEM.NS
2004-07-22,36.529998779296875,36.66999816894531,35.08000183105469,35.27000045776367,23.85516929626465,6945930.0,AMBUJACEM.NS
2004-07-23,35.470001220703125,36.529998779296875,34.93000030517578,36.25,24.517990112304688,7328422.0,AMBUJACEM.NS
2004-07-26,36.0099983215332,37.2599983215332,36.0099983215332,36.900001525878906,24.957630157470703,3610980.0,AMBUJACEM.NS
2004-07-27,37.16999816894531,37.20000076293945,36.0,36.130001068115234,24.43683433532715,8226495.0,AMBUJACEM.NS
2004-07-28,36.54999923706055,36.54999923706055,35.130001068115234,35.61000061035156,24.085126876831055,9742012.0,AMBUJACEM.NS
2004-07-29,35.33000183105469,36.529998779296875,35.33000183105469,36.13999938964844,24.44359588623047,14044335.0,AMBUJACEM.NS
2004-07-30,36.52000045776367,37.470001220703125,36.5,37.09000015258789,25.086139678955078,4931430.0,AMBUJACEM.NS
2004-08-02,37.33000183105469,38.189998626708984,37.16999816894531,37.72999954223633,25.51900863647461,5706757.0,AMBUJACEM.NS
2004-08-03,38.130001068115234,39.91999816894531,38.09000015258789,39.52000045776367,26.72968101501465,16469655.0,AMBUJACEM.NS
2004-08-04,39.599998474121094,40.11000061035156,38.869998931884766,39.29999923706055,26.58087921142578,7800975.0,AMBUJACEM.NS
2004-08-05,39.470001220703125,40.59000015258789,39.209999084472656,40.11000061035156,27.128742218017578,8435137.0,AMBUJACEM.NS
2004-08-06,40.27000045776367,40.709999084472656,39.470001220703125,40.40999984741211,27.331642150878906,8652382.0,AMBUJACEM.NS
2004-08-09,40.93000030517578,41.40999984741211,40.529998779296875,41.290000915527344,27.92683982849121,11604952.0,AMBUJACEM.NS
2004-08-10,41.599998474121094,41.720001220703125,40.79999923706055,40.95000076293945,27.696884155273438,8434905.0,AMBUJACEM.NS
2004-08-11,41.06999969482422,41.290000915527344,39.61000061035156,39.75,26.88524627685547,5560755.0,AMBUJACEM.NS
2004-08-12,40.0,40.400001525878906,39.08000183105469,39.47999954223633,26.70262908935547,6312570.0,AMBUJACEM.NS
2004-08-13,39.470001220703125,41.25,39.36000061035156,41.0099983215332,27.737468719482422,8376405.0,AMBUJACEM.NS
2004-08-16,40.79999923706055,41.16999816894531,40.27000045776367,40.880001068115234,27.649545669555664,6852975.0,AMBUJACEM.NS
2004-08-17,41.20000076293945,41.790000915527344,41.20000076293945,41.54999923706055,28.102689743041992,9006127.0,AMBUJACEM.NS
2004-08-18,41.130001068115234,41.130001068115234,40.369998931884766,40.58000183105469,27.713428497314453,6138157.0,AMBUJACEM.NS
2004-08-19,40.91999816894531,42.400001525878906,40.619998931884766,42.209999084472656,28.826608657836914,10676805.0,AMBUJACEM.NS
2004-08-20,42.119998931884766,42.119998931884766,40.97999954223633,41.5099983215332,28.34855079650879,8266507.0,AMBUJACEM.NS
2004-08-23,41.869998931884766,42.45000076293945,41.2400016784668,41.75,28.512447357177734,11999842.0,AMBUJACEM.NS
2004-08-24,41.900001525878906,42.84000015258789,41.52000045776367,42.689998626708984,29.154415130615234,10090200.0,AMBUJACEM.NS
2004-08-25,42.79999923706055,43.15999984741211,42.5099983215332,42.959999084472656,29.33880043029785,6401797.0,AMBUJACEM.NS
2004-08-26,43.33000183105469,43.33000183105469,42.400001525878906,42.75,29.19539451599121,8717340.0,AMBUJACEM.NS
2004-08-27,42.66999816894531,42.90999984741211,41.88999938964844,42.29999923706055,28.888071060180664,4521322.0,AMBUJACEM.NS
2004-08-30,43.040000915527344,43.29999923706055,42.529998779296875,43.18000030517578,29.489049911499023,4057177.0,AMBUJACEM.NS
2004-08-31,43.27000045776367,43.529998779296875,42.689998626708984,43.25,29.536861419677734,4554810.0,AMBUJACEM.NS
2004-09-01,43.33000183105469,44.689998626708984,43.09000015258789,44.400001525878906,30.322229385375977,10810425.0,AMBUJACEM.NS
2004-09-02,44.130001068115234,44.689998626708984,43.75,44.16999816894531,30.16515350341797,5763397.0,AMBUJACEM.NS
2004-09-03,44.20000076293945,44.27000045776367,43.72999954223633,44.130001068115234,30.13784408569336,4649452.0,AMBUJACEM.NS
2004-09-06,44.529998779296875,44.59000015258789,43.70000076293945,43.810001373291016,29.9193058013916,3385185.0,AMBUJACEM.NS
2004-09-07,43.470001220703125,44.130001068115234,43.470001220703125,43.959999084472656,30.021739959716797,3049987.0,AMBUJACEM.NS
2004-09-08,44.20000076293945,44.599998474121094,43.900001525878906,44.540000915527344,30.4178409576416,5223960.0,AMBUJACEM.NS
2004-09-09,44.79999923706055,45.04999923706055,44.4900016784668,44.90999984741211,30.670520782470703,10741597.0,AMBUJACEM.NS
2004-09-10,44.90999984741211,45.93000030517578,44.68000030517578,45.63999938964844,31.169063568115234,13472842.0,AMBUJACEM.NS
2004-09-13,45.84000015258789,45.900001525878906,44.75,44.90999984741211,30.670520782470703,4782337.0,AMBUJACEM.NS
2004-09-14,44.93000030517578,45.54999923706055,44.93000030517578,45.209999084472656,30.875402450561523,7411065.0,AMBUJACEM.NS
2004-09-15,45.380001068115234,45.869998931884766,45.27000045776367,45.4900016784668,31.06662940979004,6756217.0,AMBUJACEM.NS
2004-09-16,45.529998779296875,45.959999084472656,45.34000015258789,45.81999969482422,31.2919979095459,4235932.0,AMBUJACEM.NS
2004-09-17,45.869998931884766,46.27000045776367,45.65999984741211,45.810001373291016,31.285167694091797,4438185.0,AMBUJACEM.NS
2004-09-20,46.0,46.16999816894531,45.61000061035156,45.83000183105469,31.298826217651367,4928925.0,AMBUJACEM.NS
2004-09-21,46.209999084472656,46.209999084472656,45.16999816894531,45.72999954223633,31.230527877807617,6401610.0,AMBUJACEM.NS
2004-09-22,45.72999954223633,46.77000045776367,44.0,46.16999816894531,31.53101921081543,7578112.0,AMBUJACEM.NS
2004-09-23,46.130001068115234,46.650001525878906,45.4900016784668,45.790000915527344,31.27151107788086,8917875.0,AMBUJACEM.NS
2004-09-24,45.720001220703125,45.790000915527344,44.56999969482422,44.77000045776367,30.574913024902344,9322537.0,AMBUJACEM.NS
2004-09-27,44.650001525878906,44.91999816894531,44.22999954223633,44.4900016784668,30.38370132446289,4440015.0,AMBUJACEM.NS
2004-09-28,44.400001525878906,44.83000183105469,44.150001525878906,44.54999923706055,30.424665451049805,5202615.0,AMBUJACEM.NS
2004-09-29,44.599998474121094,44.900001525878906,43.93000030517578,44.77000045776367,30.574913024902344,3861697.0,AMBUJACEM.NS
2004-09-30,45.0,45.33000183105469,44.66999816894531,44.97999954223633,30.718332290649414,9956872.0,AMBUJACEM.NS
2004-10-01,44.810001373291016,46.130001068115234,44.66999816894531,45.97999954223633,31.401264190673828,3864202.0,AMBUJACEM.NS
2004-10-04,46.33000183105469,48.0,46.33000183105469,47.79999923706055,32.644203186035156,8333527.0,AMBUJACEM.NS
2004-10-05,47.9900016784668,48.400001525878906,47.599998474121094,48.11000061035156,32.85590744018555,5325997.0,AMBUJACEM.NS
2004-10-06,48.16999816894531,48.33000183105469,47.11000061035156,47.310001373291016,32.30956268310547,3895072.0,AMBUJACEM.NS
2004-10-07,47.72999954223633,48.22999954223633,47.34000015258789,48.119998931884766,32.86274337768555,3400672.0,AMBUJACEM.NS
2004-10-08,48.27000045776367,48.59000015258789,47.470001220703125,47.84000015258789,32.67151641845703,3990727.0,AMBUJACEM.NS
2004-10-11,47.369998931884766,49.22999954223633,47.369998931884766,48.56999969482422,33.1700553894043,8321812.0,AMBUJACEM.NS
2004-10-12,48.66999816894531,49.33000183105469,47.209999084472656,47.59000015258789,32.500797271728516,4448640.0,AMBUJACEM.NS
2004-10-13,6.345333099365234,6.345333099365234,6.345333099365234,6.345333099365234,4.333439350128174,0.0,AMBUJACEM.NS
2004-10-14,47.33000183105469,48.04999923706055,46.439998626708984,47.75,32.610050201416016,6018907.0,AMBUJACEM.NS
2004-10-15,47.709999084472656,47.95000076293945,46.810001373291016,47.16999816894531,32.21394729614258,2510707.0,AMBUJACEM.NS
2004-10-18,47.33000183105469,47.630001068115234,46.93000030517578,47.09000015258789,32.1593132019043,2525040.0,AMBUJACEM.NS
2004-10-19,47.400001525878906,47.599998474121094,46.709999084472656,47.27000045776367,32.28224563598633,4568190.0,AMBUJACEM.NS
2004-10-20,47.709999084472656,48.56999969482422,46.68000030517578,47.869998931884766,32.69200134277344,19510740.0,AMBUJACEM.NS
2004-10-21,48.66999816894531,48.79999923706055,47.599998474121094,47.88999938964844,32.705665588378906,7298790.0,AMBUJACEM.NS
2004-10-22,47.88999938964844,47.88999938964844,47.88999938964844,47.88999938964844,32.705665588378906,0.0,AMBUJACEM.NS
2004-10-25,47.79999923706055,47.79999923706055,45.4900016784668,45.939998626708984,31.373945236206055,5145442.0,AMBUJACEM.NS
2004-10-26,45.7599983215332,46.0,43.72999954223633,44.54999923706055,30.424665451049805,16780545.0,AMBUJACEM.NS
2004-10-27,45.20000076293945,45.849998474121094,44.810001373291016,45.529998779296875,31.093942642211914,6803250.0,AMBUJACEM.NS
2004-10-28,45.540000915527344,46.849998474121094,42.2400016784668,46.290000915527344,31.612979888916016,12018720.0,AMBUJACEM.NS
2004-10-29,47.31999969482422,47.31999969482422,45.369998931884766,45.59000015258789,31.134920120239258,3625830.0,AMBUJACEM.NS
2004-11-01,45.72999954223633,46.20000076293945,45.0099983215332,45.970001220703125,31.394428253173828,5132850.0,AMBUJACEM.NS
2004-11-02,46.27000045776367,47.25,46.27000045776367,47.06999969482422,32.145660400390625,6257460.0,AMBUJACEM.NS
2004-11-03,47.209999084472656,47.459999084472656,46.61000061035156,46.869998931884766,32.009071350097656,4406715.0,AMBUJACEM.NS
2004-11-04,47.04999923706055,47.189998626708984,46.16999816894531,46.720001220703125,31.90663719177246,11900152.0,AMBUJACEM.NS
2004-11-05,46.63999938964844,46.63999938964844,45.72999954223633,46.18000030517578,31.537843704223633,6835965.0,AMBUJACEM.NS
2004-11-08,46.52000045776367,47.099998474121094,46.15999984741211,46.290000915527344,31.612979888916016,7277145.0,AMBUJACEM.NS
2004-11-09,46.599998474121094,47.33000183105469,46.08000183105469,46.95000076293945,32.063716888427734,7606410.0,AMBUJACEM.NS
2004-11-10,47.06999969482422,47.33000183105469,46.689998626708984,46.93000030517578,32.050052642822266,6059332.0,AMBUJACEM.NS
2004-11-11,47.16999816894531,47.5099983215332,46.72999954223633,47.310001373291016,32.30956268310547,7491930.0,AMBUJACEM.NS
2004-11-12,47.470001220703125,47.599998474121094,46.72999954223633,47.060001373291016,32.138832092285156,862755.0,AMBUJACEM.NS
2004-11-15,47.060001373291016,47.060001373291016,47.060001373291016,47.060001373291016,32.138832092285156,0.0,AMBUJACEM.NS
2004-11-16,46.970001220703125,47.43000030517578,46.40999984741211,47.31999969482422,32.3163948059082,6722752.0,AMBUJACEM.NS
2004-11-17,47.720001220703125,48.0,47.119998931884766,47.369998931884766,32.350547790527344,6420352.0,AMBUJACEM.NS
2004-11-18,47.20000076293945,47.650001525878906,47.09000015258789,47.5099983215332,32.44615173339844,3039375.0,AMBUJACEM.NS
2004-11-19,47.599998474121094,47.959999084472656,46.70000076293945,47.0099983215332,32.10468673706055,5604705.0,AMBUJACEM.NS
2004-11-22,46.70000076293945,47.970001220703125,46.459999084472656,47.72999954223633,32.596397399902344,5439847.0,AMBUJACEM.NS
2004-11-23,48.0099983215332,48.93000030517578,48.0099983215332,48.5099983215332,33.12907409667969,7316415.0,AMBUJACEM.NS
2004-11-24,48.66999816894531,49.33000183105469,48.400001525878906,49.150001525878906,33.566162109375,8090790.0,AMBUJACEM.NS
2004-11-25,49.20000076293945,49.630001068115234,48.29999923706055,48.66999816894531,33.23836135864258,9978990.0,AMBUJACEM.NS
2004-11-26,48.66999816894531,48.66999816894531,48.66999816894531,48.66999816894531,33.23836135864258,0.0,AMBUJACEM.NS
2004-11-29,48.66999816894531,49.72999954223633,48.279998779296875,49.54999923706055,33.8393440246582,5365815.0,AMBUJACEM.NS
2004-11-30,49.93000030517578,50.04999923706055,48.77000045776367,49.130001068115234,33.5525016784668,5266920.0,AMBUJACEM.NS
2004-12-01,49.59000015258789,49.59000015258789,48.43000030517578,48.72999954223633,33.279327392578125,2665117.0,AMBUJACEM.NS
2004-12-02,49.06999969482422,49.79999923706055,48.79999923706055,49.540000915527344,33.83250045776367,8157975.0,AMBUJACEM.NS
2004-12-03,49.599998474121094,50.33000183105469,49.130001068115234,49.290000915527344,33.661773681640625,8123625.0,AMBUJACEM.NS
2004-12-06,49.849998474121094,50.029998779296875,49.209999084472656,49.810001373291016,34.01689529418945,5453895.0,AMBUJACEM.NS
2004-12-07,50.130001068115234,50.529998779296875,49.630001068115234,50.20000076293945,34.283233642578125,8639160.0,AMBUJACEM.NS
2004-12-08,50.09000015258789,51.099998474121094,50.0099983215332,50.47999954223633,34.474456787109375,7925040.0,AMBUJACEM.NS
2004-12-09,50.66999816894531,51.20000076293945,50.33000183105469,51.04999923706055,34.863731384277344,3895432.0,AMBUJACEM.NS
2004-12-10,51.06999969482422,51.59000015258789,50.470001220703125,50.7400016784668,34.65202331542969,7223857.0,AMBUJACEM.NS
2004-12-13,50.869998931884766,51.189998626708984,50.40999984741211,50.68000030517578,34.61104965209961,5159272.0,AMBUJACEM.NS
2004-12-14,50.93000030517578,51.09000015258789,50.599998474121094,50.86000061035156,34.733985900878906,2038822.0,AMBUJACEM.NS
2004-12-15,50.95000076293945,51.2599983215332,50.66999816894531,51.06999969482422,34.87739944458008,4171155.0,AMBUJACEM.NS
2004-12-16,51.06999969482422,51.9900016784668,50.689998626708984,51.66999816894531,35.287147521972656,6095745.0,AMBUJACEM.NS
2004-12-17,52.11000061035156,52.31999969482422,51.40999984741211,51.810001373291016,35.38276672363281,4584975.0,AMBUJACEM.NS
2004-12-20,51.970001220703125,52.66999816894531,51.470001220703125,52.459999084472656,35.82666778564453,3566385.0,AMBUJACEM.NS
2004-12-21,52.54999923706055,53.09000015258789,52.189998626708984,52.790000915527344,36.05203628540039,5530875.0,AMBUJACEM.NS
2004-12-22,53.31999969482422,53.33000183105469,50.900001525878906,51.459999084472656,35.14373779296875,3365572.0,AMBUJACEM.NS
2004-12-23,51.720001220703125,52.77000045776367,51.4900016784668,52.349998474121094,35.75155258178711,2989672.0,AMBUJACEM.NS
2004-12-24,52.66999816894531,53.119998931884766,52.0,52.2400016784668,35.67642593383789,3206692.0,AMBUJACEM.NS
2004-12-27,52.5,53.63999938964844,52.130001068115234,53.470001220703125,36.51642608642578,3860647.0,AMBUJACEM.NS
2004-12-28,53.31999969482422,53.849998474121094,52.66999816894531,53.0099983215332,36.20228958129883,1561695.0,AMBUJACEM.NS
2004-12-29,53.20000076293945,53.93000030517578,52.400001525878906,53.66999816894531,36.65302658081055,3590107.0,AMBUJACEM.NS
2004-12-30,54.06999969482422,54.27000045776367,52.439998626708984,52.75,36.02471160888672,5098590.0,AMBUJACEM.NS
2004-12-31,53.72999954223633,54.119998931884766,48.79999923706055,53.72999954223633,36.69399642944336,3389452.0,AMBUJACEM.NS
2005-01-03,54.0,54.529998779296875,53.68000030517578,54.400001525878906,37.15156173706055,3014100.0,AMBUJACEM.NS
2005-01-04,54.650001525878906,57.119998931884766,54.40999984741211,56.880001068115234,38.84524154663086,7424602.0,AMBUJACEM.NS
2005-01-05,56.79999923706055,58.720001220703125,54.06999969482422,56.75,38.75645446777344,14530800.0,AMBUJACEM.NS
2005-01-06,56.33000183105469,57.529998779296875,54.93000030517578,55.59000015258789,37.96424865722656,9364387.0,AMBUJACEM.NS
2005-01-07,56.0,57.20000076293945,56.0,56.970001220703125,38.90669250488281,8263140.0,AMBUJACEM.NS
2005-01-10,57.06999969482422,57.9900016784668,49.709999084472656,55.709999084472656,38.046207427978516,7324987.0,AMBUJACEM.NS
2005-01-11,55.869998931884766,56.20000076293945,53.68000030517578,53.95000076293945,36.84425354003906,9360495.0,AMBUJACEM.NS
2005-01-12,54.38999938964844,55.70000076293945,52.959999084472656,53.630001068115234,36.625701904296875,11135775.0,AMBUJACEM.NS
2005-01-13,54.27000045776367,57.33000183105469,53.79999923706055,56.630001068115234,38.67449188232422,12710782.0,AMBUJACEM.NS
2005-01-14,57.709999084472656,58.52000045776367,56.04999923706055,56.72999954223633,38.74279022216797,14570137.0,AMBUJACEM.NS
2005-01-17,57.33000183105469,58.27000045776367,55.810001373291016,57.93000030517578,39.56230926513672,11143590.0,AMBUJACEM.NS
2005-01-18,58.4900016784668,59.22999954223633,58.27000045776367,58.849998474121094,40.190608978271484,11970187.0,AMBUJACEM.NS
2005-01-19,58.0,59.91999816894531,58.0,59.369998931884766,40.54573440551758,9231262.0,AMBUJACEM.NS
2005-01-20,59.599998474121094,59.599998474121094,55.66999816894531,56.459999084472656,38.558406829833984,34478782.0,AMBUJACEM.NS
2005-01-24,59.33000183105469,59.33000183105469,54.43000030517578,55.2599983215332,37.7388801574707,15278340.0,AMBUJACEM.NS
2005-01-25,54.91999816894531,55.66999816894531,53.88999938964844,55.40999984741211,37.84132385253906,6353610.0,AMBUJACEM.NS
2005-01-27,55.599998474121094,56.130001068115234,54.849998474121094,55.90999984741211,38.18278884887695,6266497.0,AMBUJACEM.NS
2005-01-28,56.06999969482422,60.0,56.0,59.66999816894531,40.750614166259766,11830725.0,AMBUJACEM.NS
2005-01-31,59.869998931884766,62.400001525878906,59.599998474121094,59.900001525878906,40.90769958496094,10362802.0,AMBUJACEM.NS
2005-02-01,60.529998779296875,60.529998779296875,49.599998474121094,59.619998931884766,40.71647262573242,9354795.0,AMBUJACEM.NS
2005-02-02,60.529998779296875,60.720001220703125,59.400001525878906,60.470001220703125,41.296966552734375,6119647.0,AMBUJACEM.NS
2005-02-03,60.93000030517578,61.470001220703125,60.470001220703125,61.099998474121094,41.72720718383789,4371592.0,AMBUJACEM.NS
2005-02-04,61.84000015258789,61.84000015258789,60.150001525878906,60.81999969482422,41.53597640991211,5703877.0,AMBUJACEM.NS
2005-02-07,61.33000183105469,61.68000030517578,60.290000915527344,60.70000076293945,41.45404052734375,6501855.0,AMBUJACEM.NS
2005-02-08,60.91999816894531,61.04999923706055,60.029998779296875,60.470001220703125,41.296966552734375,3789127.0,AMBUJACEM.NS
2005-02-09,60.33000183105469,61.06999969482422,60.27000045776367,60.81999969482422,41.53597640991211,2858880.0,AMBUJACEM.NS
2005-02-10,61.189998626708984,61.33000183105469,60.27000045776367,60.5,41.31745147705078,3175695.0,AMBUJACEM.NS
2005-02-11,60.400001525878906,60.93000030517578,60.0,60.2599983215332,41.15354919433594,4134900.0,AMBUJACEM.NS
2005-02-14,60.93000030517578,61.060001373291016,59.369998931884766,59.689998626708984,40.76426696777344,5435692.0,AMBUJACEM.NS
2005-02-15,59.72999954223633,59.93000030517578,59.099998474121094,59.75,40.80525588989258,4794457.0,AMBUJACEM.NS
2005-02-16,59.869998931884766,60.2400016784668,58.66999816894531,59.25,40.46378707885742,2990955.0,AMBUJACEM.NS
2005-02-17,57.66999816894531,59.16999816894531,57.66999816894531,58.849998474121094,40.190608978271484,3751125.0,AMBUJACEM.NS
2005-02-18,58.400001525878906,62.130001068115234,58.06999969482422,58.25,39.780860900878906,2423295.0,AMBUJACEM.NS
2005-02-21,58.59000015258789,58.66999816894531,57.40999984741211,58.369998931884766,39.86280059814453,2032387.0,AMBUJACEM.NS
2005-02-22,58.130001068115234,59.31999969482422,58.0,59.150001525878906,40.39550018310547,2669872.0,AMBUJACEM.NS
2005-02-23,59.33000183105469,59.470001220703125,58.209999084472656,58.40999984741211,39.89012908935547,2066992.0,AMBUJACEM.NS
2005-02-24,58.40999984741211,58.619998931884766,56.81999969482422,57.09000015258789,38.988651275634766,7470907.0,AMBUJACEM.NS
2005-02-25,57.79999923706055,58.11000061035156,57.27000045776367,57.88999938964844,39.534996032714844,3938617.0,AMBUJACEM.NS
2005-02-28,58.130001068115234,60.0,57.95000076293945,59.900001525878906,40.90769958496094,7425960.0,AMBUJACEM.NS
2005-03-01,60.130001068115234,60.130001068115234,57.66999816894531,59.130001068115234,40.381832122802734,3714330.0,AMBUJACEM.NS
2005-03-02,57.33000183105469,59.720001220703125,57.33000183105469,59.11000061035156,40.3681755065918,2926117.0,AMBUJACEM.NS
2005-03-03,58.93000030517578,59.9900016784668,58.93000030517578,59.7400016784668,40.79842758178711,2509230.0,AMBUJACEM.NS
2005-03-04,60.0,60.38999938964844,59.349998474121094,59.720001220703125,40.78476333618164,2930302.0,AMBUJACEM.NS
2005-03-07,59.869998931884766,60.04999923706055,58.790000915527344,59.369998931884766,40.54573440551758,3353332.0,AMBUJACEM.NS
2005-03-08,59.599998474121094,60.06999969482422,58.95000076293945,59.970001220703125,40.95550537109375,2053155.0,AMBUJACEM.NS
2005-03-09,60.0,60.2400016784668,58.68000030517578,59.15999984741211,40.40232467651367,3125760.0,AMBUJACEM.NS
2005-03-10,59.20000076293945,59.45000076293945,58.540000915527344,58.72999954223633,40.108665466308594,2862930.0,AMBUJACEM.NS
2005-03-11,58.93000030517578,59.310001373291016,58.0,58.16999816894531,39.72621154785156,1120485.0,AMBUJACEM.NS
2005-03-14,58.529998779296875,58.529998779296875,56.95000076293945,57.27000045776367,39.11157989501953,2409517.0,AMBUJACEM.NS
2005-03-15,57.33000183105469,57.599998474121094,56.58000183105469,56.88999938964844,38.85205841064453,2560245.0,AMBUJACEM.NS
2005-03-16,56.810001373291016,58.060001373291016,56.810001373291016,57.130001068115234,39.01596450805664,2960775.0,AMBUJACEM.NS
2005-03-17,57.33000183105469,57.45000076293945,55.599998474121094,55.9900016784668,38.237422943115234,3426675.0,AMBUJACEM.NS
2005-03-18,56.0,56.95000076293945,55.0,56.599998474121094,38.65401077270508,2749305.0,AMBUJACEM.NS
2005-03-21,56.79999923706055,57.029998779296875,55.45000076293945,55.790000915527344,38.1008415222168,2615355.0,AMBUJACEM.NS
2005-03-22,56.27000045776367,56.27000045776367,54.529998779296875,54.709999084472656,37.36326217651367,2843572.0,AMBUJACEM.NS
2005-03-23,54.79999923706055,55.84000015258789,54.27000045776367,54.95000076293945,37.527183532714844,2526255.0,AMBUJACEM.NS
2005-03-24,54.66999816894531,55.59000015258789,53.599998474121094,53.970001220703125,36.85790252685547,1501147.0,AMBUJACEM.NS
2005-03-28,54.0,55.040000915527344,54.0,54.689998626708984,37.349609375,2021130.0,AMBUJACEM.NS
2005-03-29,54.66999816894531,54.93000030517578,52.27000045776367,53.349998474121094,36.434471130371094,2836972.0,AMBUJACEM.NS
2005-03-30,53.470001220703125,53.93000030517578,51.66999816894531,52.83000183105469,36.07936477661133,8694412.0,AMBUJACEM.NS
2005-03-31,53.33000183105469,54.400001525878906,52.68000030517578,53.400001525878906,36.4686279296875,9161617.0,AMBUJACEM.NS
2005-04-01,53.72999954223633,55.470001220703125,53.27000045776367,55.22999954223633,37.718379974365234,3473505.0,AMBUJACEM.NS
2005-04-04,55.470001220703125,56.95000076293945,54.130001068115234,56.54999923706055,38.6198616027832,5685442.0,AMBUJACEM.NS
2005-04-05,56.54999923706055,56.54999923706055,54.0,54.540000915527344,37.2471809387207,3140535.0,AMBUJACEM.NS
2005-04-06,54.529998779296875,55.33000183105469,54.36000061035156,55.04999923706055,37.595462799072266,2409502.0,AMBUJACEM.NS
2005-04-07,54.939998626708984,55.470001220703125,54.27000045776367,54.4900016784668,37.21302032470703,1541655.0,AMBUJACEM.NS
2005-04-08,54.79999923706055,54.9900016784668,53.41999816894531,53.93000030517578,36.83057403564453,3960780.0,AMBUJACEM.NS
2005-04-11,53.349998474121094,54.400001525878906,53.349998474121094,54.0,36.87838363647461,1645875.0,AMBUJACEM.NS
2005-04-12,54.130001068115234,54.380001068115234,53.77000045776367,54.130001068115234,36.967166900634766,1275180.0,AMBUJACEM.NS
2005-04-13,55.20000076293945,58.599998474121094,55.20000076293945,56.7400016784668,38.7496223449707,26391322.0,AMBUJACEM.NS
2005-04-15,57.84000015258789,57.84000015258789,55.33000183105469,56.18000030517578,38.36717987060547,8502780.0,AMBUJACEM.NS
2005-04-18,56.400001525878906,56.66999816894531,55.40999984741211,55.66999816894531,38.01887893676758,4953720.0,AMBUJACEM.NS
2005-04-19,56.0,56.75,55.529998779296875,55.77000045776367,38.087181091308594,5960482.0,AMBUJACEM.NS
2005-04-20,56.38999938964844,58.130001068115234,54.20000076293945,56.540000915527344,38.613033294677734,26029005.0,AMBUJACEM.NS
2005-04-21,56.650001525878906,57.599998474121094,55.72999954223633,57.45000076293945,39.23451232910156,5685915.0,AMBUJACEM.NS
2005-04-22,57.91999816894531,60.0,57.130001068115234,57.95000076293945,39.57597732543945,4163332.0,AMBUJACEM.NS
2005-04-25,58.0099983215332,58.90999984741211,56.68000030517578,58.2400016784668,39.77402877807617,3221887.0,AMBUJACEM.NS
2005-04-26,58.63999938964844,58.63999938964844,57.33000183105469,57.540000915527344,39.29597091674805,1972875.0,AMBUJACEM.NS
2005-04-27,57.72999954223633,57.72999954223633,56.130001068115234,56.45000076293945,38.551570892333984,1672065.0,AMBUJACEM.NS
2005-04-28,56.529998779296875,57.970001220703125,56.22999954223633,57.20000076293945,39.06377410888672,4252147.0,AMBUJACEM.NS
2005-04-29,57.20000076293945,57.20000076293945,55.869998931884766,56.099998474121094,38.31254959106445,3185160.0,AMBUJACEM.NS
2005-05-02,58.400001525878906,58.400001525878906,56.25,57.310001373291016,39.13889694213867,2735137.0,AMBUJACEM.NS
2005-05-03,57.470001220703125,57.869998931884766,57.20000076293945,57.439998626708984,39.227691650390625,2789857.0,AMBUJACEM.NS
2005-05-04,57.599998474121094,58.290000915527344,57.599998474121094,57.849998474121094,39.5076789855957,3092602.0,AMBUJACEM.NS
2005-05-05,54.150001525878906,57.599998474121094,54.150001525878906,56.849998474121094,39.36918640136719,1488405.0,AMBUJACEM.NS
2005-05-06,57.599998474121094,57.869998931884766,56.66999816894531,57.43000030517578,39.77083206176758,2430292.0,AMBUJACEM.NS
2005-05-09,57.599998474121094,58.27000045776367,57.43000030517578,58.04999923706055,40.200191497802734,2045940.0,AMBUJACEM.NS
2005-05-10,58.25,59.599998474121094,57.47999954223633,58.9900016784668,40.85114669799805,4513665.0,AMBUJACEM.NS
2005-05-11,59.20000076293945,59.20000076293945,57.470001220703125,58.83000183105469,40.740352630615234,1366777.0,AMBUJACEM.NS
2005-05-12,59.31999969482422,59.529998779296875,58.93000030517578,59.439998626708984,41.162776947021484,1137210.0,AMBUJACEM.NS
2005-05-13,59.33000183105469,59.91999816894531,58.939998626708984,59.290000915527344,41.058895111083984,2298967.0,AMBUJACEM.NS
2005-05-16,59.84000015258789,59.84000015258789,58.810001373291016,59.04999923706055,40.892704010009766,1210402.0,AMBUJACEM.NS
2005-05-17,59.25,59.90999984741211,58.66999816894531,59.380001068115234,41.12122344970703,2714482.0,AMBUJACEM.NS
2005-05-18,59.20000076293945,59.52000045776367,58.0,58.380001068115234,40.42871856689453,2697937.0,AMBUJACEM.NS
2005-05-19,58.66999816894531,59.36000061035156,58.66999816894531,59.099998474121094,40.92732238769531,1428382.0,AMBUJACEM.NS
2005-05-20,59.2400016784668,59.689998626708984,58.40999984741211,58.779998779296875,40.70571517944336,1435537.0,AMBUJACEM.NS
2005-05-23,58.79999923706055,59.189998626708984,58.130001068115234,58.290000915527344,40.36638259887695,1563135.0,AMBUJACEM.NS
2005-05-24,58.27000045776367,58.779998779296875,57.599998474121094,57.72999954223633,39.97859191894531,2872957.0,AMBUJACEM.NS
2005-05-25,58.310001373291016,58.470001220703125,57.79999923706055,58.18000030517578,40.29020690917969,794317.0,AMBUJACEM.NS
2005-05-26,58.130001068115234,58.66999816894531,57.849998474121094,58.2400016784668,40.33176803588867,3342052.0,AMBUJACEM.NS
2005-05-27,58.79999923706055,60.529998779296875,58.66999816894531,59.65999984741211,41.31513595581055,3497580.0,AMBUJACEM.NS
2005-05-30,59.869998931884766,60.18000030517578,59.380001068115234,59.72999954223633,41.36360549926758,1513215.0,AMBUJACEM.NS
2005-05-31,59.72999954223633,60.79999923706055,59.61000061035156,60.54999923706055,41.93145751953125,3088027.0,AMBUJACEM.NS
2005-06-01,60.79999923706055,60.93000030517578,59.400001525878906,60.130001068115234,41.640621185302734,2981767.0,AMBUJACEM.NS
2005-06-02,60.45000076293945,60.45000076293945,59.54999923706055,59.75,41.3774528503418,1564110.0,AMBUJACEM.NS
2005-06-03,59.869998931884766,59.869998931884766,58.68000030517578,59.189998626708984,40.989646911621094,3128782.0,AMBUJACEM.NS
2005-06-06,59.31999969482422,60.04999923706055,59.27000045776367,59.5,41.20433044433594,2687302.0,AMBUJACEM.NS
2005-06-07,59.79999923706055,61.189998626708984,59.61000061035156,60.619998931884766,41.97993850708008,2487930.0,AMBUJACEM.NS
2005-06-08,60.66999816894531,61.119998931884766,60.08000183105469,60.599998474121094,41.966087341308594,2980087.0,AMBUJACEM.NS
2005-06-09,60.599998474121094,61.16999816894531,60.130001068115234,60.33000183105469,41.77911376953125,4963132.0,AMBUJACEM.NS
2005-06-10,60.720001220703125,60.93000030517578,60.0,60.619998931884766,41.97993850708008,3548580.0,AMBUJACEM.NS
2005-06-13,60.79999923706055,61.529998779296875,60.400001525878906,61.34000015258789,42.478546142578125,3453862.0,AMBUJACEM.NS
2005-06-14,61.599998474121094,62.279998779296875,61.27000045776367,61.630001068115234,42.679378509521484,2351437.0,AMBUJACEM.NS
2005-06-15,62.0,62.0,61.2400016784668,61.36000061035156,42.492393493652344,1616835.0,AMBUJACEM.NS
2005-06-16,61.70000076293945,61.720001220703125,60.310001373291016,60.5099983215332,41.90376663208008,2932042.0,AMBUJACEM.NS
2005-06-17,60.529998779296875,60.66999816894531,59.66999816894531,60.209999084472656,41.696006774902344,4089885.0,AMBUJACEM.NS
2005-06-20,58.04999923706055,65.0,58.040000915527344,59.349998474121094,41.100460052490234,2648660.0,AMBUJACEM.NS
2005-06-21,59.0,63.0,58.25,62.70000076293945,43.42036819458008,2718192.0,AMBUJACEM.NS
2005-06-22,63.45000076293945,64.4000015258789,63.099998474121094,64.0999984741211,44.38987731933594,4141661.0,AMBUJACEM.NS
2005-06-23,65.0,66.19999694824219,64.05000305175781,64.55000305175781,44.70151138305664,4133240.0,AMBUJACEM.NS
2005-06-24,64.55000305175781,64.80000305175781,62.25,62.70000076293945,43.42036819458008,3188317.0,AMBUJACEM.NS
2005-06-27,63.45000076293945,63.45000076293945,61.20000076293945,62.150001525878906,43.03948211669922,4273095.0,AMBUJACEM.NS
2005-06-28,62.5,62.5,59.0,59.849998474121094,41.44670104980469,3556227.0,AMBUJACEM.NS
2005-06-29,60.400001525878906,60.400001525878906,58.400001525878906,59.79999923706055,41.41208267211914,3711386.0,AMBUJACEM.NS
2005-06-30,61.400001525878906,61.400001525878906,58.400001525878906,59.04999923706055,40.892704010009766,1816757.0,AMBUJACEM.NS
2005-07-01,59.70000076293945,60.150001525878906,58.5,59.75,41.3774528503418,1723827.0,AMBUJACEM.NS
2005-07-04,60.0,60.849998474121094,59.5,60.54999923706055,41.93145751953125,1413787.0,AMBUJACEM.NS
2005-07-05,61.900001525878906,61.900001525878906,59.650001525878906,59.900001525878906,41.4813346862793,1911998.0,AMBUJACEM.NS
2005-07-06,60.0,61.0,59.79999923706055,60.25,41.723716735839844,1698709.0,AMBUJACEM.NS
2005-07-07,60.099998474121094,61.54999923706055,59.5,59.900001525878906,41.4813346862793,2297494.0,AMBUJACEM.NS
2005-07-08,60.54999923706055,61.29999923706055,60.29999923706055,60.70000076293945,42.03534698486328,1066369.0,AMBUJACEM.NS
2005-07-11,61.400001525878906,62.849998474121094,60.900001525878906,62.400001525878906,43.21260070800781,3273157.0,AMBUJACEM.NS
2005-07-12,63.0,64.1500015258789,61.79999923706055,63.150001525878906,43.73198699951172,3825432.0,AMBUJACEM.NS
2005-07-13,63.599998474121094,64.0,62.0,62.25,43.108726501464844,2413751.0,AMBUJACEM.NS
2005-07-14,62.849998474121094,62.849998474121094,60.5,60.849998474121094,42.139217376708984,2425936.0,AMBUJACEM.NS
2005-07-15,62.0,62.0,60.099998474121094,60.75,42.06996536254883,1669850.0,AMBUJACEM.NS
2005-07-18,61.400001525878906,62.0,60.5,60.900001525878906,42.17384719848633,2486625.0,AMBUJACEM.NS
2005-07-19,61.099998474121094,62.20000076293945,60.5,61.70000076293945,42.72785186767578,2563268.0,AMBUJACEM.NS
2005-07-20,62.0,62.900001525878906,60.79999923706055,61.349998474121094,42.4854736328125,3218231.0,AMBUJACEM.NS
2005-07-21,62.400001525878906,63.099998474121094,61.70000076293945,62.25,43.108726501464844,4434308.0,AMBUJACEM.NS
2005-07-22,62.79999923706055,63.0,62.0,62.5,43.28186798095703,2891929.0,AMBUJACEM.NS
2005-07-25,63.0,64.3499984741211,62.70000076293945,63.95000076293945,44.28599166870117,5456496.0,AMBUJACEM.NS
2005-07-26,64.30000305175781,66.6500015258789,63.5,65.69999694824219,45.497886657714844,5238056.0,AMBUJACEM.NS
2005-07-27,66.0,66.6500015258789,64.0,66.1500015258789,45.80950927734375,1952001.0,AMBUJACEM.NS
2005-07-28,66.1500015258789,66.1500015258789,66.1500015258789,66.1500015258789,45.80950927734375,0.0,AMBUJACEM.NS
2005-07-29,64.1500015258789,66.4000015258789,63.95000076293945,64.44999694824219,44.63225173950195,2703734.0,AMBUJACEM.NS
2005-08-01,65.5,67.0999984741211,63.70000076293945,66.6500015258789,46.155784606933594,2981291.0,AMBUJACEM.NS
2005-08-02,67.0,67.5999984741211,66.75,67.4000015258789,46.67515563964844,3096326.0,AMBUJACEM.NS
2005-08-03,67.0,67.9000015258789,65.25,65.6500015258789,45.46327209472656,3312296.0,AMBUJACEM.NS
2005-08-04,65.5,66.75,65.0999984741211,65.80000305175781,45.567134857177734,2921253.0,AMBUJACEM.NS
2005-08-05,66.1500015258789,66.69999694824219,62.5,65.4000015258789,45.29013442993164,3399304.0,AMBUJACEM.NS
2005-08-08,65.5,65.94999694824219,62.599998474121094,63.04999923706055,43.66273880004883,3536931.0,AMBUJACEM.NS
2005-08-09,63.5,66.0,62.79999923706055,65.4000015258789,45.29013442993164,6956692.0,AMBUJACEM.NS
2005-08-10,66.44999694824219,66.75,64.5,64.94999694824219,44.97850036621094,3690875.0,AMBUJACEM.NS
2005-08-11,65.55000305175781,65.8499984741211,64.5,65.30000305175781,45.220890045166016,2781074.0,AMBUJACEM.NS
2005-08-12,65.0,67.0,64.9000015258789,65.55000305175781,45.394020080566406,4825997.0,AMBUJACEM.NS
2005-08-16,65.75,66.5999984741211,65.30000305175781,65.69999694824219,45.497886657714844,3012599.0,AMBUJACEM.NS
2005-08-17,66.5999984741211,67.0,64.30000305175781,64.80000305175781,45.28822326660156,3365427.0,AMBUJACEM.NS
2005-08-18,65.44999694824219,66.0999984741211,64.3499984741211,65.19999694824219,45.56777572631836,3273103.0,AMBUJACEM.NS
2005-08-19,66.0,66.44999694824219,64.8499984741211,65.3499984741211,45.672611236572266,4100448.0,AMBUJACEM.NS
2005-08-22,65.69999694824219,67.19999694824219,65.25,66.25,46.30160903930664,5861036.0,AMBUJACEM.NS
2005-08-23,66.0,66.5,64.0,64.19999694824219,44.868873596191406,2104709.0,AMBUJACEM.NS
2005-08-24,64.30000305175781,64.9000015258789,61.79999923706055,63.099998474121094,44.100101470947266,3304214.0,AMBUJACEM.NS
2005-08-25,63.099998474121094,64.0,62.54999923706055,63.54999923706055,44.41459655761719,5978612.0,AMBUJACEM.NS
2005-08-26,64.25,65.69999694824219,63.849998474121094,65.44999694824219,45.74250030517578,2397102.0,AMBUJACEM.NS
2005-08-29,65.8499984741211,66.5,63.79999923706055,65.3499984741211,45.672611236572266,1963861.0,AMBUJACEM.NS
2005-08-30,65.94999694824219,66.1500015258789,65.44999694824219,65.80000305175781,45.98710632324219,2210053.0,AMBUJACEM.NS
2005-08-31,66.1500015258789,66.1500015258789,65.0,65.44999694824219,45.74250030517578,3054353.0,AMBUJACEM.NS
2005-09-01,66.25,68.0,65.9000015258789,67.75,47.34994125366211,5757555.0,AMBUJACEM.NS
2005-09-02,68.5,69.19999694824219,67.1500015258789,68.80000305175781,48.08379364013672,4797640.0,AMBUJACEM.NS
2005-09-05,69.0999984741211,72.5999984741211,69.0999984741211,71.75,50.14551544189453,7724790.0,AMBUJACEM.NS
2005-09-06,72.19999694824219,72.4000015258789,70.4000015258789,70.9000015258789,49.551448822021484,3674732.0,AMBUJACEM.NS
2005-09-08,71.0,71.8499984741211,70.6500015258789,71.0999984741211,49.69123077392578,1919649.0,AMBUJACEM.NS
2005-09-09,70.30000305175781,71.8499984741211,70.0999984741211,70.5999984741211,49.341793060302734,1790146.0,AMBUJACEM.NS
2005-09-12,71.0,71.30000305175781,70.1500015258789,70.5999984741211,49.341793060302734,1895971.0,AMBUJACEM.NS
2005-09-13,70.75,71.30000305175781,70.0,70.19999694824219,49.06224060058594,1126428.0,AMBUJACEM.NS
2005-09-14,70.5,71.30000305175781,70.19999694824219,70.5999984741211,49.341793060302734,2817545.0,AMBUJACEM.NS
2005-09-15,71.0,73.5,70.69999694824219,73.1500015258789,51.12395477294922,4373398.0,AMBUJACEM.NS
2005-09-16,74.30000305175781,74.30000305175781,73.0999984741211,73.6500015258789,51.473426818847656,2508212.0,AMBUJACEM.NS
2005-09-19,73.5,74.0,73.3499984741211,73.6500015258789,51.473426818847656,1904296.0,AMBUJACEM.NS
2005-09-20,73.9000015258789,73.9000015258789,71.55000305175781,71.9000015258789,50.25034713745117,2476937.0,AMBUJACEM.NS
2005-09-21,72.5,72.5,68.5,70.5,49.271915435791016,1956792.0,AMBUJACEM.NS
2005-09-22,70.5,71.0,66.80000305175781,67.9000015258789,47.45479965209961,3891090.0,AMBUJACEM.NS
2005-09-23,68.9000015258789,70.44999694824219,67.6500015258789,69.69999694824219,48.712799072265625,2255600.0,AMBUJACEM.NS
2005-09-26,71.80000305175781,73.3499984741211,70.0999984741211,73.05000305175781,51.054080963134766,4545114.0,AMBUJACEM.NS
2005-09-27,73.44999694824219,74.0,71.75,73.6500015258789,51.473426818847656,2827712.0,AMBUJACEM.NS
2005-09-28,74.0,74.4000015258789,73.0,74.0,51.71803665161133,2319316.0,AMBUJACEM.NS
2005-09-29,74.0,77.19999694824219,74.0,76.0999984741211,53.18568801879883,7112917.0,AMBUJACEM.NS
2005-09-30,76.19999694824219,78.0,74.55000305175781,77.0,53.81470489501953,4223938.0,AMBUJACEM.NS
2005-10-03,77.25,78.9000015258789,76.9000015258789,78.5,54.86304473876953,3779408.0,AMBUJACEM.NS
2005-10-04,78.55000305175781,79.30000305175781,76.05000305175781,76.25,53.29054641723633,3495304.0,AMBUJACEM.NS
2005-10-05,76.44999694824219,78.0,75.25,77.30000305175781,54.02438735961914,4751617.0,AMBUJACEM.NS
2005-10-06,77.0,77.0,75.0,76.05000305175781,53.15076446533203,1887742.0,AMBUJACEM.NS
2005-10-07,76.05000305175781,76.3499984741211,74.0999984741211,76.0,53.115806579589844,1349263.0,AMBUJACEM.NS
2005-10-10,76.44999694824219,76.5,73.0,74.19999694824219,51.857810974121094,1135998.0,AMBUJACEM.NS
2005-10-11,74.6500015258789,75.44999694824219,70.80000305175781,73.05000305175781,51.054080963134766,3308096.0,AMBUJACEM.NS
2005-10-13,73.05000305175781,75.0,71.30000305175781,72.5,50.669700622558594,3886725.0,AMBUJACEM.NS
2005-10-14,72.9000015258789,72.9000015258789,66.55000305175781,67.19999694824219,46.96556091308594,8442587.0,AMBUJACEM.NS
2005-10-17,68.44999694824219,68.8499984741211,66.5,68.1500015258789,47.6295166015625,4111773.0,AMBUJACEM.NS
2005-10-18,68.30000305175781,69.1500015258789,66.0,66.3499984741211,46.371498107910156,4638294.0,AMBUJACEM.NS
2005-10-19,66.0,67.0,62.75,65.8499984741211,46.02206039428711,7887576.0,AMBUJACEM.NS
2005-10-20,66.5,68.0,65.25,66.8499984741211,46.720947265625,2851402.0,AMBUJACEM.NS
2005-10-21,67.0,69.5,66.25,68.69999694824219,48.013916015625,4294814.0,AMBUJACEM.NS
2005-10-24,69.55000305175781,72.0999984741211,68.5,70.1500015258789,49.02729415893555,4815827.0,AMBUJACEM.NS
2005-10-25,70.5999984741211,71.4000015258789,69.3499984741211,69.80000305175781,48.78268814086914,4399721.0,AMBUJACEM.NS
2005-10-26,70.0,71.0,69.0,69.9000015258789,48.85258483886719,1735612.0,AMBUJACEM.NS
2005-10-27,70.5,70.5,65.55000305175781,66.94999694824219,46.79084014892578,3649945.0,AMBUJACEM.NS
2005-10-28,67.05000305175781,68.0999984741211,66.0999984741211,67.6500015258789,47.28007507324219,3053020.0,AMBUJACEM.NS
2005-10-31,68.19999694824219,70.69999694824219,67.0,69.44999694824219,48.53806686401367,3462490.0,AMBUJACEM.NS
2005-11-02,70.0,73.5999984741211,69.5999984741211,73.05000305175781,51.054080963134766,4605414.0,AMBUJACEM.NS
2005-11-04,73.05000305175781,73.05000305175781,73.05000305175781,73.05000305175781,51.054080963134766,0.0,AMBUJACEM.NS
2005-11-07,74.5,74.5,72.1500015258789,73.0,51.01914596557617,5662011.0,AMBUJACEM.NS
2005-11-08,74.0,75.0999984741211,72.69999694824219,73.69999694824219,51.508365631103516,7568323.0,AMBUJACEM.NS
2005-11-09,74.0,74.80000305175781,72.0,73.69999694824219,51.508365631103516,4543856.0,AMBUJACEM.NS
2005-11-10,73.69999694824219,74.30000305175781,72.55000305175781,73.0999984741211,51.08901596069336,5481986.0,AMBUJACEM.NS
2005-11-11,74.0,75.25,73.6500015258789,74.9000015258789,52.34703826904297,5099448.0,AMBUJACEM.NS
2005-11-14,74.75,76.05000305175781,72.5999984741211,73.80000305175781,51.57826614379883,7362401.0,AMBUJACEM.NS
2005-11-16,74.0,75.4000015258789,73.94999694824219,75.05000305175781,52.45188903808594,5031841.0,AMBUJACEM.NS
2005-11-17,75.0,75.69999694824219,73.75,74.9000015258789,52.34703826904297,3318546.0,AMBUJACEM.NS
2005-11-18,74.94999694824219,79.4000015258789,74.8499984741211,78.9000015258789,55.142616271972656,12061261.0,AMBUJACEM.NS
2005-11-21,79.0999984741211,80.25,78.1500015258789,78.9000015258789,55.142616271972656,7364971.0,AMBUJACEM.NS
2005-11-22,79.0,80.0,77.80000305175781,78.19999694824219,54.653358459472656,3954213.0,AMBUJACEM.NS
2005-11-23,78.0,81.1500015258789,78.0,80.5,56.260833740234375,6329702.0,AMBUJACEM.NS
2005-11-24,80.0,82.0,80.0,81.30000305175781,56.8199462890625,8515953.0,AMBUJACEM.NS
2005-11-25,81.30000305175781,82.30000305175781,80.5999984741211,82.0,57.30916976928711,3013994.0,AMBUJACEM.NS
2005-11-28,82.30000305175781,82.69999694824219,80.9000015258789,82.05000305175781,57.344112396240234,2593127.0,AMBUJACEM.NS
2005-11-29,82.0999984741211,83.0,80.5999984741211,82.5999984741211,57.72850799560547,4010312.0,AMBUJACEM.NS
2005-11-30,82.8499984741211,83.19999694824219,80.1500015258789,80.6500015258789,56.36566925048828,4032422.0,AMBUJACEM.NS
2005-12-01,81.0,83.69999694824219,79.05000305175781,83.1500015258789,58.11289978027344,4910557.0,AMBUJACEM.NS
2005-12-02,83.6500015258789,84.8499984741211,82.75,83.80000305175781,58.567169189453125,3838044.0,AMBUJACEM.NS
2005-12-05,84.0,85.44999694824219,81.5999984741211,82.0999984741211,57.37907028198242,3808098.0,AMBUJACEM.NS
2005-12-06,85.4000015258789,85.4000015258789,80.0,80.4000015258789,56.190940856933594,2855634.0,AMBUJACEM.NS
2005-12-07,80.94999694824219,82.0,80.5999984741211,81.6500015258789,57.0645637512207,2401812.0,AMBUJACEM.NS
2005-12-08,82.0999984741211,82.69999694824219,80.0,82.3499984741211,57.55376434326172,3862714.0,AMBUJACEM.NS
2005-12-09,81.94999694824219,82.80000305175781,81.80000305175781,82.0999984741211,57.37907028198242,927871.0,AMBUJACEM.NS
2005-12-12,82.5,82.8499984741211,81.44999694824219,81.94999694824219,57.274227142333984,1027874.0,AMBUJACEM.NS
2005-12-13,81.94999694824219,84.19999694824219,81.05000305175781,83.8499984741211,58.60212326049805,3240425.0,AMBUJACEM.NS
2005-12-14,83.5,84.3499984741211,80.75,81.25,56.785003662109375,4730720.0,AMBUJACEM.NS
2005-12-15,81.80000305175781,82.0,79.0999984741211,79.69999694824219,55.701717376708984,1757076.0,AMBUJACEM.NS
2005-12-16,80.0999984741211,81.25,79.19999694824219,80.0,55.9113883972168,2539092.0,AMBUJACEM.NS
2005-12-19,80.80000305175781,82.4000015258789,80.80000305175781,81.69999694824219,57.09950637817383,3962230.0,AMBUJACEM.NS
2005-12-20,82.4000015258789,83.3499984741211,81.69999694824219,82.0,57.30916976928711,3783016.0,AMBUJACEM.NS
2005-12-21,83.0,84.0,80.9000015258789,81.3499984741211,56.854881286621094,5283897.0,AMBUJACEM.NS
2005-12-22,82.0,82.55000305175781,81.30000305175781,82.0999984741211,57.37907028198242,2028362.0,AMBUJACEM.NS
2005-12-23,83.0,83.0,80.5,80.75,56.43555450439453,2076143.0,AMBUJACEM.NS
2005-12-26,80.94999694824219,80.94999694824219,76.5,76.9000015258789,53.74480438232422,2190093.0,AMBUJACEM.NS
2005-12-27,77.0,78.9000015258789,76.25,78.44999694824219,54.8281135559082,1967948.0,AMBUJACEM.NS
2005-12-28,79.0,79.69999694824219,78.05000305175781,78.5999984741211,54.93292999267578,2111519.0,AMBUJACEM.NS
2005-12-29,79.0,79.6500015258789,78.1500015258789,78.6500015258789,54.967891693115234,3095865.0,AMBUJACEM.NS
2005-12-30,78.5,80.5,78.5,79.9000015258789,55.84148406982422,2372526.0,AMBUJACEM.NS
2006-01-02,80.5,80.5,79.05000305175781,79.30000305175781,55.42216491699219,1260827.0,AMBUJACEM.NS
2006-01-03,80.0,81.55000305175781,79.5,81.0999984741211,56.68015670776367,2689642.0,AMBUJACEM.NS
2006-01-04,82.44999694824219,88.5999984741211,81.5,87.75,61.32780838012695,10009809.0,AMBUJACEM.NS
2006-01-05,87.9000015258789,90.69999694824219,87.0999984741211,87.6500015258789,61.25790786743164,10616911.0,AMBUJACEM.NS
2006-01-06,87.94999694824219,88.6500015258789,85.0,87.4000015258789,61.08317947387695,4817533.0,AMBUJACEM.NS
2006-01-09,88.0,88.25,86.0,86.4000015258789,60.3842887878418,2970951.0,AMBUJACEM.NS
2006-01-10,86.5,88.9000015258789,85.9000015258789,87.75,61.32780838012695,7098144.0,AMBUJACEM.NS
2006-01-12,87.19999694824219,90.1500015258789,85.30000305175781,88.25,61.677242279052734,7482608.0,AMBUJACEM.NS
2006-01-13,88.5,91.0,88.5,89.0,62.201416015625,6361627.0,AMBUJACEM.NS
2006-01-16,89.5,90.25,88.0,89.44999694824219,62.51593017578125,3167202.0,AMBUJACEM.NS
2006-01-17,89.55000305175781,90.3499984741211,87.0999984741211,88.1500015258789,61.607364654541016,3981798.0,AMBUJACEM.NS
2006-01-18,88.9000015258789,90.80000305175781,86.5,89.69999694824219,62.690650939941406,3284491.0,AMBUJACEM.NS
2006-01-19,91.0,91.80000305175781,90.1500015258789,90.75,63.42448425292969,5055892.0,AMBUJACEM.NS
2006-01-20,90.80000305175781,92.0,89.80000305175781,90.0999984741211,62.970191955566406,3046342.0,AMBUJACEM.NS
2006-01-23,90.1500015258789,91.0,88.0999984741211,90.0,62.90031814575195,3170472.0,AMBUJACEM.NS
2006-01-24,90.80000305175781,90.80000305175781,89.25,89.6500015258789,62.65569305419922,2271252.0,AMBUJACEM.NS
2006-01-25,90.0,90.19999694824219,88.5,88.9000015258789,62.131526947021484,4526773.0,AMBUJACEM.NS
2006-01-27,90.0,92.5,89.5999984741211,91.8499984741211,64.19324493408203,6299696.0,AMBUJACEM.NS
2006-01-30,92.5,92.5,90.05000305175781,90.5,63.249752044677734,24384960.0,AMBUJACEM.NS
2006-01-31,92.0,92.0,88.19999694824219,88.55000305175781,61.88691711425781,10238436.0,AMBUJACEM.NS
2006-02-01,89.0,89.4000015258789,84.75,85.25,59.5805778503418,13490665.0,AMBUJACEM.NS
2006-02-02,86.0,86.8499984741211,84.75,85.1500015258789,59.510684967041016,9438904.0,AMBUJACEM.NS
2006-02-03,82.80000305175781,85.80000305175781,82.80000305175781,84.5999984741211,59.12630081176758,6126416.0,AMBUJACEM.NS
2006-02-06,85.5,86.5999984741211,84.44999694824219,86.30000305175781,60.31440734863281,4218387.0,AMBUJACEM.NS
2006-02-07,86.94999694824219,88.5,86.5,88.0999984741211,61.57240676879883,7881829.0,AMBUJACEM.NS
2006-02-08,88.0,89.0,86.5,88.0,61.50252151489258,4310150.0,AMBUJACEM.NS
2006-02-10,88.0,88.9000015258789,87.6500015258789,88.0999984741211,61.57240676879883,3728655.0,AMBUJACEM.NS
2006-02-13,88.5,89.0,86.30000305175781,87.69999694824219,61.292842864990234,4162860.0,AMBUJACEM.NS
2006-02-14,88.0,88.0,85.5,86.05000305175781,60.13970184326172,4264413.0,AMBUJACEM.NS
2006-02-15,86.94999694824219,86.94999694824219,84.69999694824219,85.30000305175781,59.61552429199219,6285585.0,AMBUJACEM.NS
2006-02-16,85.4000015258789,86.6500015258789,85.3499984741211,85.5999984741211,59.8251953125,2947478.0,AMBUJACEM.NS
2006-02-17,85.5999984741211,86.9000015258789,85.3499984741211,85.55000305175781,59.79024887084961,2755344.0,AMBUJACEM.NS
2006-02-20,85.5,87.0999984741211,84.05000305175781,86.4000015258789,60.3842887878418,5727559.0,AMBUJACEM.NS
2006-02-21,87.0,87.19999694824219,86.0,86.80000305175781,60.663848876953125,3585362.0,AMBUJACEM.NS
2006-02-22,87.5,89.9000015258789,85.5999984741211,85.9000015258789,60.03485870361328,2777411.0,AMBUJACEM.NS
2006-02-23,85.9000015258789,87.1500015258789,84.05000305175781,84.5999984741211,59.12630081176758,7285416.0,AMBUJACEM.NS
2006-02-24,85.80000305175781,87.19999694824219,85.0,86.55000305175781,60.48914337158203,3815493.0,AMBUJACEM.NS
2006-02-27,86.4000015258789,89.25,86.4000015258789,88.5,61.85195541381836,4855349.0,AMBUJACEM.NS
2006-02-28,89.25,89.8499984741211,86.19999694824219,88.30000305175781,61.71217346191406,7018667.0,AMBUJACEM.NS
2006-03-01,88.0,91.5,87.5999984741211,90.9000015258789,63.52933120727539,9599349.0,AMBUJACEM.NS
2006-03-02,91.80000305175781,93.5,91.0,91.3499984741211,63.843833923339844,8549358.0,AMBUJACEM.NS
2006-03-03,92.0,92.5,90.05000305175781,91.1500015258789,63.70402908325195,3634458.0,AMBUJACEM.NS
2006-03-06,91.0,91.80000305175781,90.69999694824219,91.0,63.59920120239258,2217521.0,AMBUJACEM.NS
2006-03-07,91.19999694824219,93.69999694824219,90.0,93.30000305175781,65.20665740966797,5601637.0,AMBUJACEM.NS
2006-03-08,94.0,95.1500015258789,91.5,92.05000305175781,64.33304595947266,8655756.0,AMBUJACEM.NS
2006-03-09,92.05000305175781,98.5,91.6500015258789,98.05000305175781,68.5263900756836,13176079.0,AMBUJACEM.NS
2006-03-10,99.0,102.0,98.4000015258789,99.30000305175781,69.40000915527344,13801152.0,AMBUJACEM.NS
2006-03-13,100.0,100.9000015258789,97.05000305175781,97.8499984741211,68.3866195678711,4819708.0,AMBUJACEM.NS
2006-03-14,98.0,100.4000015258789,97.0999984741211,97.75,68.31672668457031,4403170.0,AMBUJACEM.NS
2006-03-16,99.25,101.69999694824219,98.5999984741211,99.3499984741211,69.43495178222656,4491105.0,AMBUJACEM.NS
2006-03-17,99.5999984741211,99.5999984741211,96.19999694824219,97.75,68.31672668457031,3201369.0,AMBUJACEM.NS
2006-03-20,98.0,100.94999694824219,98.0,99.05000305175781,69.22528076171875,3290895.0,AMBUJACEM.NS
2006-03-21,99.05000305175781,99.80000305175781,96.55000305175781,97.25,67.9672622680664,2164216.0,AMBUJACEM.NS
2006-03-22,97.44999694824219,97.5,95.0,96.0,67.0936508178711,2908685.0,AMBUJACEM.NS
2006-03-23,96.94999694824219,96.94999694824219,94.75,96.19999694824219,67.23342895507812,3715125.0,AMBUJACEM.NS
2006-03-24,96.5,97.0,95.80000305175781,96.5,67.44310760498047,2149349.0,AMBUJACEM.NS
2006-03-27,96.5,99.3499984741211,96.5,98.30000305175781,68.70112609863281,3669251.0,AMBUJACEM.NS
2006-03-28,99.0,100.9000015258789,97.80000305175781,99.4000015258789,69.46990203857422,9164109.0,AMBUJACEM.NS
2006-03-29,99.80000305175781,103.5,98.5999984741211,103.05000305175781,72.0208511352539,6013516.0,AMBUJACEM.NS
2006-03-30,104.30000305175781,105.0,101.69999694824219,102.55000305175781,71.6714096069336,6431502.0,AMBUJACEM.NS
2006-03-31,104.0,105.30000305175781,102.0999984741211,103.30000305175781,72.19558715820312,4496870.0,AMBUJACEM.NS
2006-04-03,104.0,106.9000015258789,103.30000305175781,106.25,74.2573013305664,7613310.0,AMBUJACEM.NS
2006-04-04,107.0999984741211,108.0,104.0999984741211,105.1500015258789,73.48851776123047,2986466.0,AMBUJACEM.NS
2006-04-05,105.5,107.25,104.80000305175781,107.0,74.78148651123047,3034814.0,AMBUJACEM.NS
2006-04-07,107.4000015258789,111.05000305175781,106.0,108.25,75.65511322021484,9612506.0,AMBUJACEM.NS
2006-04-10,108.0,113.19999694824219,108.0,112.8499984741211,78.86998748779297,6632278.0,AMBUJACEM.NS
2006-04-12,113.0999984741211,113.9000015258789,106.5999984741211,108.5999984741211,75.89969635009766,6147711.0,AMBUJACEM.NS
2006-04-13,106.44999694824219,111.75,98.0,109.25,76.3539810180664,8671358.0,AMBUJACEM.NS
2006-04-17,112.9000015258789,118.75,110.69999694824219,117.9000015258789,82.39940643310547,14414682.0,AMBUJACEM.NS
2006-04-18,119.0,120.9000015258789,114.4000015258789,115.8499984741211,80.96669006347656,12699417.0,AMBUJACEM.NS
2006-04-19,116.0,119.3499984741211,115.0,117.9000015258789,82.39940643310547,9413563.0,AMBUJACEM.NS
2006-04-20,119.0,119.0,116.19999694824219,117.5,82.11986541748047,5365232.0,AMBUJACEM.NS
2006-04-21,118.0,121.0,116.80000305175781,119.80000305175781,83.72731018066406,7247385.0,AMBUJACEM.NS
2006-04-24,120.30000305175781,120.80000305175781,118.5,120.0,83.86707305908203,3794749.0,AMBUJACEM.NS
2006-04-25,119.6500015258789,121.6500015258789,116.75,117.19999694824219,81.9101791381836,2617888.0,AMBUJACEM.NS
2006-04-26,117.69999694824219,119.3499984741211,116.0999984741211,118.44999694824219,82.7837905883789,6138139.0,AMBUJACEM.NS
2006-04-27,119.19999694824219,121.5999984741211,116.05000305175781,116.44999694824219,81.3860092163086,5421340.0,AMBUJACEM.NS
2006-04-28,115.0,117.5999984741211,104.0,116.25,81.24622344970703,5573862.0,AMBUJACEM.NS
2006-05-02,126.0,128.25,120.5999984741211,122.1500015258789,85.36968994140625,12872412.0,AMBUJACEM.NS
2006-05-03,118.5,128.0,118.25,126.05000305175781,88.09538269042969,16789596.0,AMBUJACEM.NS
2006-05-04,127.0,127.0,118.0,119.05000305175781,83.86852264404297,19381781.0,AMBUJACEM.NS
2006-05-05,119.0,121.44999694824219,115.3499984741211,117.69999694824219,82.91743469238281,22889873.0,AMBUJACEM.NS
2006-05-08,120.0,120.44999694824219,118.19999694824219,119.75,84.36163330078125,4404177.0,AMBUJACEM.NS
2006-05-09,120.9000015258789,121.8499984741211,119.5,120.30000305175781,84.74910736083984,4406845.0,AMBUJACEM.NS
2006-05-10,120.75,121.0,116.25,116.9000015258789,82.35385131835938,5616926.0,AMBUJACEM.NS
2006-05-11,118.0,118.69999694824219,113.5999984741211,114.6500015258789,80.76876831054688,5661165.0,AMBUJACEM.NS
2006-05-12,113.9000015258789,114.19999694824219,104.25,105.80000305175781,74.53411102294922,19569839.0,AMBUJACEM.NS
2006-05-15,106.0,108.5999984741211,98.5,101.1500015258789,71.2582778930664,15588360.0,AMBUJACEM.NS
2006-05-16,103.0,109.9000015258789,97.05000305175781,108.80000305175781,76.64757537841797,15983127.0,AMBUJACEM.NS
2006-05-17,111.0,112.4000015258789,107.25,108.75,76.61234283447266,10976437.0,AMBUJACEM.NS
2006-05-18,108.0,108.9000015258789,96.0,98.0,69.03916931152344,15086123.0,AMBUJACEM.NS
2006-05-19,103.0,103.80000305175781,92.5,94.9000015258789,66.85527038574219,16412603.0,AMBUJACEM.NS
2006-05-22,96.5,98.25,90.55000305175781,90.55000305175781,63.7907829284668,17556584.0,AMBUJACEM.NS
2006-05-23,92.0,97.30000305175781,90.0,95.05000305175781,66.9609603881836,15032050.0,AMBUJACEM.NS
2006-05-24,95.30000305175781,98.69999694824219,93.0,94.69999694824219,66.71436309814453,10328748.0,AMBUJACEM.NS
2006-05-25,94.0999984741211,98.3499984741211,87.0,95.69999694824219,67.4188461303711,9768602.0,AMBUJACEM.NS
2006-05-26,96.5,100.5,96.5,98.6500015258789,69.49708557128906,11157457.0,AMBUJACEM.NS
2006-05-29,95.0999984741211,101.30000305175781,95.0999984741211,97.9000015258789,68.96870422363281,6270781.0,AMBUJACEM.NS
2006-05-30,98.0,99.0,94.5999984741211,95.3499984741211,67.17228698730469,4084810.0,AMBUJACEM.NS
2006-05-31,93.0,95.0,88.4000015258789,92.80000305175781,65.37584686279297,11097202.0,AMBUJACEM.NS
2006-06-01,93.80000305175781,98.5,89.25,91.6500015258789,64.56571197509766,10164524.0,AMBUJACEM.NS
2006-06-02,90.0,94.55000305175781,89.0,93.25,65.69286346435547,7316612.0,AMBUJACEM.NS
2006-06-05,93.0,94.25,90.0,90.19999694824219,63.54419708251953,3282740.0,AMBUJACEM.NS
2006-06-06,89.0,91.0,86.55000305175781,89.9000015258789,63.332862854003906,9204198.0,AMBUJACEM.NS
2006-06-07,90.25,91.6500015258789,86.30000305175781,88.25,62.17047119140625,9710515.0,AMBUJACEM.NS
2006-06-08,88.25,88.55000305175781,80.0999984741211,87.05000305175781,61.32508850097656,9485902.0,AMBUJACEM.NS
2006-06-09,87.5,92.94999694824219,86.0,91.55000305175781,64.49525451660156,6903963.0,AMBUJACEM.NS
2006-06-12,90.1500015258789,92.0,89.75,89.94999694824219,63.36807632446289,5330688.0,AMBUJACEM.NS
2006-06-13,88.5999984741211,90.9000015258789,85.0999984741211,86.5,60.93763732910156,11826791.0,AMBUJACEM.NS
2006-06-14,87.0,89.94999694824219,83.0999984741211,84.44999694824219,59.493438720703125,8238467.0,AMBUJACEM.NS
2006-06-15,87.5,92.94999694824219,86.30000305175781,91.94999694824219,64.77704620361328,6717671.0,AMBUJACEM.NS
2006-06-16,93.80000305175781,95.0,90.25,91.4000015258789,64.38958740234375,6448736.0,AMBUJACEM.NS
2006-06-19,92.0,92.5,88.8499984741211,92.0999984741211,64.88274383544922,8910313.0,AMBUJACEM.NS
2006-06-20,92.25,92.25,89.0999984741211,90.30000305175781,63.614646911621094,10745030.0,AMBUJACEM.NS
2006-06-21,90.0,93.5,89.5,92.8499984741211,65.41109466552734,10052607.0,AMBUJACEM.NS
2006-06-22,94.0,96.0,94.0,94.8499984741211,66.82006072998047,6393451.0,AMBUJACEM.NS
2006-06-23,93.94999694824219,96.9000015258789,92.05000305175781,96.19999694824219,67.77107238769531,4434250.0,AMBUJACEM.NS
2006-06-26,96.5,98.3499984741211,93.5,94.0999984741211,66.29166412353516,6274733.0,AMBUJACEM.NS
2006-06-27,95.0,95.3499984741211,92.30000305175781,94.5,66.573486328125,5582981.0,AMBUJACEM.NS
2006-06-28,93.5999984741211,95.9000015258789,92.0,93.55000305175781,65.90423583984375,2382440.0,AMBUJACEM.NS
2006-06-29,94.5,96.30000305175781,93.19999694824219,93.8499984741211,66.11556243896484,6213385.0,AMBUJACEM.NS
2006-06-30,95.9000015258789,100.0,95.05000305175781,99.44999694824219,70.06065368652344,6714475.0,AMBUJACEM.NS
2006-07-03,100.0,100.0999984741211,98.25,99.05000305175781,69.77885437011719,3792558.0,AMBUJACEM.NS
2006-07-04,99.05000305175781,101.44999694824219,98.9000015258789,99.19999694824219,69.884521484375,3550842.0,AMBUJACEM.NS
2006-07-05,99.0,103.0,98.0999984741211,102.80000305175781,72.4206771850586,6656401.0,AMBUJACEM.NS
2006-07-06,101.0,103.44999694824219,100.5999984741211,102.6500015258789,72.31499481201172,6294986.0,AMBUJACEM.NS
2006-07-07,103.0,104.5999984741211,99.05000305175781,100.1500015258789,70.55378723144531,7337741.0,AMBUJACEM.NS
2006-07-10,100.5,103.5,99.5,103.19999694824219,72.70244598388672,3573338.0,AMBUJACEM.NS
2006-07-11,104.0,106.25,102.0999984741211,105.8499984741211,74.56932830810547,5026009.0,AMBUJACEM.NS
2006-07-12,105.94999694824219,109.9000015258789,103.0,109.0999984741211,76.85889434814453,9758667.0,AMBUJACEM.NS
2006-07-13,109.0999984741211,110.4000015258789,107.5,108.80000305175781,76.64757537841797,5904796.0,AMBUJACEM.NS
2006-07-14,107.1500015258789,108.0,104.80000305175781,107.0,75.37948608398438,5109642.0,AMBUJACEM.NS
2006-07-17,105.05000305175781,108.4000015258789,103.0999984741211,104.05000305175781,73.30128479003906,7863916.0,AMBUJACEM.NS
2006-07-18,104.0,106.0,100.4000015258789,102.1500015258789,71.9627685546875,6401087.0,AMBUJACEM.NS
2006-07-19,103.19999694824219,104.75,98.55000305175781,99.5,70.09589385986328,8341761.0,AMBUJACEM.NS
2006-07-20,102.0,105.5999984741211,101.5,103.55000305175781,72.94903564453125,8002751.0,AMBUJACEM.NS
2006-07-21,103.05000305175781,103.05000305175781,99.0,99.5,70.09589385986328,5207255.0,AMBUJACEM.NS
2006-07-24,99.0,100.9000015258789,96.55000305175781,100.19999694824219,70.58900451660156,4462205.0,AMBUJACEM.NS
2006-07-25,102.0,104.1500015258789,100.80000305175781,103.6500015258789,73.01947784423828,5483767.0,AMBUJACEM.NS
2006-07-26,104.44999694824219,106.5,104.25,105.30000305175781,74.18187713623047,4895078.0,AMBUJACEM.NS
2006-07-27,105.5,106.0,103.0999984741211,104.3499984741211,73.51260375976562,3932696.0,AMBUJACEM.NS
2006-07-28,105.0,106.4000015258789,103.0,105.0,73.97052001953125,4750977.0,AMBUJACEM.NS
2006-07-31,106.0,107.5999984741211,103.6500015258789,104.5,73.6182861328125,3333416.0,AMBUJACEM.NS
2006-08-01,104.0,104.9000015258789,101.5,103.05000305175781,72.59678649902344,3709671.0,AMBUJACEM.NS
2006-08-02,103.5,106.05000305175781,103.05000305175781,105.8499984741211,74.56932830810547,6016780.0,AMBUJACEM.NS
2006-08-03,106.94999694824219,108.0,105.5,106.0999984741211,74.7454605102539,6416261.0,AMBUJACEM.NS
2006-08-04,106.0999984741211,107.19999694824219,105.0,106.0,74.67500305175781,3654435.0,AMBUJACEM.NS
2006-08-07,104.25,106.0,103.5999984741211,103.94999694824219,73.23081970214844,2438858.0,AMBUJACEM.NS
2006-08-08,105.6500015258789,105.6500015258789,102.25,105.0999984741211,74.04098510742188,1182422.0,AMBUJACEM.NS
2006-08-09,105.4000015258789,107.0999984741211,104.0999984741211,106.8499984741211,75.2738265991211,2420495.0,AMBUJACEM.NS
2006-08-10,106.80000305175781,108.25,105.30000305175781,106.44999694824219,74.99201202392578,4240621.0,AMBUJACEM.NS
2006-08-11,106.9000015258789,107.9000015258789,105.3499984741211,106.3499984741211,74.92157745361328,2707224.0,AMBUJACEM.NS
2006-08-14,107.5,108.5,106.5,108.0,76.0839614868164,3121337.0,AMBUJACEM.NS
2006-08-16,109.0,109.8499984741211,108.0999984741211,108.80000305175781,76.64757537841797,5428626.0,AMBUJACEM.NS
2006-08-17,109.0,109.5,107.0999984741211,108.0999984741211,76.15442657470703,1489328.0,AMBUJACEM.NS
2006-08-18,109.0,110.55000305175781,107.3499984741211,110.05000305175781,77.52816009521484,3805996.0,AMBUJACEM.NS
2006-08-21,110.9000015258789,111.0999984741211,108.19999694824219,110.55000305175781,77.88040161132812,2541538.0,AMBUJACEM.NS
2006-08-22,111.0,112.0,109.19999694824219,109.80000305175781,77.35204315185547,3253390.0,AMBUJACEM.NS
2006-08-23,110.0,110.75,108.80000305175781,110.0999984741211,77.56338500976562,5257839.0,AMBUJACEM.NS
2006-08-24,109.05000305175781,114.4000015258789,109.0,113.94999694824219,80.27561950683594,6012170.0,AMBUJACEM.NS
2006-08-25,114.0,114.9000015258789,113.75,114.19999694824219,80.45173645019531,2521533.0,AMBUJACEM.NS
2006-08-28,114.0,116.4000015258789,113.5,116.0,81.7198257446289,2519876.0,AMBUJACEM.NS
2006-08-29,118.0,118.0,114.30000305175781,114.75,80.83921813964844,2669121.0,AMBUJACEM.NS
2006-08-30,114.75,115.25,113.1500015258789,114.75,80.83921813964844,1868165.0,AMBUJACEM.NS
2006-08-31,115.4000015258789,115.4000015258789,111.55000305175781,112.3499984741211,79.14847564697266,3987100.0,AMBUJACEM.NS
2006-09-01,112.5,114.5,112.30000305175781,113.6500015258789,80.06428527832031,1028343.0,AMBUJACEM.NS
2006-09-04,115.30000305175781,115.30000305175781,114.0,114.3499984741211,80.55743408203125,1127061.0,AMBUJACEM.NS
2006-09-05,114.3499984741211,116.19999694824219,114.0,115.8499984741211,81.61415100097656,2405648.0,AMBUJACEM.NS
2006-09-06,110.0,117.0,110.0,116.6500015258789,82.17774200439453,3324194.0,AMBUJACEM.NS
2006-09-07,116.0,116.9000015258789,115.0,115.5,81.36758422851562,2254941.0,AMBUJACEM.NS
2006-09-08,115.5,116.5,114.75,115.25,81.19145202636719,1012248.0,AMBUJACEM.NS
2006-09-11,115.0,115.5999984741211,109.05000305175781,110.0,77.49295806884766,2143963.0,AMBUJACEM.NS
2006-09-12,110.0,112.25,107.5999984741211,111.80000305175781,78.7610092163086,2739247.0,AMBUJACEM.NS
2006-09-13,112.80000305175781,114.0999984741211,112.30000305175781,113.44999694824219,79.92337799072266,2054807.0,AMBUJACEM.NS
2006-09-14,114.19999694824219,115.4000015258789,114.05000305175781,115.0999984741211,81.0857925415039,2414867.0,AMBUJACEM.NS
2006-09-15,115.75,116.0,114.0999984741211,115.30000305175781,81.2267074584961,2166540.0,AMBUJACEM.NS
2006-09-18,116.0,116.94999694824219,115.6500015258789,116.0999984741211,81.79026794433594,1767339.0,AMBUJACEM.NS
2006-09-19,114.3499984741211,116.5999984741211,112.75,113.44999694824219,79.92337799072266,2128721.0,AMBUJACEM.NS
2006-09-20,113.44999694824219,114.30000305175781,111.8499984741211,113.75,80.1347427368164,2663412.0,AMBUJACEM.NS
2006-09-21,114.0999984741211,116.19999694824219,113.8499984741211,115.94999694824219,81.6845932006836,4088502.0,AMBUJACEM.NS
2006-09-22,116.9000015258789,118.0,115.5999984741211,117.5,82.77655792236328,3123046.0,AMBUJACEM.NS
2006-09-25,118.0,118.5999984741211,116.5,117.0999984741211,82.49475860595703,3923318.0,AMBUJACEM.NS
2006-09-26,116.5,117.94999694824219,116.05000305175781,117.25,82.60039520263672,2320461.0,AMBUJACEM.NS
2006-09-27,117.5,118.0,116.8499984741211,117.3499984741211,82.67085266113281,3704594.0,AMBUJACEM.NS
2006-09-28,118.80000305175781,118.80000305175781,114.75,115.3499984741211,81.26191711425781,2827383.0,AMBUJACEM.NS
2006-09-29,115.75,118.0,115.0999984741211,116.8499984741211,82.31863403320312,1649552.0,AMBUJACEM.NS
2006-10-03,116.8499984741211,118.0,115.9000015258789,117.0,82.42431640625,1268719.0,AMBUJACEM.NS
2006-10-04,117.9000015258789,117.94999694824219,116.19999694824219,117.0,82.42431640625,3163500.0,AMBUJACEM.NS
2006-10-05,118.0,121.0,117.19999694824219,120.6500015258789,84.99566650390625,5821052.0,AMBUJACEM.NS
2006-10-06,121.0,123.5999984741211,120.05000305175781,121.9000015258789,85.87625122070312,4299394.0,AMBUJACEM.NS
2006-10-09,122.0,124.5,120.0,123.69999694824219,87.14431762695312,3244352.0,AMBUJACEM.NS
2006-10-10,123.80000305175781,125.30000305175781,122.30000305175781,123.0999984741211,86.72164916992188,3610815.0,AMBUJACEM.NS
2006-10-11,124.4000015258789,124.69999694824219,118.80000305175781,119.75,84.36163330078125,2951550.0,AMBUJACEM.NS
2006-10-12,120.0,121.9000015258789,119.0,121.5,85.59446716308594,994709.0,AMBUJACEM.NS
2006-10-13,122.4000015258789,123.0,120.94999694824219,122.19999694824219,86.08760070800781,1830845.0,AMBUJACEM.NS
2006-10-16,121.1500015258789,123.4000015258789,121.0,121.3499984741211,85.48880767822266,1294837.0,AMBUJACEM.NS
2006-10-17,121.3499984741211,122.0,119.5,119.94999694824219,84.50252532958984,1944649.0,AMBUJACEM.NS
2006-10-18,119.80000305175781,121.5,119.3499984741211,119.9000015258789,84.46730041503906,2362403.0,AMBUJACEM.NS
2006-10-19,120.0,121.69999694824219,119.05000305175781,121.05000305175781,85.27745056152344,1851454.0,AMBUJACEM.NS
2006-10-20,122.0,122.5,119.5999984741211,121.44999694824219,85.55924987792969,3739531.0,AMBUJACEM.NS
2006-10-23,123.0,123.0,120.55000305175781,120.8499984741211,85.13655090332031,2699852.0,AMBUJACEM.NS
2006-10-26,120.8499984741211,121.5,119.5,119.94999694824219,84.50252532958984,3454501.0,AMBUJACEM.NS
2006-10-27,120.4000015258789,121.44999694824219,120.05000305175781,120.6500015258789,84.99566650390625,3280207.0,AMBUJACEM.NS
2006-10-30,119.94999694824219,121.25,119.5,119.75,84.36163330078125,1268681.0,AMBUJACEM.NS
2006-10-31,120.5,120.94999694824219,116.05000305175781,117.5,82.77655792236328,1887985.0,AMBUJACEM.NS
2006-11-01,117.05000305175781,120.30000305175781,117.0,119.55000305175781,84.22071838378906,3422277.0,AMBUJACEM.NS
2006-11-02,119.0,120.6500015258789,118.05000305175781,119.5,85.25520324707031,3803138.0,AMBUJACEM.NS
2006-11-03,119.5999984741211,124.3499984741211,118.30000305175781,123.75,88.28730773925781,5868904.0,AMBUJACEM.NS
2006-11-06,124.25,128.75,123.25,128.25,91.49774169921875,8268475.0,AMBUJACEM.NS
2006-11-07,127.19999694824219,131.9499969482422,126.9000015258789,130.85000610351562,93.3526840209961,8610712.0,AMBUJACEM.NS
2006-11-08,131.0,134.10000610351562,130.0,131.35000610351562,93.70939636230469,7532172.0,AMBUJACEM.NS
2006-11-09,132.0,133.5,130.0,131.14999389648438,93.56669616699219,3992708.0,AMBUJACEM.NS
2006-11-10,131.89999389648438,134.9499969482422,130.0,134.35000610351562,95.84970092773438,7769234.0,AMBUJACEM.NS
2006-11-13,135.6999969482422,139.75,134.5,136.89999389648438,97.66893768310547,5760207.0,AMBUJACEM.NS
2006-11-14,137.8000030517578,138.5,134.10000610351562,135.60000610351562,96.7414779663086,3545340.0,AMBUJACEM.NS
2006-11-15,135.64999389648438,139.0,131.1999969482422,137.5500030517578,98.1326675415039,2910626.0,AMBUJACEM.NS
2006-11-16,138.39999389648438,141.5,133.8000030517578,138.14999389648438,98.56073760986328,6406124.0,AMBUJACEM.NS
2006-11-17,138.5500030517578,139.89999389648438,135.3000030517578,136.10000610351562,97.09818267822266,2526969.0,AMBUJACEM.NS
2006-11-20,136.25,136.5,130.64999389648438,133.4499969482422,95.20761108398438,4352751.0,AMBUJACEM.NS
2006-11-21,135.0,137.75,134.0500030517578,137.0500030517578,97.7759780883789,2272404.0,AMBUJACEM.NS
2006-11-22,137.0500030517578,139.64999389648438,137.0500030517578,137.8000030517578,98.31101989746094,4165866.0,AMBUJACEM.NS
2006-11-23,138.0500030517578,139.14999389648438,136.39999389648438,137.35000610351562,97.989990234375,1610612.0,AMBUJACEM.NS
2006-11-24,136.8000030517578,139.89999389648438,135.0,138.6999969482422,98.953125,1453534.0,AMBUJACEM.NS
2006-11-27,138.6999969482422,143.6999969482422,137.14999389648438,143.10000610351562,102.09223175048828,3529719.0,AMBUJACEM.NS
2006-11-28,143.0,144.1999969482422,140.6999969482422,143.39999389648438,102.30624389648438,3035458.0,AMBUJACEM.NS
2006-11-29,144.0,147.85000610351562,142.5,146.25,104.33953857421875,4939697.0,AMBUJACEM.NS
2006-11-30,149.64999389648438,149.64999389648438,143.1999969482422,144.39999389648438,103.01968383789062,2382519.0,AMBUJACEM.NS
2006-12-01,145.9499969482422,145.9499969482422,142.8000030517578,143.5,102.37757873535156,3439857.0,AMBUJACEM.NS
2006-12-04,143.5,145.5,143.5,144.4499969482422,103.05533599853516,1715243.0,AMBUJACEM.NS
2006-12-05,146.0,148.0,140.10000610351562,141.6999969482422,101.09341430664062,4048278.0,AMBUJACEM.NS
2006-12-06,142.0,143.64999389648438,138.5,140.0,99.88059997558594,4024513.0,AMBUJACEM.NS
2006-12-07,141.0,141.9499969482422,139.0500030517578,140.9499969482422,100.5583267211914,2939229.0,AMBUJACEM.NS
2006-12-08,141.8000030517578,142.60000610351562,139.39999389648438,141.1999969482422,100.73668670654297,3446106.0,AMBUJACEM.NS
2006-12-11,140.0,141.39999389648438,134.39999389648438,137.4499969482422,98.06133270263672,4713758.0,AMBUJACEM.NS
2006-12-12,136.0,138.5,125.05000305175781,131.39999389648438,93.74505615234375,5261191.0,AMBUJACEM.NS
2006-12-13,138.0,138.0,130.25,134.10000610351562,95.67134094238281,5097089.0,AMBUJACEM.NS
2006-12-14,136.0,141.0500030517578,134.14999389648438,138.64999389648438,98.91744232177734,3274469.0,AMBUJACEM.NS
2006-12-15,141.4499969482422,142.0,137.10000610351562,140.14999389648438,99.98759460449219,5746745.0,AMBUJACEM.NS
2006-12-18,140.14999389648438,141.5,135.25,139.5,99.52384948730469,2994463.0,AMBUJACEM.NS
2006-12-19,139.5,140.1999969482422,134.3000030517578,135.1999969482422,96.45610046386719,3621144.0,AMBUJACEM.NS
2006-12-20,137.39999389648438,137.75,132.25,134.0500030517578,95.63565826416016,3894813.0,AMBUJACEM.NS
2006-12-21,135.0,135.0,131.0,132.64999389648438,94.63685607910156,2295295.0,AMBUJACEM.NS
2006-12-22,133.5,137.9499969482422,133.0,136.64999389648438,97.49058532714844,4067628.0,AMBUJACEM.NS
2006-12-26,139.8000030517578,140.4499969482422,136.3000030517578,139.8000030517578,99.7379150390625,1960507.0,AMBUJACEM.NS
2006-12-27,139.8000030517578,142.89999389648438,139.0,141.85000610351562,101.2004165649414,3380691.0,AMBUJACEM.NS
2006-12-28,143.10000610351562,144.9499969482422,141.64999389648438,144.1999969482422,102.87699890136719,4025818.0,AMBUJACEM.NS
2006-12-29,144.1999969482422,144.5500030517578,140.5500030517578,141.0500030517578,100.62965393066406,1557732.0,AMBUJACEM.NS
2007-01-02,152.0,152.0,141.0,144.60000610351562,103.1623764038086,1262223.0,AMBUJACEM.NS
2007-01-03,146.5,147.35000610351562,144.0500030517578,145.0500030517578,103.48341369628906,2038376.0,AMBUJACEM.NS
2007-01-04,147.0,147.0,142.10000610351562,142.64999389648438,101.77118682861328,1481567.0,AMBUJACEM.NS
2007-01-05,142.5,143.9499969482422,137.5500030517578,138.3000030517578,98.66775512695312,1838269.0,AMBUJACEM.NS
2007-01-08,139.8000030517578,139.8000030517578,136.0,136.75,97.56192779541016,1728881.0,AMBUJACEM.NS
2007-01-09,138.5,140.9499969482422,136.89999389648438,139.10000610351562,99.23847961425781,1630830.0,AMBUJACEM.NS
2007-01-10,140.0,140.0,129.5,136.3000030517578,97.24089813232422,1397885.0,AMBUJACEM.NS
2007-01-11,137.89999389648438,141.5500030517578,136.35000610351562,139.5500030517578,99.55953216552734,3423412.0,AMBUJACEM.NS
2007-01-12,143.3000030517578,143.3000030517578,140.0,141.3000030517578,100.80803680419922,2860121.0,AMBUJACEM.NS
2007-01-15,141.89999389648438,145.5500030517578,141.25,144.0500030517578,102.76998138427734,2913453.0,AMBUJACEM.NS
2007-01-16,144.0,146.6999969482422,142.5,143.9499969482422,102.69862365722656,2393008.0,AMBUJACEM.NS
2007-01-17,143.89999389648438,146.1999969482422,143.14999389648438,144.5500030517578,103.12670135498047,1971258.0,AMBUJACEM.NS
2007-01-18,140.0,153.0,140.0,145.4499969482422,103.768798828125,1556427.0,AMBUJACEM.NS
2007-01-19,146.0,149.60000610351562,142.0,148.9499969482422,106.26580047607422,2774379.0,AMBUJACEM.NS
2007-01-22,149.5,149.89999389648438,145.85000610351562,146.85000610351562,104.76759338378906,1661122.0,AMBUJACEM.NS
2007-01-23,146.10000610351562,146.25,135.0,137.0,97.74028015136719,12478326.0,AMBUJACEM.NS
2007-01-24,141.5,141.5,134.6999969482422,137.75,98.27535247802734,7191419.0,AMBUJACEM.NS
2007-01-25,139.0,139.6999969482422,136.25,138.0,98.4537124633789,3988816.0,AMBUJACEM.NS
2007-01-29,138.0,139.0,133.8000030517578,134.25,95.77833557128906,4840274.0,AMBUJACEM.NS
2007-01-31,136.0,138.1999969482422,133.0,137.3000030517578,97.95431518554688,3726442.0,AMBUJACEM.NS
2007-02-01,137.89999389648438,141.0,136.10000610351562,139.3000030517578,99.38117980957031,2443111.0,AMBUJACEM.NS
2007-02-02,140.1999969482422,143.85000610351562,140.1999969482422,142.85000610351562,101.91387176513672,5160436.0,AMBUJACEM.NS
2007-02-05,143.4499969482422,144.5,141.60000610351562,143.14999389648438,102.1279067993164,1889444.0,AMBUJACEM.NS
2007-02-06,142.60000610351562,145.0,141.64999389648438,142.60000610351562,101.73554229736328,3434907.0,AMBUJACEM.NS
2007-02-07,143.85000610351562,143.85000610351562,141.0,141.60000610351562,101.02206420898438,2081704.0,AMBUJACEM.NS
2007-02-08,142.0,142.64999389648438,141.0500030517578,141.75,101.12907409667969,1405821.0,AMBUJACEM.NS
2007-02-09,142.8000030517578,143.14999389648438,135.0,138.85000610351562,99.06013488769531,2714150.0,AMBUJACEM.NS
2007-02-12,138.89999389648438,139.5,130.60000610351562,132.39999389648438,94.45848083496094,5380732.0,AMBUJACEM.NS
2007-02-13,131.5500030517578,134.35000610351562,126.94999694824219,130.75,93.2813491821289,14078745.0,AMBUJACEM.NS
2007-02-14,129.25,134.0,126.80000305175781,132.0500030517578,94.20880126953125,9521742.0,AMBUJACEM.NS
2007-02-15,134.0,137.1999969482422,133.4499969482422,136.75,97.56192779541016,3072464.0,AMBUJACEM.NS
2007-02-19,137.6999969482422,138.5,131.75,132.60000610351562,94.60118103027344,6062522.0,AMBUJACEM.NS
2007-02-20,133.0,135.0,129.39999389648438,129.9499969482422,92.71058654785156,3615225.0,AMBUJACEM.NS
2007-02-21,130.0,132.25,128.35000610351562,131.14999389648438,94.14627075195312,3208667.0,AMBUJACEM.NS
2007-02-22,131.5500030517578,132.39999389648438,117.0,125.9000015258789,90.37757110595703,13762461.0,AMBUJACEM.NS
2007-02-23,125.0,128.25,119.4000015258789,123.19999694824219,88.43936920166016,8034115.0,AMBUJACEM.NS
2007-02-26,121.0,128.9499969482422,121.0,127.44999694824219,91.49024200439453,5536177.0,AMBUJACEM.NS
2007-02-27,128.0,129.75,124.4000015258789,125.6500015258789,90.19807434082031,3978755.0,AMBUJACEM.NS
2007-02-28,124.0,124.0,107.5,115.80000305175781,83.12725067138672,14710848.0,AMBUJACEM.NS
2007-03-01,118.0,118.9000015258789,105.30000305175781,111.69999694824219,80.18406677246094,17713350.0,AMBUJACEM.NS
2007-03-02,108.0,115.69999694824219,108.0,109.80000305175781,78.82015228271484,8914270.0,AMBUJACEM.NS
2007-03-05,107.0999984741211,113.25,103.0,112.0,80.39942169189453,12005451.0,AMBUJACEM.NS
2007-03-06,113.0,116.0,109.1500015258789,113.30000305175781,81.33263397216797,6658120.0,AMBUJACEM.NS
2007-03-07,114.69999694824219,115.0,100.0,103.80000305175781,74.51303100585938,10796190.0,AMBUJACEM.NS
2007-03-08,103.0,113.5,103.0,112.8499984741211,81.00959777832031,12244065.0,AMBUJACEM.NS
2007-03-09,110.25,118.25,106.8499984741211,110.05000305175781,78.9996109008789,21467196.0,AMBUJACEM.NS
2007-03-12,111.5,112.80000305175781,104.19999694824219,105.4000015258789,75.66159057617188,10539927.0,AMBUJACEM.NS
2007-03-13,104.30000305175781,109.69999694824219,103.55000305175781,105.94999694824219,76.05640411376953,10667492.0,AMBUJACEM.NS
2007-03-14,102.9000015258789,107.9000015258789,99.5999984741211,106.1500015258789,76.19998168945312,9832747.0,AMBUJACEM.NS
2007-03-15,107.19999694824219,109.8499984741211,105.30000305175781,106.05000305175781,76.1281967163086,6891127.0,AMBUJACEM.NS
2007-03-16,107.0,107.6500015258789,102.19999694824219,103.80000305175781,74.51303100585938,3798858.0,AMBUJACEM.NS
2007-03-19,102.0,107.8499984741211,101.05000305175781,107.25,76.98963165283203,4384453.0,AMBUJACEM.NS
2007-03-20,107.05000305175781,112.19999694824219,107.0,110.8499984741211,79.57389068603516,4668910.0,AMBUJACEM.NS
2007-03-21,111.0,112.0,105.25,106.44999694824219,76.41534423828125,8901939.0,AMBUJACEM.NS
2007-03-22,107.0,109.3499984741211,104.1500015258789,108.0,77.52803802490234,8952391.0,AMBUJACEM.NS
2007-03-23,108.0,110.6500015258789,104.5,105.30000305175781,75.5898208618164,7891443.0,AMBUJACEM.NS
2007-03-26,105.0,107.4000015258789,103.69999694824219,104.30000305175781,74.87195587158203,4159746.0,AMBUJACEM.NS
2007-03-28,104.0,104.9000015258789,102.0,102.19999694824219,73.36445617675781,7092280.0,AMBUJACEM.NS
2007-03-29,102.80000305175781,106.0,101.25,104.5,75.01553344726562,9038188.0,AMBUJACEM.NS
2007-03-30,102.0999984741211,107.9000015258789,102.0999984741211,106.69999694824219,76.59481811523438,4268068.0,AMBUJACEM.NS
2007-04-02,107.0,107.5,102.5,103.75,74.47712707519531,3630821.0,AMBUJACEM.NS
2007-04-03,104.0,105.94999694824219,103.0,105.55000305175781,75.7692642211914,2691311.0,AMBUJACEM.NS
2007-04-04,101.05000305175781,106.5,100.19999694824219,104.75,75.19498443603516,16008883.0,AMBUJACEM.NS
2007-04-05,105.0,108.25,104.0,105.94999694824219,76.05640411376953,5653220.0,AMBUJACEM.NS
2007-04-09,106.30000305175781,109.19999694824219,106.30000305175781,108.5,77.88693237304688,3521364.0,AMBUJACEM.NS
2007-04-10,109.0,111.5,108.5,109.4000015258789,78.53300476074219,3997059.0,AMBUJACEM.NS
2007-04-11,107.0999984741211,109.94999694824219,107.0,107.8499984741211,77.42033386230469,3537829.0,AMBUJACEM.NS
2007-04-12,106.0,108.0999984741211,106.0,107.1500015258789,76.9178466796875,6082136.0,AMBUJACEM.NS
2007-04-13,107.5,109.6500015258789,106.80000305175781,108.55000305175781,77.92281341552734,6642080.0,AMBUJACEM.NS
2007-04-16,108.5999984741211,112.9000015258789,108.5999984741211,112.25,80.5788803100586,5976045.0,AMBUJACEM.NS
2007-04-17,113.0,115.4000015258789,112.5999984741211,113.75,81.6556396484375,7353818.0,AMBUJACEM.NS
2007-04-18,114.44999694824219,115.55000305175781,112.6500015258789,113.1500015258789,81.2249526977539,1898360.0,AMBUJACEM.NS
2007-04-19,114.94999694824219,115.1500015258789,110.0,113.5999984741211,81.5479965209961,5948100.0,AMBUJACEM.NS
2007-04-20,115.69999694824219,116.75,114.5,115.5,82.91191101074219,6393236.0,AMBUJACEM.NS
2007-04-23,116.80000305175781,116.80000305175781,112.69999694824219,115.05000305175781,82.5888671875,7864206.0,AMBUJACEM.NS
2007-04-24,115.05000305175781,119.69999694824219,114.3499984741211,119.3499984741211,85.67562866210938,6820741.0,AMBUJACEM.NS
2007-04-25,120.0,126.0,117.0,120.4000015258789,86.42939758300781,4663115.0,AMBUJACEM.NS
2007-04-26,121.0999984741211,121.4000015258789,118.0999984741211,119.25,85.60382843017578,6859220.0,AMBUJACEM.NS
2007-04-27,121.0,121.0,116.25,117.3499984741211,84.23992919921875,2383474.0,AMBUJACEM.NS
2007-04-30,117.0,119.0,115.55000305175781,117.94999694824219,84.67063903808594,1679551.0,AMBUJACEM.NS
2007-05-03,118.94999694824219,122.75,117.9000015258789,121.80000305175781,87.43437194824219,5534450.0,AMBUJACEM.NS
2007-05-04,128.0,128.0,119.0999984741211,120.25,86.32169342041016,6751038.0,AMBUJACEM.NS
2007-05-07,120.0999984741211,121.94999694824219,118.44999694824219,120.0999984741211,86.21404266357422,5503688.0,AMBUJACEM.NS
2007-05-08,120.0999984741211,122.05000305175781,119.25,120.5999984741211,86.57295989990234,4657160.0,AMBUJACEM.NS
2007-05-09,122.5,122.5,119.25,121.1500015258789,86.96775817871094,1970096.0,AMBUJACEM.NS
2007-05-10,121.9000015258789,122.4000015258789,120.0999984741211,120.80000305175781,86.71651458740234,5030728.0,AMBUJACEM.NS
2007-05-11,119.5999984741211,121.5999984741211,118.0999984741211,119.55000305175781,85.8192138671875,3827368.0,AMBUJACEM.NS
2007-05-14,120.4000015258789,124.5999984741211,120.0,123.69999694824219,88.79827880859375,3411973.0,AMBUJACEM.NS
2007-05-15,122.0,124.80000305175781,122.0,123.4000015258789,88.58293151855469,4979755.0,AMBUJACEM.NS
2007-05-16,121.55000305175781,124.0,121.55000305175781,122.94999694824219,88.25989532470703,11244422.0,AMBUJACEM.NS
2007-05-17,123.0,125.0,122.69999694824219,123.4000015258789,88.58293151855469,2938412.0,AMBUJACEM.NS
2007-05-18,123.0,124.5999984741211,118.4000015258789,119.25,85.60382843017578,8505275.0,AMBUJACEM.NS
2007-05-21,125.0,125.0,117.4000015258789,118.44999694824219,85.02958679199219,7111273.0,AMBUJACEM.NS
2007-05-22,118.0,118.5,115.3499984741211,116.05000305175781,83.30673217773438,5351899.0,AMBUJACEM.NS
2007-05-23,116.5,118.25,114.19999694824219,114.8499984741211,82.44529724121094,5996993.0,AMBUJACEM.NS
2007-05-24,116.0,116.6500015258789,113.25,115.0,82.55296325683594,3226734.0,AMBUJACEM.NS
2007-05-25,114.5,114.94999694824219,112.4000015258789,113.8499984741211,81.7274398803711,3273174.0,AMBUJACEM.NS
2007-05-28,114.19999694824219,117.0,114.19999694824219,116.0,83.27084350585938,3534766.0,AMBUJACEM.NS
2007-05-29,116.0,116.0,114.0999984741211,114.69999694824219,82.3376235961914,3174491.0,AMBUJACEM.NS
2007-05-30,114.5,116.4000015258789,113.55000305175781,115.25,82.73243713378906,3250933.0,AMBUJACEM.NS
2007-05-31,115.80000305175781,117.5999984741211,112.0999984741211,113.4000015258789,81.4044189453125,6386333.0,AMBUJACEM.NS
2007-06-01,114.5,115.5,114.0,114.80000305175781,82.4094009399414,1797616.0,AMBUJACEM.NS
2007-06-04,120.5,120.5,112.80000305175781,113.8499984741211,81.7274398803711,2015473.0,AMBUJACEM.NS
2007-06-05,114.0,114.0,111.75,112.3499984741211,80.65068054199219,2734323.0,AMBUJACEM.NS
2007-06-06,115.69999694824219,115.69999694824219,110.30000305175781,110.69999694824219,79.46620178222656,1837202.0,AMBUJACEM.NS
2007-06-07,111.0,114.25,109.1500015258789,109.55000305175781,78.64069366455078,3188961.0,AMBUJACEM.NS
2007-06-08,108.0,110.5999984741211,107.5,109.3499984741211,78.4970932006836,4630598.0,AMBUJACEM.NS
2007-06-11,109.3499984741211,110.80000305175781,108.55000305175781,109.30000305175781,78.46121215820312,3259309.0,AMBUJACEM.NS
2007-06-12,109.5,111.8499984741211,109.30000305175781,110.0,78.96372985839844,5610288.0,AMBUJACEM.NS
2007-06-13,110.0,110.9000015258789,108.80000305175781,109.25,78.4253158569336,3239795.0,AMBUJACEM.NS
2007-06-14,110.0,111.9000015258789,109.19999694824219,110.8499984741211,79.57389068603516,4917173.0,AMBUJACEM.NS
2007-06-15,111.80000305175781,112.69999694824219,109.4000015258789,109.9000015258789,78.89192962646484,1986624.0,AMBUJACEM.NS
2007-06-18,110.0,112.5,110.0,110.3499984741211,79.21497344970703,1127274.0,AMBUJACEM.NS
2007-06-19,110.9000015258789,113.5999984741211,110.0,113.05000305175781,81.15315246582031,1799179.0,AMBUJACEM.NS
2007-06-20,105.0,118.44999694824219,105.0,118.1500015258789,84.81420135498047,4843741.0,AMBUJACEM.NS
2007-06-21,119.80000305175781,120.4000015258789,116.3499984741211,119.75,85.9627685546875,5557986.0,AMBUJACEM.NS
2007-06-22,119.80000305175781,119.80000305175781,115.80000305175781,116.4000015258789,83.5579833984375,1300134.0,AMBUJACEM.NS
2007-06-25,116.4000015258789,118.44999694824219,115.55000305175781,117.94999694824219,84.67063903808594,1820954.0,AMBUJACEM.NS
2007-06-26,118.0,118.25,115.75,116.0999984741211,83.34262084960938,1026259.0,AMBUJACEM.NS
2007-06-27,116.0,117.9000015258789,115.0999984741211,116.0999984741211,83.34262084960938,1369265.0,AMBUJACEM.NS
2007-06-28,119.25,127.0,118.69999694824219,125.30000305175781,89.94686889648438,16249197.0,AMBUJACEM.NS
2007-06-29,127.0,129.89999389648438,120.69999694824219,124.5,89.3725814819336,3978345.0,AMBUJACEM.NS
2007-07-02,124.0,125.80000305175781,122.05000305175781,122.5,87.93685913085938,1931780.0,AMBUJACEM.NS
2007-07-03,123.05000305175781,125.69999694824219,122.3499984741211,124.75,89.55204010009766,2948249.0,AMBUJACEM.NS
2007-07-04,124.0,130.9499969482422,124.0,130.0500030517578,93.3566665649414,6433746.0,AMBUJACEM.NS
2007-07-05,131.0,131.0,125.6500015258789,129.85000610351562,93.21308135986328,3928701.0,AMBUJACEM.NS
2007-07-06,131.1999969482422,132.85000610351562,128.5,131.10000610351562,94.11038208007812,3272848.0,AMBUJACEM.NS
2007-07-09,131.8000030517578,133.39999389648438,130.8000030517578,132.8000030517578,95.33073425292969,2902866.0,AMBUJACEM.NS
2007-07-10,132.8000030517578,132.8000030517578,128.60000610351562,129.60000610351562,93.03360748291016,2327482.0,AMBUJACEM.NS
2007-07-11,129.89999389648438,132.89999389648438,127.5,127.69999694824219,91.66970825195312,5756569.0,AMBUJACEM.NS
2007-07-12,128.10000610351562,130.0,125.75,126.5,90.80827331542969,2895911.0,AMBUJACEM.NS
2007-07-13,127.5,132.60000610351562,127.5,128.9499969482422,92.56700134277344,6407539.0,AMBUJACEM.NS
2007-07-16,134.0,134.39999389648438,129.10000610351562,133.75,96.0126953125,3847387.0,AMBUJACEM.NS
2007-07-17,134.6999969482422,139.35000610351562,132.60000610351562,137.4499969482422,98.66875457763672,5930011.0,AMBUJACEM.NS
2007-07-18,138.0,140.85000610351562,134.39999389648438,139.1999969482422,99.92498779296875,6350151.0,AMBUJACEM.NS
2007-07-19,138.85000610351562,139.5,135.6999969482422,138.4499969482422,99.38662719726562,3096721.0,AMBUJACEM.NS
2007-07-20,139.85000610351562,140.35000610351562,135.35000610351562,136.3000030517578,97.84322357177734,4863478.0,AMBUJACEM.NS
2007-07-23,136.39999389648438,137.5,133.5,135.35000610351562,97.16129302978516,2945969.0,AMBUJACEM.NS
2007-07-24,135.0500030517578,136.39999389648438,133.5,134.10000610351562,96.26394653320312,1956360.0,AMBUJACEM.NS
2007-07-25,132.0,132.0,125.0999984741211,128.60000610351562,92.31575012207031,5573210.0,AMBUJACEM.NS
2007-07-26,129.0,129.39999389648438,124.05000305175781,125.05000305175781,89.76739501953125,4590515.0,AMBUJACEM.NS
2007-07-27,124.0,128.5,120.25,125.1500015258789,89.83917999267578,5920130.0,AMBUJACEM.NS
2007-07-30,125.6500015258789,132.6999969482422,121.0999984741211,129.60000610351562,93.03360748291016,5033386.0,AMBUJACEM.NS
2007-07-31,129.4499969482422,132.5,129.0,131.39999389648438,94.32574462890625,3703055.0,AMBUJACEM.NS
2007-08-01,130.35000610351562,130.85000610351562,125.19999694824219,128.89999389648438,92.5311050415039,4117743.0,AMBUJACEM.NS
2007-08-02,128.0,135.64999389648438,127.80000305175781,130.4499969482422,93.64379119873047,5361368.0,AMBUJACEM.NS
2007-08-03,129.89999389648438,131.60000610351562,128.25,129.0500030517578,94.4488525390625,4305570.0,AMBUJACEM.NS
2007-08-06,127.9000015258789,127.9000015258789,124.5999984741211,126.5,92.58258056640625,4243577.0,AMBUJACEM.NS
2007-08-07,125.0,130.75,125.0,126.9000015258789,92.87531280517578,2286233.0,AMBUJACEM.NS
2007-08-08,126.3499984741211,130.0,126.3499984741211,129.5500030517578,94.8147964477539,2160475.0,AMBUJACEM.NS
2007-08-09,131.0,131.14999389648438,125.69999694824219,127.19999694824219,93.09489440917969,5383730.0,AMBUJACEM.NS
2007-08-10,125.0,128.75,122.0,126.69999694824219,92.72893524169922,3792161.0,AMBUJACEM.NS
2007-08-13,127.94999694824219,132.64999389648438,127.94999694824219,129.89999389648438,95.0709457397461,4531169.0,AMBUJACEM.NS
2007-08-14,130.5,131.39999389648438,128.3000030517578,129.64999389648438,94.88796997070312,4069837.0,AMBUJACEM.NS
2007-08-16,128.5,130.10000610351562,124.5,127.25,93.13147735595703,5808579.0,AMBUJACEM.NS
2007-08-17,125.69999694824219,129.8000030517578,123.30000305175781,126.5999984741211,92.65574645996094,6628726.0,AMBUJACEM.NS
2007-08-20,130.0,131.5,126.69999694824219,127.80000305175781,93.53401947021484,6078745.0,AMBUJACEM.NS
2007-08-21,127.0999984741211,129.5,126.1500015258789,126.8499984741211,92.8387451171875,4428743.0,AMBUJACEM.NS
2007-08-22,130.0,131.9499969482422,127.0,130.1999969482422,95.29051971435547,10464260.0,AMBUJACEM.NS
2007-08-23,140.89999389648438,140.89999389648438,131.60000610351562,132.85000610351562,97.2300033569336,13466979.0,AMBUJACEM.NS
2007-08-24,134.0500030517578,136.25,131.8000030517578,135.60000610351562,99.24264526367188,5760322.0,AMBUJACEM.NS
2007-08-27,135.60000610351562,137.0,132.8000030517578,133.5,97.70571899414062,3994101.0,AMBUJACEM.NS
2007-08-28,133.60000610351562,134.75,132.5,134.0500030517578,98.1082534790039,4072030.0,AMBUJACEM.NS
2007-08-29,134.0,134.89999389648438,131.39999389648438,133.35000610351562,97.5959243774414,3829732.0,AMBUJACEM.NS
2007-08-30,134.10000610351562,134.5,132.5500030517578,133.39999389648438,97.63252258300781,3948191.0,AMBUJACEM.NS
2007-08-31,133.39999389648438,134.39999389648438,132.75,133.4499969482422,97.66912078857422,1067342.0,AMBUJACEM.NS
2007-09-03,134.0,134.6999969482422,132.5500030517578,134.0500030517578,98.1082534790039,2096161.0,AMBUJACEM.NS
2007-09-04,134.8000030517578,137.5,133.60000610351562,136.1999969482422,99.6817855834961,2738581.0,AMBUJACEM.NS
2007-09-05,136.8000030517578,139.10000610351562,136.0,137.64999389648438,100.74298858642578,3736359.0,AMBUJACEM.NS
2007-09-06,137.64999389648438,141.5,137.0,141.0500030517578,103.23137664794922,3623268.0,AMBUJACEM.NS
2007-09-07,141.0,142.4499969482422,139.0,139.89999389648438,102.3897476196289,2638321.0,AMBUJACEM.NS
2007-09-10,139.0,145.0,139.0,144.35000610351562,105.6466064453125,3261217.0,AMBUJACEM.NS
2007-09-11,143.9499969482422,146.64999389648438,141.60000610351562,143.0500030517578,104.69513702392578,2366885.0,AMBUJACEM.NS
2007-09-12,143.25,145.0,141.0500030517578,141.89999389648438,103.8534927368164,1766119.0,AMBUJACEM.NS
2007-09-13,142.0,145.0,141.6999969482422,144.25,105.57339477539062,1145398.0,AMBUJACEM.NS
2007-09-14,145.25,145.89999389648438,141.8000030517578,144.5,105.75636291503906,2974460.0,AMBUJACEM.NS
2007-09-17,145.0,146.9499969482422,144.25,145.35000610351562,106.37845611572266,1250077.0,AMBUJACEM.NS
2007-09-18,145.35000610351562,146.9499969482422,144.5500030517578,146.5500030517578,107.25672912597656,1087779.0,AMBUJACEM.NS
2007-09-19,147.10000610351562,148.5,145.75,147.39999389648438,107.87883758544922,4804272.0,AMBUJACEM.NS
2007-09-20,147.89999389648438,147.89999389648438,145.0,145.64999389648438,106.59800720214844,2916779.0,AMBUJACEM.NS
2007-09-21,147.0,149.4499969482422,143.5,147.75,108.13495635986328,9711968.0,AMBUJACEM.NS
2007-09-24,148.0,149.1999969482422,143.64999389648438,148.1999969482422,108.46431732177734,2980283.0,AMBUJACEM.NS
2007-09-25,148.1999969482422,148.1999969482422,145.5,147.35000610351562,107.84224700927734,2268618.0,AMBUJACEM.NS
2007-09-26,147.0,148.9499969482422,146.5,147.60000610351562,108.02519226074219,2886006.0,AMBUJACEM.NS
2007-09-27,147.0,149.89999389648438,143.0,144.5500030517578,105.79297637939453,4966748.0,AMBUJACEM.NS
2007-09-28,144.5500030517578,146.89999389648438,143.60000610351562,144.5,105.75636291503906,1886649.0,AMBUJACEM.NS
2007-10-01,144.5,148.89999389648438,143.0,148.0,108.31793975830078,2126461.0,AMBUJACEM.NS
2007-10-03,147.0,149.89999389648438,144.60000610351562,145.0,106.12229919433594,1877605.0,AMBUJACEM.NS
2007-10-04,140.3000030517578,149.5,140.3000030517578,147.5,107.9520034790039,2779517.0,AMBUJACEM.NS
2007-10-05,148.89999389648438,149.1999969482422,145.5,147.25,107.76901245117188,2571632.0,AMBUJACEM.NS
2007-10-08,147.5,148.0,142.60000610351562,145.10000610351562,106.19551086425781,1383163.0,AMBUJACEM.NS
2007-10-09,144.0,149.6999969482422,141.25,148.9499969482422,109.01322937011719,1946693.0,AMBUJACEM.NS
2007-10-10,150.0,153.9499969482422,147.10000610351562,151.5,110.87952423095703,4724702.0,AMBUJACEM.NS
2007-10-11,152.0,154.25,151.0,152.64999389648438,111.72117614746094,3159031.0,AMBUJACEM.NS
2007-10-12,153.9499969482422,153.9499969482422,147.5,149.39999389648438,109.34259796142578,3854638.0,AMBUJACEM.NS
2007-10-15,152.0,152.8000030517578,148.25,151.9499969482422,111.20883178710938,2442099.0,AMBUJACEM.NS
2007-10-16,152.0,153.25,150.35000610351562,152.8000030517578,111.83096313476562,3494029.0,AMBUJACEM.NS
2007-10-17,148.0,150.0,141.0,148.0500030517578,108.35454559326172,2512937.0,AMBUJACEM.NS
2007-10-18,150.0,150.10000610351562,144.10000610351562,145.10000610351562,106.19551086425781,3854412.0,AMBUJACEM.NS
2007-10-19,144.0,145.0,138.89999389648438,139.60000610351562,102.17015838623047,4916087.0,AMBUJACEM.NS
2007-10-22,139.0,147.5,137.0,145.14999389648438,106.23208618164062,5331480.0,AMBUJACEM.NS
2007-10-23,146.0,149.39999389648438,142.10000610351562,144.0,105.39043426513672,2707358.0,AMBUJACEM.NS
2007-10-24,145.0,146.8000030517578,142.5500030517578,144.0500030517578,105.42700958251953,1037295.0,AMBUJACEM.NS
2007-10-25,144.8000030517578,147.0,142.10000610351562,146.14999389648438,106.9639663696289,3860241.0,AMBUJACEM.NS
2007-10-26,146.89999389648438,146.89999389648438,143.0,144.4499969482422,105.71977996826172,850185.0,AMBUJACEM.NS
2007-10-29,145.0,147.4499969482422,143.75,144.10000610351562,105.4636001586914,2602864.0,AMBUJACEM.NS
2007-10-30,142.0,146.8000030517578,138.39999389648438,144.35000610351562,105.6466064453125,1084563.0,AMBUJACEM.NS
2007-10-31,145.0,145.8000030517578,143.5,144.75,105.93933868408203,686357.0,AMBUJACEM.NS
2007-11-01,144.0,145.89999389648438,142.60000610351562,143.9499969482422,105.35381317138672,1750664.0,AMBUJACEM.NS
2007-11-02,143.60000610351562,145.0,141.0,144.6999969482422,105.90276336669922,1459233.0,AMBUJACEM.NS
2007-11-05,143.0,146.0,143.0,144.64999389648438,105.86612701416016,867698.0,AMBUJACEM.NS
2007-11-06,143.5,145.0,142.0500030517578,143.9499969482422,105.35381317138672,1028295.0,AMBUJACEM.NS
2007-11-07,143.5,149.25,143.0,145.5500030517578,106.52484130859375,1895564.0,AMBUJACEM.NS
2007-11-08,145.0,147.8000030517578,142.5,147.0500030517578,107.6226806640625,883606.0,AMBUJACEM.NS
2007-11-12,144.0,148.3000030517578,143.0,147.10000610351562,107.65927124023438,808884.0,AMBUJACEM.NS
2007-11-13,147.0,148.5500030517578,145.60000610351562,146.3000030517578,107.07376861572266,754957.0,AMBUJACEM.NS
2007-11-14,148.89999389648438,148.9499969482422,145.64999389648438,146.5,107.22010803222656,1918275.0,AMBUJACEM.NS
2007-11-15,146.5500030517578,147.89999389648438,145.10000610351562,147.0500030517578,107.6226806640625,1022194.0,AMBUJACEM.NS
2007-11-16,147.39999389648438,148.4499969482422,145.8000030517578,147.14999389648438,107.69585418701172,2950585.0,AMBUJACEM.NS
2007-11-19,147.14999389648438,148.5500030517578,147.0,147.8000030517578,108.17158508300781,1417106.0,AMBUJACEM.NS
2007-11-20,149.89999389648438,150.85000610351562,147.5,148.14999389648438,108.4277114868164,2225684.0,AMBUJACEM.NS
2007-11-21,148.0,148.64999389648438,145.6999969482422,146.64999389648438,107.32991027832031,1863901.0,AMBUJACEM.NS
2007-11-22,147.5,149.0,147.0,147.35000610351562,107.84224700927734,1749730.0,AMBUJACEM.NS
2007-11-23,148.0,148.64999389648438,147.3000030517578,148.0,108.31793975830078,368324.0,AMBUJACEM.NS
2007-11-26,148.0,149.35000610351562,147.60000610351562,148.25,108.50088500976562,1692058.0,AMBUJACEM.NS
2007-11-27,147.0,149.8000030517578,147.0,149.1999969482422,109.1961898803711,8414739.0,AMBUJACEM.NS
2007-11-28,150.0,151.4499969482422,149.35000610351562,150.60000610351562,110.22084045410156,1476077.0,AMBUJACEM.NS
2007-11-29,152.0,152.0,150.0500030517578,151.35000610351562,110.76973724365234,3336687.0,AMBUJACEM.NS
2007-11-30,151.89999389648438,152.60000610351562,149.0,149.6999969482422,109.5621337890625,1594614.0,AMBUJACEM.NS
2007-12-03,151.0,152.89999389648438,150.0,152.0500030517578,111.2820816040039,942970.0,AMBUJACEM.NS
2007-12-04,153.25,160.8000030517578,151.8000030517578,154.0,112.70921325683594,3720473.0,AMBUJACEM.NS
2007-12-05,154.0,155.0,152.8000030517578,154.10000610351562,112.78240966796875,1500192.0,AMBUJACEM.NS
2007-12-06,154.89999389648438,158.0,152.60000610351562,153.9499969482422,112.67262268066406,1236174.0,AMBUJACEM.NS
2007-12-07,154.0,155.0,150.0,153.3000030517578,112.19689178466797,968801.0,AMBUJACEM.NS
2007-12-10,151.39999389648438,154.0,150.10000610351562,151.10000610351562,110.5867919921875,414684.0,AMBUJACEM.NS
2007-12-11,154.0,154.0,149.89999389648438,150.60000610351562,110.22084045410156,1005010.0,AMBUJACEM.NS
2007-12-12,150.0,151.9499969482422,148.25,151.0,110.51360321044922,772183.0,AMBUJACEM.NS
2007-12-13,150.0,150.5,144.5,145.9499969482422,106.81759643554688,1038268.0,AMBUJACEM.NS
2007-12-14,147.0500030517578,151.5,145.0,149.5500030517578,109.45236206054688,1201223.0,AMBUJACEM.NS
2007-12-17,149.5500030517578,151.4499969482422,145.0,146.6999969482422,107.3664779663086,1491850.0,AMBUJACEM.NS
2007-12-18,150.9499969482422,150.9499969482422,144.0,145.6999969482422,106.63460540771484,678636.0,AMBUJACEM.NS
2007-12-19,147.0,147.5,143.0500030517578,144.3000030517578,105.60999298095703,1351941.0,AMBUJACEM.NS
2007-12-20,145.25,145.89999389648438,143.75,144.5500030517578,105.79297637939453,787361.0,AMBUJACEM.NS
2007-12-24,145.5500030517578,149.39999389648438,144.10000610351562,144.75,105.93933868408203,1230169.0,AMBUJACEM.NS
2007-12-26,145.0,146.5,144.35000610351562,145.85000610351562,106.74442291259766,453036.0,AMBUJACEM.NS
2007-12-27,145.85000610351562,148.3000030517578,145.0,145.9499969482422,106.81759643554688,1230592.0,AMBUJACEM.NS
2007-12-28,146.0,149.89999389648438,145.0,149.0500030517578,109.08642578125,1036458.0,AMBUJACEM.NS
2007-12-31,150.0,150.89999389648438,146.14999389648438,147.0500030517578,107.6226806640625,1424351.0,AMBUJACEM.NS
2008-01-01,146.5,149.0,146.5,148.5500030517578,108.72046661376953,509796.0,AMBUJACEM.NS
2008-01-02,148.5,149.0,144.5500030517578,147.9499969482422,108.28136444091797,928661.0,AMBUJACEM.NS
2008-01-03,148.0,148.0,144.39999389648438,145.0,106.12229919433594,1935607.0,AMBUJACEM.NS
2008-01-04,145.5,146.8000030517578,142.8000030517578,143.35000610351562,104.91474914550781,1612533.0,AMBUJACEM.NS
2008-01-07,143.5,144.35000610351562,141.1999969482422,142.5500030517578,104.32923126220703,1183489.0,AMBUJACEM.NS
2008-01-08,141.0,144.5,141.0,142.0,103.92667388916016,2091936.0,AMBUJACEM.NS
2008-01-09,142.0,142.6999969482422,137.10000610351562,141.89999389648438,103.8534927368164,1172279.0,AMBUJACEM.NS
2008-01-10,142.8000030517578,145.0,140.10000610351562,141.35000610351562,103.4509506225586,942236.0,AMBUJACEM.NS
2008-01-11,141.0,141.35000610351562,137.0500030517578,138.5500030517578,101.40171813964844,1772295.0,AMBUJACEM.NS
2008-01-14,138.5500030517578,139.0,135.5500030517578,138.0500030517578,101.03575134277344,2479035.0,AMBUJACEM.NS
2008-01-15,138.0500030517578,139.0,134.75,137.1999969482422,100.41364288330078,1639961.0,AMBUJACEM.NS
2008-01-16,136.0,138.64999389648438,135.0500030517578,136.75,100.0843276977539,1618766.0,AMBUJACEM.NS
2008-01-17,136.0,136.8000030517578,130.10000610351562,131.10000610351562,95.94921112060547,1935824.0,AMBUJACEM.NS
2008-01-18,130.0,133.4499969482422,129.35000610351562,132.25,96.7908706665039,1402517.0,AMBUJACEM.NS
2008-01-21,133.0,133.0,109.0,127.30000305175781,93.1680679321289,1158171.0,AMBUJACEM.NS
2008-01-22,109.0,130.0,109.0,116.4000015258789,85.19058990478516,2506822.0,AMBUJACEM.NS
2008-01-23,121.9000015258789,124.94999694824219,110.0,117.69999694824219,86.14205169677734,2591594.0,AMBUJACEM.NS
2008-01-24,118.0,122.9000015258789,114.05000305175781,115.9000015258789,84.82467651367188,1955415.0,AMBUJACEM.NS
2008-01-25,120.0,121.80000305175781,115.0,117.25,85.81270599365234,730177.0,AMBUJACEM.NS
2008-01-28,117.25,118.44999694824219,112.69999694824219,115.30000305175781,84.38553619384766,2696128.0,AMBUJACEM.NS
2008-01-29,118.5,118.5,115.0,117.25,85.81270599365234,2099506.0,AMBUJACEM.NS
2008-01-30,118.80000305175781,119.6500015258789,116.0,119.0,87.09349060058594,1614905.0,AMBUJACEM.NS
2008-01-31,118.0,123.0,117.19999694824219,120.75,88.37425994873047,1680927.0,AMBUJACEM.NS
2008-02-01,120.0,120.0,114.0999984741211,118.80000305175781,86.94711303710938,428191.0,AMBUJACEM.NS
2008-02-04,119.0,125.0,119.0,124.0,90.75286865234375,600203.0,AMBUJACEM.NS
2008-02-05,124.0,125.0,121.55000305175781,122.9000015258789,89.94780731201172,749841.0,AMBUJACEM.NS
2008-02-06,121.25,121.25,116.0,120.05000305175781,87.8619613647461,474679.0,AMBUJACEM.NS
2008-02-07,121.0,124.5,117.05000305175781,117.8499984741211,86.25182342529297,773338.0,AMBUJACEM.NS
2008-02-08,118.5,119.75,113.9000015258789,116.75,85.44673919677734,1195296.0,AMBUJACEM.NS
2008-02-11,116.75,117.75,113.55000305175781,115.1500015258789,84.27576446533203,1165322.0,AMBUJACEM.NS
2008-02-12,116.0,116.0999984741211,111.05000305175781,113.05000305175781,82.73880767822266,2900090.0,AMBUJACEM.NS
2008-02-13,111.25,117.0999984741211,111.25,116.5,85.2637939453125,707402.0,AMBUJACEM.NS
2008-02-14,111.0999984741211,121.9000015258789,111.0999984741211,116.44999694824219,85.96508026123047,840269.0,AMBUJACEM.NS
2008-02-15,117.0999984741211,117.0999984741211,114.5,115.94999694824219,85.59597778320312,1220073.0,AMBUJACEM.NS
2008-02-18,116.0,116.8499984741211,114.0,115.44999694824219,85.22685241699219,335027.0,AMBUJACEM.NS
2008-02-19,115.0,116.9000015258789,115.0,116.0,85.63288879394531,1888428.0,AMBUJACEM.NS
2008-02-20,116.5,116.9000015258789,113.9000015258789,116.05000305175781,85.6697998046875,1429025.0,AMBUJACEM.NS
2008-02-21,116.5,120.5,116.19999694824219,119.9000015258789,88.51194763183594,683517.0,AMBUJACEM.NS
2008-02-22,116.5,120.25,116.5,118.05000305175781,87.1462173461914,572497.0,AMBUJACEM.NS
2008-02-25,118.55000305175781,123.69999694824219,117.05000305175781,122.69999694824219,90.57894134521484,396865.0,AMBUJACEM.NS
2008-02-26,124.0,126.80000305175781,121.55000305175781,123.0,90.80038452148438,1336540.0,AMBUJACEM.NS
2008-02-27,123.0,124.9000015258789,121.19999694824219,122.75,90.6158447265625,882969.0,AMBUJACEM.NS
2008-02-28,122.0,123.0,119.3499984741211,121.19999694824219,89.47161865234375,1396396.0,AMBUJACEM.NS
2008-02-29,121.0999984741211,122.25,115.25,120.94999694824219,89.28705596923828,1699206.0,AMBUJACEM.NS
2008-03-03,115.0,122.44999694824219,115.0,119.0999984741211,87.92137145996094,1062188.0,AMBUJACEM.NS
2008-03-04,119.0999984741211,121.0999984741211,118.1500015258789,119.9000015258789,88.51194763183594,1071276.0,AMBUJACEM.NS
2008-03-05,119.05000305175781,123.80000305175781,118.69999694824219,121.05000305175781,89.36087799072266,880946.0,AMBUJACEM.NS
2008-03-07,118.0,121.55000305175781,115.05000305175781,118.5,87.47843170166016,1958384.0,AMBUJACEM.NS
2008-03-10,118.0,121.94999694824219,116.19999694824219,120.94999694824219,89.28705596923828,575136.0,AMBUJACEM.NS
2008-03-11,121.0999984741211,126.30000305175781,120.0999984741211,125.3499984741211,92.53520965576172,1292687.0,AMBUJACEM.NS
2008-03-12,125.0,127.94999694824219,123.25,123.80000305175781,91.39096069335938,1024849.0,AMBUJACEM.NS
2008-03-13,120.05000305175781,122.0,119.0999984741211,120.75,89.13939666748047,904427.0,AMBUJACEM.NS
2008-03-14,120.0,120.55000305175781,117.80000305175781,119.94999694824219,88.54883575439453,1311805.0,AMBUJACEM.NS
2008-03-17,117.5999984741211,119.94999694824219,117.5999984741211,118.05000305175781,87.1462173461914,1457582.0,AMBUJACEM.NS
2008-03-18,118.0,120.0,117.0,119.0999984741211,87.92137145996094,2178566.0,AMBUJACEM.NS
2008-03-19,120.0,123.0999984741211,118.5,122.0,90.06218719482422,3446153.0,AMBUJACEM.NS
2008-03-24,123.0,125.0,121.0,124.44999694824219,91.87081909179688,908428.0,AMBUJACEM.NS
2008-03-25,125.0,129.39999389648438,123.05000305175781,124.44999694824219,91.87081909179688,1521329.0,AMBUJACEM.NS
2008-03-26,124.44999694824219,125.0,121.55000305175781,122.55000305175781,90.46818542480469,857206.0,AMBUJACEM.NS
2008-03-27,123.44999694824219,124.94999694824219,121.05000305175781,122.8499984741211,90.68966674804688,2511673.0,AMBUJACEM.NS
2008-03-28,124.0,127.9000015258789,122.0,123.69999694824219,91.3171615600586,602934.0,AMBUJACEM.NS
2008-03-31,124.0,124.9000015258789,119.3499984741211,121.05000305175781,89.36087799072266,1827715.0,AMBUJACEM.NS
2008-04-01,122.0,124.5,119.05000305175781,120.55000305175781,88.99177551269531,813613.0,AMBUJACEM.NS
2008-04-02,122.0,124.44999694824219,119.30000305175781,120.44999694824219,88.91796112060547,401662.0,AMBUJACEM.NS
2008-04-03,120.0,122.75,119.80000305175781,121.5999984741211,89.76689147949219,806855.0,AMBUJACEM.NS
2008-04-04,111.69999694824219,122.9000015258789,111.69999694824219,119.1500015258789,87.95826721191406,666635.0,AMBUJACEM.NS
2008-04-07,119.0,120.75,115.0,118.05000305175781,87.1462173461914,1110693.0,AMBUJACEM.NS
2008-04-08,118.0,120.9000015258789,116.05000305175781,118.05000305175781,87.1462173461914,2256645.0,AMBUJACEM.NS
2008-04-09,118.0,120.5,116.8499984741211,120.0999984741211,88.65957641601562,2674058.0,AMBUJACEM.NS
2008-04-10,120.30000305175781,122.9000015258789,120.0,121.94999694824219,90.02525329589844,803475.0,AMBUJACEM.NS
2008-04-11,122.0,123.5,116.30000305175781,117.6500015258789,86.8509521484375,1269833.0,AMBUJACEM.NS
2008-04-15,118.0,118.0,115.5,115.9000015258789,85.55908203125,6682340.0,AMBUJACEM.NS
2008-04-16,116.0,117.44999694824219,112.0,112.4000015258789,82.9753189086914,1607978.0,AMBUJACEM.NS
2008-04-17,113.0,114.94999694824219,112.5,113.0999984741211,83.49205780029297,6600201.0,AMBUJACEM.NS
2008-04-21,114.0,114.9000015258789,113.1500015258789,113.5999984741211,83.86116790771484,628564.0,AMBUJACEM.NS
2008-04-22,114.5,116.0999984741211,113.05000305175781,114.9000015258789,84.82086944580078,625780.0,AMBUJACEM.NS
2008-04-23,115.5,116.44999694824219,114.5,115.05000305175781,84.93157958984375,814685.0,AMBUJACEM.NS
2008-04-24,116.0,116.4000015258789,114.0999984741211,115.25,85.07923889160156,1562733.0,AMBUJACEM.NS
2008-04-25,115.0999984741211,116.5,113.1500015258789,115.44999694824219,85.22685241699219,1162556.0,AMBUJACEM.NS
2008-04-28,116.5,116.5,113.0,113.44999694824219,83.75043487548828,334050.0,AMBUJACEM.NS
2008-04-29,113.0,115.5,112.1500015258789,114.9000015258789,84.82086944580078,380693.0,AMBUJACEM.NS
2008-04-30,115.0999984741211,115.8499984741211,113.0999984741211,113.69999694824219,83.93498992919922,581918.0,AMBUJACEM.NS
2008-05-02,114.5,115.5,112.5,113.0,83.41825103759766,489236.0,AMBUJACEM.NS
2008-05-05,113.0,114.19999694824219,110.5999984741211,111.5999984741211,82.3847427368164,700321.0,AMBUJACEM.NS
2008-05-06,111.0,112.9000015258789,110.55000305175781,111.4000015258789,82.23710632324219,548605.0,AMBUJACEM.NS
2008-05-07,112.0,112.44999694824219,109.44999694824219,111.44999694824219,82.27400970458984,644263.0,AMBUJACEM.NS
2008-05-08,112.0,112.44999694824219,109.1500015258789,111.69999694824219,82.45860290527344,354484.0,AMBUJACEM.NS
2008-05-09,111.0,111.69999694824219,108.75,109.55000305175781,80.87141418457031,882721.0,AMBUJACEM.NS
2008-05-12,109.1500015258789,112.5999984741211,108.25,111.69999694824219,82.45860290527344,896157.0,AMBUJACEM.NS
2008-05-13,111.94999694824219,112.94999694824219,109.5999984741211,111.6500015258789,82.4216537475586,745404.0,AMBUJACEM.NS
2008-05-14,111.6500015258789,111.9000015258789,109.19999694824219,109.44999694824219,80.79757690429688,634833.0,AMBUJACEM.NS
2008-05-15,109.69999694824219,112.5,108.5,111.80000305175781,82.53238677978516,1680274.0,AMBUJACEM.NS
2008-05-16,111.0999984741211,112.6500015258789,110.0999984741211,110.69999694824219,81.72034454345703,406079.0,AMBUJACEM.NS
2008-05-20,112.0,112.0,108.0999984741211,108.80000305175781,80.3177490234375,627829.0,AMBUJACEM.NS
2008-05-21,108.0999984741211,108.80000305175781,106.0999984741211,107.25,79.17350006103516,978601.0,AMBUJACEM.NS
2008-05-22,105.5,108.69999694824219,103.0,104.19999694824219,76.92196655273438,600569.0,AMBUJACEM.NS
2008-05-23,104.9000015258789,105.25,101.55000305175781,102.1500015258789,75.40861511230469,777931.0,AMBUJACEM.NS
2008-05-26,101.5,103.0,93.5999984741211,96.44999694824219,71.2008056640625,1834324.0,AMBUJACEM.NS
2008-05-27,98.0,99.69999694824219,95.69999694824219,97.75,72.16048431396484,1751297.0,AMBUJACEM.NS
2008-05-28,98.0999984741211,104.94999694824219,98.0999984741211,104.1500015258789,76.88505554199219,4496826.0,AMBUJACEM.NS
2008-05-29,105.0,105.9000015258789,95.5999984741211,97.55000305175781,72.0128402709961,2370238.0,AMBUJACEM.NS
2008-05-30,99.0,100.1500015258789,94.55000305175781,95.0999984741211,70.20420837402344,1701267.0,AMBUJACEM.NS
2008-06-02,93.3499984741211,96.75,91.1500015258789,91.80000305175781,67.7680892944336,1878398.0,AMBUJACEM.NS
2008-06-03,91.5999984741211,94.0,88.30000305175781,92.4000015258789,68.21102142333984,3114527.0,AMBUJACEM.NS
2008-06-04,92.25,92.30000305175781,86.5999984741211,87.5999984741211,64.6676025390625,3381452.0,AMBUJACEM.NS
2008-06-05,87.9000015258789,87.9000015258789,83.94999694824219,85.80000305175781,63.33881378173828,4535355.0,AMBUJACEM.NS
2008-06-06,86.9000015258789,87.5,85.0,85.4000015258789,63.04353332519531,1310959.0,AMBUJACEM.NS
2008-06-09,85.0,85.0,79.75,81.9000015258789,60.459781646728516,2964608.0,AMBUJACEM.NS
2008-06-10,82.0,82.75,80.0999984741211,82.3499984741211,60.79196548461914,1776371.0,AMBUJACEM.NS
2008-06-11,85.0,89.5,83.5,88.25,65.14744567871094,5886952.0,AMBUJACEM.NS
2008-06-12,87.44999694824219,88.0,83.55000305175781,85.9000015258789,63.41264343261719,2731058.0,AMBUJACEM.NS
2008-06-13,86.69999694824219,87.9000015258789,84.6500015258789,85.0,62.74824142456055,2406123.0,AMBUJACEM.NS
2008-06-16,85.25,86.9000015258789,84.80000305175781,85.0,62.74824142456055,2861819.0,AMBUJACEM.NS
2008-06-17,85.0,90.80000305175781,84.1500015258789,87.4000015258789,64.51994323730469,1999593.0,AMBUJACEM.NS
2008-06-18,88.05000305175781,93.3499984741211,88.05000305175781,90.6500015258789,66.9191665649414,6071348.0,AMBUJACEM.NS
2008-06-19,90.0,92.0,88.5999984741211,89.19999694824219,65.84872436523438,1369573.0,AMBUJACEM.NS
2008-06-20,90.25,90.69999694824219,84.44999694824219,85.0,62.74824142456055,1723605.0,AMBUJACEM.NS
2008-06-23,86.0,86.94999694824219,80.80000305175781,83.8499984741211,61.89930725097656,1396790.0,AMBUJACEM.NS
2008-06-24,84.0,85.0,80.1500015258789,80.8499984741211,59.68465042114258,1664567.0,AMBUJACEM.NS
2008-06-25,80.80000305175781,83.8499984741211,78.55000305175781,82.5,60.902713775634766,1688042.0,AMBUJACEM.NS
2008-06-26,82.75,89.0,81.25,88.19999694824219,65.11050415039062,3840562.0,AMBUJACEM.NS
2008-06-27,86.0,86.0,80.6500015258789,81.3499984741211,60.05376052856445,8122524.0,AMBUJACEM.NS
2008-06-30,81.3499984741211,82.80000305175781,73.69999694824219,75.94999694824219,56.0673942565918,2260723.0,AMBUJACEM.NS
2008-07-01,76.5,77.0,70.55000305175781,73.0,53.8896598815918,1437650.0,AMBUJACEM.NS
2008-07-02,73.0,77.9000015258789,71.6500015258789,75.69999694824219,55.88284683227539,2349419.0,AMBUJACEM.NS
2008-07-03,75.69999694824219,76.05000305175781,69.0,71.5999984741211,52.85616683959961,1660809.0,AMBUJACEM.NS
2008-07-04,71.80000305175781,75.3499984741211,71.05000305175781,74.80000305175781,55.21845245361328,1354996.0,AMBUJACEM.NS
2008-07-07,76.0,79.19999694824219,73.0999984741211,74.05000305175781,54.66478729248047,3754864.0,AMBUJACEM.NS
2008-07-08,73.80000305175781,74.69999694824219,70.25,74.19999694824219,54.775508880615234,1001777.0,AMBUJACEM.NS
2008-07-09,75.0,77.94999694824219,75.0,76.8499984741211,56.7318000793457,1542621.0,AMBUJACEM.NS
2008-07-10,76.5,80.0999984741211,76.5,79.44999694824219,58.65113830566406,2910358.0,AMBUJACEM.NS
2008-07-11,79.55000305175781,81.25,79.0999984741211,80.44999694824219,59.38935470581055,1991061.0,AMBUJACEM.NS
2008-07-14,80.0,83.5,78.5,82.0,60.533599853515625,1781153.0,AMBUJACEM.NS
2008-07-15,82.0,82.0,79.05000305175781,80.6500015258789,59.537010192871094,960772.0,AMBUJACEM.NS
2008-07-16,80.5,82.5,78.19999694824219,81.55000305175781,60.20139694213867,1535279.0,AMBUJACEM.NS
2008-07-17,82.0,84.0,80.55000305175781,82.0,60.533599853515625,983486.0,AMBUJACEM.NS
2008-07-18,82.0,83.44999694824219,79.69999694824219,82.9000015258789,61.197998046875,523641.0,AMBUJACEM.NS
2008-07-21,82.0999984741211,84.5999984741211,79.5999984741211,81.0999984741211,59.869205474853516,1463629.0,AMBUJACEM.NS
2008-07-22,81.94999694824219,83.0,79.5,81.0,59.795379638671875,1163231.0,AMBUJACEM.NS
2008-07-23,84.0,84.9000015258789,81.19999694824219,84.0999984741211,62.08385467529297,1424449.0,AMBUJACEM.NS
2008-07-24,85.0,87.4000015258789,82.05000305175781,83.1500015258789,61.382545471191406,1379735.0,AMBUJACEM.NS
2008-07-25,82.9000015258789,85.4000015258789,78.0,82.4000015258789,60.82889175415039,2158165.0,AMBUJACEM.NS
2008-07-28,82.80000305175781,83.44999694824219,81.5999984741211,82.0,60.533599853515625,630824.0,AMBUJACEM.NS
2008-07-29,80.1500015258789,81.9000015258789,79.05000305175781,79.55000305175781,58.72496795654297,324821.0,AMBUJACEM.NS
2008-07-30,79.0,83.9000015258789,76.55000305175781,82.0,60.533599853515625,765707.0,AMBUJACEM.NS
2008-07-31,81.80000305175781,84.0999984741211,80.0999984741211,81.44999694824219,60.12757873535156,2852815.0,AMBUJACEM.NS
2008-08-01,80.44999694824219,83.69999694824219,79.8499984741211,82.75,61.087257385253906,891817.0,AMBUJACEM.NS
2008-08-04,82.0999984741211,84.0999984741211,81.80000305175781,82.8499984741211,61.161075592041016,740303.0,AMBUJACEM.NS
2008-08-05,82.75,88.0,82.0999984741211,87.5,64.5937728881836,2146101.0,AMBUJACEM.NS
2008-08-06,88.0,91.9000015258789,88.0,88.69999694824219,65.47962951660156,1394163.0,AMBUJACEM.NS
2008-08-07,88.0,91.9000015258789,87.0,89.9000015258789,66.3655014038086,1461681.0,AMBUJACEM.NS
2008-08-08,89.05000305175781,90.0,85.6500015258789,87.0,65.09355163574219,1297684.0,AMBUJACEM.NS
2008-08-11,87.30000305175781,89.80000305175781,87.30000305175781,88.30000305175781,66.06620788574219,857808.0,AMBUJACEM.NS
2008-08-12,89.0,89.69999694824219,87.1500015258789,88.1500015258789,65.9539794921875,880286.0,AMBUJACEM.NS
2008-08-13,87.0,88.1500015258789,86.25,87.55000305175781,65.50504302978516,796700.0,AMBUJACEM.NS
2008-08-14,87.0999984741211,87.9000015258789,84.0999984741211,84.55000305175781,63.26046371459961,1125859.0,AMBUJACEM.NS
2008-08-18,84.55000305175781,84.55000305175781,79.4000015258789,80.05000305175781,59.893550872802734,816519.0,AMBUJACEM.NS
2008-08-19,81.0,81.94999694824219,79.5,80.1500015258789,59.96836471557617,1039872.0,AMBUJACEM.NS
2008-08-20,81.0,82.0,80.30000305175781,81.3499984741211,60.86620330810547,497627.0,AMBUJACEM.NS
2008-08-21,81.94999694824219,82.0,78.80000305175781,79.0,59.107948303222656,676346.0,AMBUJACEM.NS
2008-08-22,79.0,80.25,77.25,80.0,59.85614013671875,759866.0,AMBUJACEM.NS
2008-08-25,81.0,83.4000015258789,77.0,80.1500015258789,59.96836471557617,1101457.0,AMBUJACEM.NS
2008-08-26,79.05000305175781,81.5,78.55000305175781,81.1500015258789,60.716575622558594,378167.0,AMBUJACEM.NS
2008-08-27,81.0,82.0,79.3499984741211,79.8499984741211,59.743896484375,580104.0,AMBUJACEM.NS
2008-08-28,80.69999694824219,81.69999694824219,78.0999984741211,78.69999694824219,58.883480072021484,1794642.0,AMBUJACEM.NS
2008-08-29,80.0,80.75,79.19999694824219,80.30000305175781,60.08060073852539,446286.0,AMBUJACEM.NS
2008-09-01,80.5,80.5,78.9000015258789,80.0999984741211,59.93095397949219,438910.0,AMBUJACEM.NS
2008-09-02,80.0999984741211,82.25,80.0999984741211,81.44999694824219,60.9410400390625,1637025.0,AMBUJACEM.NS
2008-09-04,81.05000305175781,84.0,80.8499984741211,82.19999694824219,61.50216293334961,3984906.0,AMBUJACEM.NS
2008-09-05,81.0,83.5,80.0,80.5,60.23024368286133,800527.0,AMBUJACEM.NS
2008-09-08,85.0,86.0,82.80000305175781,83.9000015258789,62.77412796020508,1653545.0,AMBUJACEM.NS
2008-09-09,83.0,84.0999984741211,82.1500015258789,83.6500015258789,62.58707809448242,483885.0,AMBUJACEM.NS
2008-09-10,83.0,84.25,82.5,83.8499984741211,62.736724853515625,817766.0,AMBUJACEM.NS
2008-09-11,83.75,83.75,81.1500015258789,81.5999984741211,61.05327224731445,358942.0,AMBUJACEM.NS
2008-09-12,82.3499984741211,84.0,78.1500015258789,79.75,59.66909408569336,1068959.0,AMBUJACEM.NS
2008-09-15,79.75,80.0,75.69999694824219,77.44999694824219,57.9482307434082,1095743.0,AMBUJACEM.NS
2008-09-16,78.0,79.9000015258789,74.25,77.44999694824219,57.9482307434082,1391896.0,AMBUJACEM.NS
2008-09-17,76.0,79.94999694824219,75.1500015258789,78.75,58.920902252197266,1260335.0,AMBUJACEM.NS
2008-09-18,76.05000305175781,82.4000015258789,74.25,80.94999694824219,60.56692886352539,1273583.0,AMBUJACEM.NS
2008-09-19,82.0,86.9000015258789,82.0,85.0,63.59714889526367,3235789.0,AMBUJACEM.NS
2008-09-22,86.0,86.0,83.0999984741211,84.5999984741211,63.29785919189453,1311177.0,AMBUJACEM.NS
2008-09-23,83.55000305175781,84.8499984741211,82.44999694824219,83.05000305175781,62.13815689086914,1127234.0,AMBUJACEM.NS
2008-09-24,83.5999984741211,85.4000015258789,83.25,84.30000305175781,63.07341766357422,1117658.0,AMBUJACEM.NS
2008-09-25,83.1500015258789,86.94999694824219,82.6500015258789,84.6500015258789,63.33526611328125,3075322.0,AMBUJACEM.NS
2008-09-26,83.0,84.5,81.0999984741211,82.44999694824219,61.689231872558594,939172.0,AMBUJACEM.NS
2008-09-29,81.5,82.5,76.94999694824219,77.8499984741211,58.24749755859375,1133328.0,AMBUJACEM.NS
2008-09-30,77.8499984741211,80.94999694824219,74.4000015258789,78.6500015258789,58.84605026245117,1275098.0,AMBUJACEM.NS
2008-10-01,78.0,80.6500015258789,76.25,78.80000305175781,58.95830154418945,986657.0,AMBUJACEM.NS
2008-10-03,80.4000015258789,80.4000015258789,76.55000305175781,78.05000305175781,58.397151947021484,3371907.0,AMBUJACEM.NS
2008-10-06,78.05000305175781,78.05000305175781,71.25,72.75,54.431663513183594,819258.0,AMBUJACEM.NS
2008-10-07,73.05000305175781,77.4000015258789,68.55000305175781,74.55000305175781,55.778446197509766,1304788.0,AMBUJACEM.NS
2008-10-08,73.94999694824219,74.0,68.0,72.6500015258789,54.356849670410156,1414311.0,AMBUJACEM.NS
2008-10-10,69.0,83.0,63.04999923706055,63.099998474121094,47.211524963378906,2824623.0,AMBUJACEM.NS
2008-10-13,65.0,67.0,60.599998474121094,63.75,47.6978645324707,1882057.0,AMBUJACEM.NS
2008-10-14,66.0,67.0,64.19999694824219,64.94999694824219,48.59568786621094,1546146.0,AMBUJACEM.NS
2008-10-15,64.0999984741211,66.4000015258789,61.400001525878906,62.150001525878906,46.500732421875,1086470.0,AMBUJACEM.NS
2008-10-16,61.75,63.5,56.0,61.150001525878906,45.752532958984375,1616255.0,AMBUJACEM.NS
2008-10-17,62.0,62.75,55.0,56.79999923706055,42.49785232543945,1971092.0,AMBUJACEM.NS
2008-10-20,56.0,57.70000076293945,52.25,53.599998474121094,40.103607177734375,1278256.0,AMBUJACEM.NS
2008-10-21,54.0,55.75,51.25,53.849998474121094,40.2906608581543,1655205.0,AMBUJACEM.NS
2008-10-22,53.0,54.45000076293945,47.099998474121094,47.900001525878906,35.8388557434082,2127128.0,AMBUJACEM.NS
2008-10-23,47.0,49.79999923706055,44.0,48.599998474121094,36.362606048583984,4417213.0,AMBUJACEM.NS
2008-10-24,47.599998474121094,48.5,43.0,44.900001525878906,33.59425735473633,5212138.0,AMBUJACEM.NS
2008-10-27,49.70000076293945,51.0,43.150001525878906,49.54999923706055,37.07339859008789,5154625.0,AMBUJACEM.NS
2008-10-29,54.5,59.5,54.0,58.0,43.39570236206055,5121061.0,AMBUJACEM.NS
2008-10-31,59.0,62.0,58.0,60.95000076293945,45.6028938293457,2641711.0,AMBUJACEM.NS
2008-11-03,63.0,66.0999984741211,61.0,64.3499984741211,48.14677429199219,2296323.0,AMBUJACEM.NS
2008-11-04,64.4000015258789,64.4000015258789,61.599998474121094,63.0,47.13671112060547,3194270.0,AMBUJACEM.NS
2008-11-05,63.5,65.4000015258789,55.5,57.349998474121094,42.90937042236328,930143.0,AMBUJACEM.NS
2008-11-06,56.5,57.95000076293945,54.099998474121094,55.04999923706055,41.188499450683594,3008158.0,AMBUJACEM.NS
2008-11-07,54.5,59.150001525878906,54.349998474121094,56.45000076293945,42.23598861694336,1213022.0,AMBUJACEM.NS
2008-11-10,57.0,62.900001525878906,57.0,61.5,46.014404296875,654298.0,AMBUJACEM.NS
2008-11-11,62.900001525878906,62.900001525878906,54.25,55.54999923706055,41.56260681152344,887615.0,AMBUJACEM.NS
2008-11-12,54.5,59.0,53.20000076293945,55.54999923706055,41.56260681152344,1240622.0,AMBUJACEM.NS
2008-11-14,56.0,58.0,53.400001525878906,54.20000076293945,40.55253219604492,1278774.0,AMBUJACEM.NS
2008-11-17,54.5,57.04999923706055,51.0,56.5,42.27339553833008,1217816.0,AMBUJACEM.NS
2008-11-18,55.0,56.400001525878906,52.20000076293945,54.150001525878906,40.51512145996094,1340163.0,AMBUJACEM.NS
2008-11-19,55.0,59.20000076293945,54.04999923706055,55.25,41.3381462097168,1217686.0,AMBUJACEM.NS
2008-11-20,54.5,55.349998474121094,51.25,54.5,40.7769889831543,823590.0,AMBUJACEM.NS
2008-11-21,53.900001525878906,58.599998474121094,52.599998474121094,57.349998474121094,42.90937042236328,1445466.0,AMBUJACEM.NS
2008-11-24,58.0,60.0,52.900001525878906,56.099998474121094,41.974117279052734,1663475.0,AMBUJACEM.NS
2008-11-25,56.099998474121094,58.0,51.150001525878906,51.849998474121094,38.79425811767578,2548606.0,AMBUJACEM.NS
2008-11-26,52.0,55.0,50.25,54.400001525878906,40.70217514038086,1737476.0,AMBUJACEM.NS
2008-11-27,54.400001525878906,54.400001525878906,54.400001525878906,54.400001525878906,40.70217514038086,0.0,AMBUJACEM.NS
2008-11-28,53.95000076293945,55.099998474121094,50.04999923706055,52.20000076293945,39.056121826171875,2894140.0,AMBUJACEM.NS
2008-12-01,52.20000076293945,53.5,50.20000076293945,52.45000076293945,39.24317169189453,1375608.0,AMBUJACEM.NS
2008-12-02,50.54999923706055,54.0,50.04999923706055,53.5,40.0287971496582,1432846.0,AMBUJACEM.NS
2008-12-03,53.0,54.0,51.75,53.099998474121094,39.72951126098633,1511695.0,AMBUJACEM.NS
2008-12-04,53.900001525878906,54.95000076293945,52.54999923706055,53.70000076293945,40.17843246459961,1708366.0,AMBUJACEM.NS
2008-12-05,53.29999923706055,56.45000076293945,53.29999923706055,54.20000076293945,40.55253219604492,1287367.0,AMBUJACEM.NS
2008-12-08,55.0,59.900001525878906,55.0,58.0,43.39570236206055,2665044.0,AMBUJACEM.NS
2008-12-10,57.20000076293945,65.0,57.20000076293945,64.0,47.88490295410156,2747028.0,AMBUJACEM.NS
2008-12-11,64.0,64.55000305175781,61.75,62.70000076293945,46.91224670410156,2153246.0,AMBUJACEM.NS
2008-12-12,62.0,63.29999923706055,58.099998474121094,61.5,46.014404296875,1807432.0,AMBUJACEM.NS
2008-12-15,64.4000015258789,68.0,61.0,66.94999694824219,50.092105865478516,1452325.0,AMBUJACEM.NS
2008-12-16,66.80000305175781,72.5,66.0,71.55000305175781,53.5338249206543,2051056.0,AMBUJACEM.NS
2008-12-17,73.0,73.55000305175781,65.5999984741211,67.4000015258789,50.42878723144531,3678732.0,AMBUJACEM.NS
2008-12-18,66.0,75.30000305175781,65.25,74.55000305175781,55.778446197509766,2128713.0,AMBUJACEM.NS
2008-12-19,74.05000305175781,76.80000305175781,70.0999984741211,71.19999694824219,53.271942138671875,1771451.0,AMBUJACEM.NS
2008-12-22,70.0,73.5,69.19999694824219,70.75,52.935264587402344,2085027.0,AMBUJACEM.NS
2008-12-23,72.5,73.0,69.0999984741211,71.6500015258789,53.608673095703125,1815161.0,AMBUJACEM.NS
2008-12-24,70.5,71.75,68.30000305175781,69.80000305175781,52.22447967529297,3135117.0,AMBUJACEM.NS
2008-12-26,70.80000305175781,71.75,65.0999984741211,65.80000305175781,49.231666564941406,877339.0,AMBUJACEM.NS
2008-12-29,65.19999694824219,70.3499984741211,63.599998474121094,69.0,51.62592315673828,1181780.0,AMBUJACEM.NS
2008-12-30,70.0,73.0,68.30000305175781,72.5,54.24462890625,1290872.0,AMBUJACEM.NS
2008-12-31,73.0,73.9000015258789,68.55000305175781,70.05000305175781,52.411529541015625,1318891.0,AMBUJACEM.NS
2009-01-02,71.75,72.0,67.8499984741211,69.0999984741211,51.70073318481445,2316342.0,AMBUJACEM.NS
2009-01-05,70.5,71.5999984741211,68.25,70.0999984741211,52.448944091796875,1922851.0,AMBUJACEM.NS
2009-01-06,70.5,78.4000015258789,69.0999984741211,76.4000015258789,57.16261291503906,3901297.0,AMBUJACEM.NS
2009-01-07,78.6500015258789,79.19999694824219,71.0,72.19999694824219,54.02015686035156,3337522.0,AMBUJACEM.NS
2009-01-09,71.0,74.5,69.0,72.6500015258789,54.356849670410156,1493795.0,AMBUJACEM.NS
2009-01-12,72.0,73.75,67.0999984741211,69.3499984741211,51.887786865234375,2112633.0,AMBUJACEM.NS
2009-01-13,68.80000305175781,71.6500015258789,68.0,70.5,52.74821853637695,1417039.0,AMBUJACEM.NS
2009-01-14,71.0,72.44999694824219,70.05000305175781,71.94999694824219,53.83311080932617,1064134.0,AMBUJACEM.NS
2009-01-15,70.0,70.55000305175781,68.0,69.0999984741211,51.70073318481445,1506772.0,AMBUJACEM.NS
2009-01-16,69.9000015258789,71.9000015258789,69.0,70.75,52.935264587402344,1195319.0,AMBUJACEM.NS
2009-01-19,71.75,74.0,70.0999984741211,73.30000305175781,54.84318542480469,1046700.0,AMBUJACEM.NS
2009-01-20,73.5,73.5,69.0,69.5999984741211,52.0748405456543,1393738.0,AMBUJACEM.NS
2009-01-21,68.0999984741211,71.75,68.0999984741211,70.5999984741211,52.82302474975586,1071433.0,AMBUJACEM.NS
2009-01-22,71.0,71.80000305175781,68.5999984741211,70.05000305175781,52.411529541015625,1171499.0,AMBUJACEM.NS
2009-01-23,69.8499984741211,69.9000015258789,65.0999984741211,66.0999984741211,49.45613479614258,559554.0,AMBUJACEM.NS
2009-01-27,66.75,72.0,66.75,69.5999984741211,52.0748405456543,559586.0,AMBUJACEM.NS
2009-01-28,70.0999984741211,72.0,69.55000305175781,70.75,52.935264587402344,1542096.0,AMBUJACEM.NS
2009-01-29,71.5,72.4000015258789,67.0999984741211,67.9000015258789,50.802886962890625,1259786.0,AMBUJACEM.NS
2009-01-30,68.4000015258789,71.44999694824219,66.5,70.8499984741211,53.01007843017578,790813.0,AMBUJACEM.NS
2009-02-02,69.5,70.8499984741211,68.5999984741211,70.05000305175781,52.411529541015625,665310.0,AMBUJACEM.NS
2009-02-03,70.4000015258789,72.1500015258789,69.0999984741211,70.1500015258789,52.48635482788086,3152934.0,AMBUJACEM.NS
2009-02-04,70.5,72.19999694824219,69.5999984741211,70.0999984741211,52.448944091796875,2197552.0,AMBUJACEM.NS
2009-02-05,71.0,71.0,68.55000305175781,70.30000305175781,52.598575592041016,689789.0,AMBUJACEM.NS
2009-02-06,70.30000305175781,72.3499984741211,70.0999984741211,71.75,53.68347930908203,1140969.0,AMBUJACEM.NS
2009-02-09,72.0,73.75,70.0,72.94999694824219,54.5813102722168,2234255.0,AMBUJACEM.NS
2009-02-10,72.0,74.75,71.05000305175781,74.0,55.36692810058594,2877896.0,AMBUJACEM.NS
2009-02-11,70.55000305175781,75.0,70.55000305175781,74.5,55.74103927612305,671798.0,AMBUJACEM.NS
2009-02-12,75.0,76.4000015258789,73.5,73.94999694824219,55.32951736450195,2122451.0,AMBUJACEM.NS
2009-02-13,73.5999984741211,75.25,72.69999694824219,73.30000305175781,54.84318542480469,1459407.0,AMBUJACEM.NS
2009-02-16,73.5,73.8499984741211,69.8499984741211,70.6500015258789,52.86045837402344,901976.0,AMBUJACEM.NS
2009-02-17,73.0,73.0,67.25,69.55000305175781,52.03743362426758,874784.0,AMBUJACEM.NS
2009-02-18,68.9000015258789,70.75,67.5,69.25,52.568809509277344,2287840.0,AMBUJACEM.NS
2009-02-19,70.0,70.25,68.80000305175781,69.3499984741211,53.41606903076172,1503275.0,AMBUJACEM.NS
2009-02-20,68.69999694824219,69.5,67.30000305175781,68.19999694824219,52.53030014038086,569261.0,AMBUJACEM.NS
2009-02-24,68.0,69.5,66.0,69.0,53.146484375,1231833.0,AMBUJACEM.NS
2009-02-25,70.4000015258789,70.4000015258789,67.5,67.80000305175781,52.22219467163086,1451136.0,AMBUJACEM.NS
2009-02-26,67.80000305175781,68.55000305175781,65.0,65.9000015258789,50.75875473022461,2349952.0,AMBUJACEM.NS
2009-02-27,66.0,66.0,59.75,63.54999923706055,48.94868087768555,3913319.0,AMBUJACEM.NS
2009-03-02,61.099998474121094,65.19999694824219,60.400001525878906,63.25,48.717613220214844,2659061.0,AMBUJACEM.NS
2009-03-03,62.70000076293945,67.5,62.70000076293945,65.5,50.450645446777344,3037871.0,AMBUJACEM.NS
2009-03-04,67.0,68.5,66.0,67.94999694824219,52.33774185180664,2610733.0,AMBUJACEM.NS
2009-03-05,67.0,68.5,65.75,66.69999694824219,51.37493133544922,1186272.0,AMBUJACEM.NS
2009-03-06,66.0,68.0,65.19999694824219,67.25,51.79856872558594,1054694.0,AMBUJACEM.NS
2009-03-09,67.30000305175781,68.1500015258789,65.3499984741211,67.5999984741211,52.068153381347656,763745.0,AMBUJACEM.NS
2009-03-12,68.25,69.8499984741211,67.05000305175781,67.94999694824219,52.33774185180664,2632451.0,AMBUJACEM.NS
2009-03-13,68.69999694824219,69.3499984741211,67.30000305175781,69.0,53.146484375,1359787.0,AMBUJACEM.NS
2009-03-16,69.69999694824219,70.0,68.5,69.55000305175781,53.570125579833984,1190398.0,AMBUJACEM.NS
2009-03-17,70.0,70.3499984741211,66.69999694824219,67.25,51.79856872558594,1728758.0,AMBUJACEM.NS
2009-03-18,68.0,68.9000015258789,64.0,64.5999984741211,49.75743103027344,1750442.0,AMBUJACEM.NS
2009-03-19,74.25,74.25,64.5999984741211,66.80000305175781,51.451969146728516,2484737.0,AMBUJACEM.NS
2009-03-20,68.30000305175781,69.94999694824219,66.0,69.55000305175781,53.570125579833984,1416114.0,AMBUJACEM.NS
2009-03-23,69.5,70.9000015258789,69.0999984741211,69.80000305175781,53.76267623901367,1730158.0,AMBUJACEM.NS
2009-03-24,70.8499984741211,71.0,69.0,70.6500015258789,54.41739273071289,2430569.0,AMBUJACEM.NS
2009-03-25,70.5,70.9000015258789,68.1500015258789,70.1500015258789,54.032264709472656,1242240.0,AMBUJACEM.NS
2009-03-26,72.5,72.5,69.30000305175781,69.5999984741211,53.6086311340332,2511674.0,AMBUJACEM.NS
2009-03-27,69.0999984741211,71.94999694824219,69.0,71.5,55.07209777832031,3266518.0,AMBUJACEM.NS
2009-03-30,70.0,71.69999694824219,69.25,70.3499984741211,54.18630599975586,777279.0,AMBUJACEM.NS
2009-03-31,70.3499984741211,75.0,70.0999984741211,70.5999984741211,54.37885284423828,5782508.0,AMBUJACEM.NS
2009-04-01,71.0999984741211,72.5,70.25,71.75,55.2646484375,1281602.0,AMBUJACEM.NS
2009-04-02,73.69999694824219,74.9000015258789,72.55000305175781,74.25,57.190242767333984,2414907.0,AMBUJACEM.NS
2009-04-06,74.9000015258789,76.0,71.0,72.05000305175781,55.495723724365234,2288694.0,AMBUJACEM.NS
2009-04-08,70.19999694824219,77.05000305175781,68.30000305175781,75.80000305175781,58.38410949707031,2132239.0,AMBUJACEM.NS
2009-04-09,76.0,79.94999694824219,75.0,78.05000305175781,60.11715316772461,3053104.0,AMBUJACEM.NS
2009-04-13,79.80000305175781,79.80000305175781,77.05000305175781,77.9000015258789,60.00161361694336,1009138.0,AMBUJACEM.NS
2009-04-15,78.0999984741211,86.5,77.25,85.8499984741211,66.125,3232150.0,AMBUJACEM.NS
2009-04-16,86.0,87.8499984741211,79.4000015258789,80.3499984741211,61.888694763183594,2703692.0,AMBUJACEM.NS
2009-04-17,81.75,85.69999694824219,79.30000305175781,80.0,61.619117736816406,2736460.0,AMBUJACEM.NS
2009-04-20,80.0,82.25,78.55000305175781,80.1500015258789,61.73463821411133,1993429.0,AMBUJACEM.NS
2009-04-21,76.1500015258789,81.8499984741211,76.1500015258789,77.6500015258789,59.80904769897461,1531451.0,AMBUJACEM.NS
2009-04-22,79.0,80.6500015258789,78.0,79.4000015258789,61.15696716308594,2517469.0,AMBUJACEM.NS
2009-04-23,81.0,83.69999694824219,80.5,82.75,63.737281799316406,3456253.0,AMBUJACEM.NS
2009-04-24,82.8499984741211,83.69999694824219,79.5999984741211,80.9000015258789,62.312355041503906,1701848.0,AMBUJACEM.NS
2009-04-27,83.5,85.0999984741211,79.19999694824219,82.75,63.737281799316406,4354167.0,AMBUJACEM.NS
2009-04-28,84.9000015258789,84.9000015258789,80.25,81.1500015258789,62.504886627197266,1841787.0,AMBUJACEM.NS
2009-04-29,80.0,83.44999694824219,78.69999694824219,81.0,62.38935089111328,2320184.0,AMBUJACEM.NS
2009-04-30,80.55000305175781,80.55000305175781,80.55000305175781,80.55000305175781,62.042755126953125,0.0,AMBUJACEM.NS
2009-05-04,80.6500015258789,83.94999694824219,80.5999984741211,81.8499984741211,63.04405975341797,1878389.0,AMBUJACEM.NS
2009-05-05,82.0,82.69999694824219,79.5,79.94999694824219,61.580604553222656,2524191.0,AMBUJACEM.NS
2009-05-06,81.0,83.55000305175781,80.05000305175781,81.75,62.9670295715332,2572944.0,AMBUJACEM.NS
2009-05-07,82.0,82.69999694824219,78.5999984741211,79.30000305175781,61.07996368408203,2768026.0,AMBUJACEM.NS
2009-05-08,79.5,81.05000305175781,74.30000305175781,75.30000305175781,57.99899673461914,4281675.0,AMBUJACEM.NS
2009-05-11,75.0,77.44999694824219,74.0999984741211,74.69999694824219,57.5368537902832,1704747.0,AMBUJACEM.NS
2009-05-12,74.25,77.55000305175781,74.0,77.0,59.30839538574219,2985887.0,AMBUJACEM.NS
2009-05-13,75.0,79.5,75.0,76.25,58.73072814941406,1590478.0,AMBUJACEM.NS
2009-05-14,75.0999984741211,77.1500015258789,74.9000015258789,76.0,58.538169860839844,1023483.0,AMBUJACEM.NS
2009-05-15,76.05000305175781,77.44999694824219,75.5999984741211,76.0,58.538169860839844,2634026.0,AMBUJACEM.NS
2009-05-18,90.0,90.8499984741211,80.05000305175781,87.30000305175781,67.24188232421875,7261.0,AMBUJACEM.NS
2009-05-19,88.0999984741211,92.0,77.0,86.0999984741211,66.31758117675781,9389673.0,AMBUJACEM.NS
2009-05-20,86.0,94.0,85.0,93.0999984741211,71.7092514038086,3875112.0,AMBUJACEM.NS
2009-05-21,92.5,94.69999694824219,90.25,91.69999694824219,70.63092041015625,2706744.0,AMBUJACEM.NS
2009-05-22,91.5,92.69999694824219,88.25,91.55000305175781,70.51536560058594,2536916.0,AMBUJACEM.NS
2009-05-25,91.5,92.6500015258789,90.05000305175781,91.0,70.09173583984375,1942416.0,AMBUJACEM.NS
2009-05-26,92.0,92.0,88.5999984741211,89.9000015258789,69.2445068359375,2260042.0,AMBUJACEM.NS
2009-05-27,91.30000305175781,91.80000305175781,88.1500015258789,89.5999984741211,69.0134048461914,2141564.0,AMBUJACEM.NS
2009-05-28,90.0,93.4000015258789,88.1500015258789,89.1500015258789,68.66681671142578,3177466.0,AMBUJACEM.NS
2009-05-29,89.8499984741211,93.94999694824219,89.0999984741211,91.5999984741211,70.55389404296875,2974882.0,AMBUJACEM.NS
2009-06-01,92.0,98.69999694824219,92.0,98.05000305175781,75.52194213867188,4224333.0,AMBUJACEM.NS
2009-06-02,104.4000015258789,105.69999694824219,99.44999694824219,100.3499984741211,77.2934799194336,5825369.0,AMBUJACEM.NS
2009-06-03,99.25,106.0,99.25,105.1500015258789,80.99061584472656,2895498.0,AMBUJACEM.NS
2009-06-04,104.0,105.1500015258789,100.75,101.94999694824219,78.52584838867188,3247248.0,AMBUJACEM.NS
2009-06-05,103.05000305175781,106.9000015258789,101.25,102.94999694824219,79.29609680175781,4466194.0,AMBUJACEM.NS
2009-06-08,103.0,104.69999694824219,96.1500015258789,98.1500015258789,75.59895324707031,2073723.0,AMBUJACEM.NS
2009-06-09,98.1500015258789,103.19999694824219,95.0999984741211,101.0,77.79413604736328,2366438.0,AMBUJACEM.NS
2009-06-10,100.0,105.0,100.0,103.69999694824219,79.87377166748047,4410280.0,AMBUJACEM.NS
2009-06-11,103.0,105.0,97.75,99.1500015258789,76.36918640136719,3146833.0,AMBUJACEM.NS
2009-06-12,101.0,101.0,97.0,97.3499984741211,74.98274993896484,1284202.0,AMBUJACEM.NS
2009-06-15,97.0,99.80000305175781,95.0,98.94999694824219,76.21515655517578,1493140.0,AMBUJACEM.NS
2009-06-16,98.94999694824219,100.0,95.25,99.25,76.44621276855469,1483210.0,AMBUJACEM.NS
2009-06-17,99.9000015258789,100.0,96.30000305175781,96.9000015258789,74.63615417480469,1774255.0,AMBUJACEM.NS
2009-06-18,95.5,97.9000015258789,87.55000305175781,89.3499984741211,68.82085418701172,4029212.0,AMBUJACEM.NS
2009-06-19,90.0,91.9000015258789,85.6500015258789,90.5,69.7066421508789,3062599.0,AMBUJACEM.NS
2009-06-22,90.5,92.0,85.5999984741211,86.55000305175781,66.66419219970703,1895255.0,AMBUJACEM.NS
2009-06-23,85.5999984741211,86.94999694824219,82.5,86.4000015258789,66.54863739013672,2293707.0,AMBUJACEM.NS
2009-06-24,87.0,90.9000015258789,87.0,90.0,69.32149505615234,2762091.0,AMBUJACEM.NS
2009-06-25,91.0,92.0,86.55000305175781,87.30000305175781,67.24188232421875,4100001.0,AMBUJACEM.NS
2009-06-26,87.0,92.4000015258789,87.0,91.75,70.66941833496094,2874095.0,AMBUJACEM.NS
2009-06-29,92.0,92.75,89.0999984741211,90.80000305175781,69.93768310546875,2597603.0,AMBUJACEM.NS
2009-06-30,90.0,92.3499984741211,86.6500015258789,87.5,67.39590454101562,3081360.0,AMBUJACEM.NS
2009-07-01,88.0,90.94999694824219,86.5,89.94999694824219,69.28298950195312,2264967.0,AMBUJACEM.NS
2009-07-02,90.5,90.75,88.0999984741211,89.44999694824219,68.89789581298828,1089226.0,AMBUJACEM.NS
2009-07-03,88.25,92.0,87.69999694824219,91.1500015258789,70.2072982788086,1669118.0,AMBUJACEM.NS
2009-07-06,92.0,92.9000015258789,85.05000305175781,87.0999984741211,67.08783721923828,3199755.0,AMBUJACEM.NS
2009-07-07,87.0999984741211,93.19999694824219,86.19999694824219,91.55000305175781,70.51536560058594,4796447.0,AMBUJACEM.NS
2009-07-08,90.55000305175781,95.30000305175781,87.75,93.75,72.20989990234375,4743634.0,AMBUJACEM.NS
2009-07-09,93.75,98.8499984741211,93.25,97.1500015258789,74.82870483398438,3228444.0,AMBUJACEM.NS
2009-07-10,97.5,99.4000015258789,94.6500015258789,95.75,73.75037384033203,3309499.0,AMBUJACEM.NS
2009-07-13,95.0,95.5,92.25,94.1500015258789,72.51801300048828,3076736.0,AMBUJACEM.NS
2009-07-14,94.0,101.69999694824219,94.0,99.8499984741211,76.90836334228516,2714472.0,AMBUJACEM.NS
2009-07-15,100.5999984741211,102.3499984741211,96.44999694824219,99.0,76.25365447998047,3243982.0,AMBUJACEM.NS
2009-07-16,99.0,102.0,97.5,97.80000305175781,75.3293685913086,3103962.0,AMBUJACEM.NS
2009-07-17,97.0,99.4000015258789,96.80000305175781,98.0999984741211,75.56043243408203,3618144.0,AMBUJACEM.NS
2009-07-20,97.9000015258789,100.0,95.69999694824219,97.0,74.71317291259766,4376254.0,AMBUJACEM.NS
2009-07-21,96.0999984741211,98.0,94.0999984741211,96.05000305175781,73.98145294189453,4360498.0,AMBUJACEM.NS
2009-07-22,96.1500015258789,97.94999694824219,94.25,96.25,74.135498046875,2017993.0,AMBUJACEM.NS
2009-07-23,95.25,97.80000305175781,94.30000305175781,97.0,74.71317291259766,4547094.0,AMBUJACEM.NS
2009-07-24,97.0,99.0,92.55000305175781,95.0999984741211,73.24971771240234,5715037.0,AMBUJACEM.NS
2009-07-27,96.30000305175781,96.8499984741211,94.5999984741211,95.25,73.3652572631836,2282880.0,AMBUJACEM.NS
2009-07-28,95.5,100.5,95.0,99.44999694824219,76.60025024414062,5124033.0,AMBUJACEM.NS
2009-07-29,100.0,100.75,97.19999694824219,99.05000305175781,76.29217529296875,3377549.0,AMBUJACEM.NS
2009-07-30,99.0,104.75,98.25,103.69999694824219,79.87377166748047,6261070.0,AMBUJACEM.NS
2009-07-31,104.5,110.30000305175781,102.5,108.5,83.5709228515625,5401262.0,AMBUJACEM.NS
2009-08-03,109.5,109.9000015258789,105.5,108.9000015258789,83.87902069091797,2013965.0,AMBUJACEM.NS
2009-08-04,108.5,110.80000305175781,105.0,109.1500015258789,85.00830841064453,4517766.0,AMBUJACEM.NS
2009-08-05,110.0,111.80000305175781,106.19999694824219,110.25,85.86500549316406,2457759.0,AMBUJACEM.NS
2009-08-06,110.9000015258789,111.0,106.30000305175781,106.8499984741211,83.21703338623047,1935023.0,AMBUJACEM.NS
2009-08-07,106.4000015258789,107.80000305175781,103.0,105.3499984741211,82.04878997802734,1747978.0,AMBUJACEM.NS
2009-08-10,106.0,106.69999694824219,97.30000305175781,100.05000305175781,77.92105865478516,3539674.0,AMBUJACEM.NS
2009-08-11,100.5,101.5,96.75,100.0,77.88209533691406,3923214.0,AMBUJACEM.NS
2009-08-12,99.69999694824219,103.30000305175781,95.0999984741211,100.8499984741211,78.54409790039062,9631929.0,AMBUJACEM.NS
2009-08-13,102.0,105.25,102.0,103.8499984741211,80.88055419921875,3200760.0,AMBUJACEM.NS
2009-08-14,104.5,105.9000015258789,100.05000305175781,100.9000015258789,78.58304595947266,4170662.0,AMBUJACEM.NS
2009-08-17,98.25,101.8499984741211,97.5,99.6500015258789,77.60951232910156,8548565.0,AMBUJACEM.NS
2009-08-18,99.5,101.4000015258789,98.5999984741211,99.9000015258789,77.80421447753906,1612851.0,AMBUJACEM.NS
2009-08-19,100.0,100.69999694824219,95.25,96.75,75.35092163085938,3626122.0,AMBUJACEM.NS
2009-08-20,96.0,99.94999694824219,96.0,99.44999694824219,77.45374298095703,6721671.0,AMBUJACEM.NS
2009-08-21,99.9000015258789,99.9000015258789,96.69999694824219,98.44999694824219,76.67493438720703,3243134.0,AMBUJACEM.NS
2009-08-24,99.69999694824219,100.80000305175781,98.30000305175781,98.8499984741211,76.98645782470703,2122414.0,AMBUJACEM.NS
2009-08-25,99.69999694824219,99.69999694824219,97.0,97.8499984741211,76.20763397216797,2628134.0,AMBUJACEM.NS
2009-08-26,98.0999984741211,100.0,97.5,98.55000305175781,76.75279998779297,7282998.0,AMBUJACEM.NS
2009-08-27,95.05000305175781,100.4000015258789,95.05000305175781,98.8499984741211,76.98645782470703,1822444.0,AMBUJACEM.NS
2009-08-28,98.5,99.4000015258789,97.25,98.6500015258789,76.83069610595703,3313235.0,AMBUJACEM.NS
2009-08-31,97.30000305175781,100.6500015258789,97.30000305175781,99.1500015258789,77.2201156616211,2425221.0,AMBUJACEM.NS
2009-09-01,99.94999694824219,100.44999694824219,98.19999694824219,98.69999694824219,76.86963653564453,3005872.0,AMBUJACEM.NS
2009-09-02,98.30000305175781,99.05000305175781,98.0,98.5999984741211,76.791748046875,2077032.0,AMBUJACEM.NS
2009-09-03,99.4000015258789,100.4000015258789,98.5,99.8499984741211,77.76528930664062,1742082.0,AMBUJACEM.NS
2009-09-04,100.9000015258789,100.9000015258789,99.25,100.0,77.88209533691406,1778787.0,AMBUJACEM.NS
2009-09-07,102.0,102.0,100.55000305175781,101.30000305175781,78.89458465576172,2607428.0,AMBUJACEM.NS
2009-09-08,102.30000305175781,102.44999694824219,99.3499984741211,100.0,77.88209533691406,5653246.0,AMBUJACEM.NS
2009-09-09,100.4000015258789,100.69999694824219,98.0999984741211,99.4000015258789,77.4148178100586,970741.0,AMBUJACEM.NS
2009-09-10,100.5,100.69999694824219,98.1500015258789,98.5999984741211,76.791748046875,678113.0,AMBUJACEM.NS
2009-09-11,99.44999694824219,101.30000305175781,97.5,98.19999694824219,76.48021697998047,2827027.0,AMBUJACEM.NS
2009-09-14,97.05000305175781,98.0,96.05000305175781,97.05000305175781,75.5845718383789,974836.0,AMBUJACEM.NS
2009-09-15,97.5999984741211,99.3499984741211,97.0999984741211,98.9000015258789,77.025390625,1052247.0,AMBUJACEM.NS
2009-09-16,99.5999984741211,100.55000305175781,98.44999694824219,99.94999694824219,77.8431625366211,1273614.0,AMBUJACEM.NS
2009-09-17,100.4000015258789,102.0999984741211,98.30000305175781,99.80000305175781,77.72632598876953,2950432.0,AMBUJACEM.NS
2009-09-18,99.0,101.5,99.0,100.0,77.88209533691406,3568681.0,AMBUJACEM.NS
2009-09-22,100.69999694824219,101.0,98.80000305175781,99.9000015258789,77.80421447753906,2414467.0,AMBUJACEM.NS
2009-09-23,100.0999984741211,100.44999694824219,98.1500015258789,98.94999694824219,77.06432342529297,963039.0,AMBUJACEM.NS
2009-09-24,99.0,99.80000305175781,97.4000015258789,98.19999694824219,76.48021697998047,4266419.0,AMBUJACEM.NS
2009-09-25,97.30000305175781,98.9000015258789,97.05000305175781,98.3499984741211,76.5970687866211,1928033.0,AMBUJACEM.NS
2009-09-29,98.5,100.25,98.0999984741211,99.19999694824219,77.25902557373047,7300733.0,AMBUJACEM.NS
2009-09-30,99.69999694824219,101.5,99.0,99.6500015258789,77.60951232910156,4889667.0,AMBUJACEM.NS
2009-10-01,100.0,105.0,98.5999984741211,102.44999694824219,79.79021453857422,11863148.0,AMBUJACEM.NS
2009-10-05,102.9000015258789,105.30000305175781,100.0999984741211,100.5,78.27151489257812,4027717.0,AMBUJACEM.NS
2009-10-06,101.9000015258789,101.9000015258789,95.25,97.5999984741211,76.01292419433594,3980335.0,AMBUJACEM.NS
2009-10-07,98.0,99.0,97.0,97.69999694824219,76.09080505371094,2362093.0,AMBUJACEM.NS
2009-10-08,98.0,99.44999694824219,97.0999984741211,98.3499984741211,76.5970687866211,1068564.0,AMBUJACEM.NS
2009-10-09,99.0,100.0,97.30000305175781,99.3499984741211,77.37586212158203,1242280.0,AMBUJACEM.NS
2009-10-12,99.9000015258789,100.3499984741211,95.25,97.25,75.74034881591797,5737164.0,AMBUJACEM.NS
2009-10-13,96.0,96.0,96.0,96.0,74.76681518554688,0.0,AMBUJACEM.NS
2009-10-14,97.94999694824219,97.94999694824219,93.05000305175781,94.05000305175781,73.24812316894531,5387028.0,AMBUJACEM.NS
2009-10-15,95.0,95.3499984741211,93.30000305175781,93.80000305175781,73.05341339111328,2331639.0,AMBUJACEM.NS
2009-10-16,94.0,94.0,90.5,91.1500015258789,70.98954010009766,3145627.0,AMBUJACEM.NS
2009-10-20,92.4000015258789,92.5999984741211,91.0,91.25,71.06742095947266,1729289.0,AMBUJACEM.NS
2009-10-21,91.0,92.4000015258789,90.1500015258789,90.5,70.48330688476562,2192619.0,AMBUJACEM.NS
2009-10-22,90.0,90.5,89.1500015258789,89.9000015258789,70.01600646972656,1439161.0,AMBUJACEM.NS
2009-10-23,91.0,91.5,89.69999694824219,90.19999694824219,70.24966430664062,9824378.0,AMBUJACEM.NS
2009-10-26,90.0,90.8499984741211,88.5,89.75,69.89917755126953,1894197.0,AMBUJACEM.NS
2009-10-27,88.25,90.5999984741211,88.0999984741211,89.55000305175781,69.7434310913086,1475874.0,AMBUJACEM.NS
2009-10-28,90.0,90.0999984741211,86.5999984741211,87.75,68.34156036376953,2748058.0,AMBUJACEM.NS
2009-10-29,86.30000305175781,90.5,86.05000305175781,88.25,68.73095703125,7410791.0,AMBUJACEM.NS
2009-10-30,89.9000015258789,90.4000015258789,88.3499984741211,89.1500015258789,69.43190002441406,4904373.0,AMBUJACEM.NS
2009-11-03,89.80000305175781,89.80000305175781,83.5,84.8499984741211,66.08295440673828,5098956.0,AMBUJACEM.NS
2009-11-04,85.0,89.5,84.6500015258789,89.0999984741211,69.39295959472656,2885119.0,AMBUJACEM.NS
2009-11-05,89.0,89.0,83.80000305175781,85.75,66.7839126586914,4042969.0,AMBUJACEM.NS
2009-11-06,87.0,87.4000015258789,82.69999694824219,83.80000305175781,65.26519775390625,3520945.0,AMBUJACEM.NS
2009-11-09,84.0999984741211,84.69999694824219,81.8499984741211,82.44999694824219,64.21379852294922,4562275.0,AMBUJACEM.NS
2009-11-10,84.69999694824219,85.94999694824219,83.0,84.3499984741211,65.69355773925781,11883088.0,AMBUJACEM.NS
2009-11-11,85.0,85.4000015258789,84.5,85.0,66.19977569580078,2874589.0,AMBUJACEM.NS
2009-11-12,85.69999694824219,87.25,84.4000015258789,85.3499984741211,66.47237396240234,2490323.0,AMBUJACEM.NS
2009-11-13,85.0999984741211,86.19999694824219,85.0,85.8499984741211,66.86177825927734,1509629.0,AMBUJACEM.NS
2009-11-16,86.9000015258789,87.25,86.25,87.0,67.7574234008789,1938847.0,AMBUJACEM.NS
2009-11-17,87.5,87.9000015258789,86.55000305175781,87.1500015258789,67.87425994873047,1774083.0,AMBUJACEM.NS
2009-11-18,87.1500015258789,87.4000015258789,85.25,87.1500015258789,67.87425994873047,1326565.0,AMBUJACEM.NS
2009-11-19,87.0,87.94999694824219,84.94999694824219,85.75,66.7839126586914,3473914.0,AMBUJACEM.NS
2009-11-20,86.0,87.44999694824219,84.55000305175781,87.0,67.7574234008789,3146825.0,AMBUJACEM.NS
2009-11-23,87.5,88.69999694824219,86.8499984741211,88.44999694824219,68.88671112060547,5271506.0,AMBUJACEM.NS
2009-11-24,89.0,90.5999984741211,87.9000015258789,90.19999694824219,70.24966430664062,2170757.0,AMBUJACEM.NS
2009-11-25,90.4000015258789,92.75,90.0,91.94999694824219,71.61258697509766,2859354.0,AMBUJACEM.NS
2009-11-26,92.80000305175781,95.0,91.4000015258789,92.0,71.65152740478516,7285625.0,AMBUJACEM.NS
2009-11-27,91.80000305175781,91.80000305175781,87.5999984741211,89.4000015258789,69.62660217285156,3464094.0,AMBUJACEM.NS
2009-11-30,90.44999694824219,93.0,90.0999984741211,92.3499984741211,71.92412567138672,3431537.0,AMBUJACEM.NS
2009-12-01,93.0999984741211,94.80000305175781,92.3499984741211,94.25,73.40386962890625,1411386.0,AMBUJACEM.NS
2009-12-02,95.5,95.80000305175781,93.0999984741211,94.1500015258789,73.32600402832031,1718190.0,AMBUJACEM.NS
2009-12-03,94.19999694824219,95.9000015258789,93.05000305175781,94.44999694824219,73.55965423583984,2189183.0,AMBUJACEM.NS
2009-12-04,95.44999694824219,95.44999694824219,93.69999694824219,94.9000015258789,73.91010284423828,1143378.0,AMBUJACEM.NS
2009-12-07,94.0999984741211,95.3499984741211,93.94999694824219,94.94999694824219,73.94905090332031,2298017.0,AMBUJACEM.NS
2009-12-08,94.94999694824219,98.19999694824219,94.75,97.8499984741211,76.20763397216797,3453100.0,AMBUJACEM.NS
2009-12-09,98.0,98.5999984741211,96.5999984741211,97.75,76.1297378540039,4203985.0,AMBUJACEM.NS
2009-12-10,98.0,99.0,97.25,98.5999984741211,76.791748046875,2537067.0,AMBUJACEM.NS
2009-12-11,99.0,99.5,96.0,98.0,76.32447052001953,3818059.0,AMBUJACEM.NS
2009-12-14,98.0,99.9000015258789,97.4000015258789,99.30000305175781,77.3369140625,3421625.0,AMBUJACEM.NS
2009-12-15,99.9000015258789,100.4000015258789,96.75,97.25,75.74034881591797,1795087.0,AMBUJACEM.NS
2009-12-16,98.0,98.8499984741211,96.5,98.05000305175781,76.36341857910156,2156765.0,AMBUJACEM.NS
2009-12-17,98.19999694824219,99.5999984741211,97.6500015258789,99.0,77.103271484375,1727926.0,AMBUJACEM.NS
2009-12-18,99.5,99.80000305175781,97.80000305175781,98.30000305175781,76.55811309814453,1321510.0,AMBUJACEM.NS
2009-12-21,98.30000305175781,98.5,96.30000305175781,96.8499984741211,75.42878723144531,1244198.0,AMBUJACEM.NS
2009-12-22,97.80000305175781,97.80000305175781,95.75,96.0,74.76681518554688,920887.0,AMBUJACEM.NS
2009-12-23,96.0,99.8499984741211,95.80000305175781,99.1500015258789,77.2201156616211,2773365.0,AMBUJACEM.NS
2009-12-24,100.0,100.5999984741211,98.05000305175781,99.5,77.49270629882812,942754.0,AMBUJACEM.NS
2009-12-29,99.55000305175781,102.30000305175781,99.0,101.19999694824219,78.81668090820312,2382755.0,AMBUJACEM.NS
2009-12-30,101.5,102.25,100.19999694824219,101.9000015258789,79.36185455322266,1294961.0,AMBUJACEM.NS
2009-12-31,102.19999694824219,105.19999694824219,101.4000015258789,104.25,81.19208526611328,3993537.0,AMBUJACEM.NS
2010-01-04,105.4000015258789,106.5999984741211,103.5,106.0999984741211,82.6329116821289,1443914.0,AMBUJACEM.NS
2010-01-05,107.0,107.94999694824219,104.5,105.30000305175781,82.0098648071289,1529807.0,AMBUJACEM.NS
2010-01-06,105.3499984741211,106.8499984741211,103.55000305175781,105.94999694824219,82.51605987548828,1558825.0,AMBUJACEM.NS
2010-01-07,106.80000305175781,107.4000015258789,105.0,105.80000305175781,82.3992691040039,787351.0,AMBUJACEM.NS
2010-01-08,105.69999694824219,106.6500015258789,105.0,105.9000015258789,82.47714233398438,838294.0,AMBUJACEM.NS
2010-01-11,105.5999984741211,107.4000015258789,105.5,106.0999984741211,82.6329116821289,1243257.0,AMBUJACEM.NS
2010-01-12,106.3499984741211,106.3499984741211,102.4000015258789,103.4000015258789,80.53009796142578,1748333.0,AMBUJACEM.NS
2010-01-13,103.5,109.25,102.5,108.19999694824219,84.2684326171875,3474998.0,AMBUJACEM.NS
2010-01-14,109.0,110.75,106.5999984741211,107.4000015258789,83.6453857421875,2794158.0,AMBUJACEM.NS
2010-01-15,108.30000305175781,114.5,107.05000305175781,113.25,88.20148468017578,4557574.0,AMBUJACEM.NS
2010-01-18,114.5,114.5,110.0,111.0,86.44912719726562,4619689.0,AMBUJACEM.NS
2010-01-19,111.0,111.3499984741211,107.55000305175781,108.1500015258789,84.22949981689453,2611102.0,AMBUJACEM.NS
2010-01-20,108.80000305175781,110.0,106.4000015258789,109.5999984741211,85.35877990722656,4496151.0,AMBUJACEM.NS
2010-01-21,108.5,111.4000015258789,107.5999984741211,109.19999694824219,85.04724884033203,2948424.0,AMBUJACEM.NS
2010-01-22,107.5,108.30000305175781,104.25,105.69999694824219,82.32137298583984,3383732.0,AMBUJACEM.NS
2010-01-25,105.69999694824219,106.0,101.6500015258789,103.75,80.80266571044922,886649.0,AMBUJACEM.NS
2010-01-27,103.4000015258789,103.4000015258789,99.05000305175781,101.5999984741211,79.12820434570312,1925140.0,AMBUJACEM.NS
2010-01-28,102.69999694824219,104.3499984741211,100.25,102.5,79.82915496826172,4297266.0,AMBUJACEM.NS
2010-01-29,100.9000015258789,103.80000305175781,99.55000305175781,101.80000305175781,79.28397369384766,3626461.0,AMBUJACEM.NS
2010-02-01,101.75,102.55000305175781,100.69999694824219,101.05000305175781,78.69986724853516,974532.0,AMBUJACEM.NS
2010-02-02,102.44999694824219,103.5999984741211,101.0999984741211,102.3499984741211,79.71233367919922,3836940.0,AMBUJACEM.NS
2010-02-03,103.0,104.4000015258789,102.6500015258789,103.25,80.41327667236328,961552.0,AMBUJACEM.NS
2010-02-04,103.30000305175781,103.9000015258789,100.05000305175781,100.69999694824219,78.4272689819336,2600040.0,AMBUJACEM.NS
2010-02-05,97.80000305175781,102.4000015258789,96.55000305175781,99.6500015258789,77.60951232910156,3850375.0,AMBUJACEM.NS
2010-02-06,,,,,,,AMBUJACEM.NS
2010-02-08,101.4000015258789,101.4000015258789,98.80000305175781,101.05000305175781,78.69986724853516,1597442.0,AMBUJACEM.NS
2010-02-09,100.94999694824219,104.5,99.55000305175781,104.1500015258789,81.11420440673828,1447482.0,AMBUJACEM.NS
2010-02-10,104.80000305175781,105.69999694824219,102.8499984741211,103.9000015258789,80.9195327758789,2714560.0,AMBUJACEM.NS
2010-02-11,104.19999694824219,107.75,104.0,106.69999694824219,83.10021209716797,2424346.0,AMBUJACEM.NS
2010-02-15,107.5,107.94999694824219,104.4000015258789,104.75,81.58149719238281,1219094.0,AMBUJACEM.NS
2010-02-16,105.44999694824219,109.8499984741211,103.9000015258789,109.25,85.0862045288086,2146305.0,AMBUJACEM.NS
2010-02-17,109.69999694824219,110.5,106.6500015258789,107.80000305175781,83.9569091796875,2913479.0,AMBUJACEM.NS
2010-02-18,107.25,107.25,104.80000305175781,106.5,83.8781509399414,1205936.0,AMBUJACEM.NS
2010-02-19,103.3499984741211,106.94999694824219,103.3499984741211,105.44999694824219,83.05118560791016,1611672.0,AMBUJACEM.NS
2010-02-22,106.25,106.9000015258789,104.0,104.80000305175781,82.53925323486328,1181883.0,AMBUJACEM.NS
2010-02-23,104.0,105.1500015258789,103.3499984741211,103.69999694824219,81.67288970947266,2096779.0,AMBUJACEM.NS
2010-02-24,101.80000305175781,107.0,101.80000305175781,104.75,82.49986267089844,1149230.0,AMBUJACEM.NS
2010-02-25,105.5,106.0999984741211,103.25,105.69999694824219,83.24806213378906,1555028.0,AMBUJACEM.NS
2010-02-26,106.0,108.25,104.0999984741211,106.94999694824219,84.23255157470703,1466666.0,AMBUJACEM.NS
2010-03-02,106.55000305175781,109.5,106.05000305175781,107.44999694824219,84.62633514404297,4528255.0,AMBUJACEM.NS
2010-03-03,108.0,109.0,106.19999694824219,107.0,84.27192687988281,3238351.0,AMBUJACEM.NS
2010-03-04,106.9000015258789,106.9000015258789,105.0999984741211,106.0,83.48435974121094,4370735.0,AMBUJACEM.NS
2010-03-05,106.80000305175781,109.94999694824219,106.19999694824219,109.25,86.04402160644531,2749613.0,AMBUJACEM.NS
2010-03-08,110.19999694824219,115.8499984741211,109.80000305175781,115.0999984741211,90.6513900756836,6786096.0,AMBUJACEM.NS
2010-03-09,116.0,116.0,114.0,114.80000305175781,90.4151382446289,2557028.0,AMBUJACEM.NS
2010-03-10,114.5,117.69999694824219,114.19999694824219,117.0999984741211,92.22660064697266,2726747.0,AMBUJACEM.NS
2010-03-11,118.5,118.5,115.5,116.25,91.55712127685547,2587478.0,AMBUJACEM.NS
2010-03-12,117.4000015258789,117.4000015258789,115.80000305175781,116.44999694824219,91.71463775634766,1810929.0,AMBUJACEM.NS
2010-03-15,116.44999694824219,116.80000305175781,115.0999984741211,116.5,91.75403594970703,1759932.0,AMBUJACEM.NS
2010-03-16,115.30000305175781,116.94999694824219,114.8499984741211,116.5999984741211,91.83277893066406,2443414.0,AMBUJACEM.NS
2010-03-17,116.8499984741211,118.94999694824219,115.05000305175781,115.6500015258789,91.08457946777344,2985157.0,AMBUJACEM.NS
2010-03-18,115.3499984741211,117.8499984741211,115.05000305175781,116.75,91.95092010498047,1062887.0,AMBUJACEM.NS
2010-03-19,118.5,119.0,116.4000015258789,118.69999694824219,93.4867172241211,1584762.0,AMBUJACEM.NS
2010-03-22,116.4000015258789,120.80000305175781,116.4000015258789,117.9000015258789,92.85665893554688,1556517.0,AMBUJACEM.NS
2010-03-23,118.0999984741211,118.69999694824219,116.80000305175781,117.55000305175781,92.58100128173828,1413528.0,AMBUJACEM.NS
2010-03-25,117.55000305175781,119.4000015258789,115.25,118.30000305175781,93.17169189453125,5553952.0,AMBUJACEM.NS
2010-03-26,117.80000305175781,120.0,116.19999694824219,119.3499984741211,93.99864959716797,1648265.0,AMBUJACEM.NS
2010-03-29,119.6500015258789,124.5999984741211,119.3499984741211,122.05000305175781,96.12515258789062,4000550.0,AMBUJACEM.NS
2010-03-30,121.0,124.25,118.1500015258789,118.94999694824219,93.6836166381836,3296177.0,AMBUJACEM.NS
2010-03-31,118.19999694824219,120.55000305175781,118.19999694824219,119.8499984741211,94.39246368408203,1932396.0,AMBUJACEM.NS
2010-04-01,120.69999694824219,121.4000015258789,117.5999984741211,118.0999984741211,93.01417541503906,6189724.0,AMBUJACEM.NS
2010-04-05,119.0,119.55000305175781,118.30000305175781,118.80000305175781,93.56548309326172,1085101.0,AMBUJACEM.NS
2010-04-06,119.0,119.0,116.0999984741211,116.94999694824219,92.10842895507812,1944491.0,AMBUJACEM.NS
2010-04-07,117.0,120.75,117.0,119.25,93.91990661621094,2687936.0,AMBUJACEM.NS
2010-04-08,120.0999984741211,121.3499984741211,118.0999984741211,119.5999984741211,94.19554138183594,1649518.0,AMBUJACEM.NS
2010-04-09,118.19999694824219,122.44999694824219,118.19999694824219,120.05000305175781,94.54997253417969,1455140.0,AMBUJACEM.NS
2010-04-12,120.5,121.5,117.75,118.8499984741211,93.60486602783203,1252550.0,AMBUJACEM.NS
2010-04-13,119.0,119.4000015258789,117.5999984741211,118.8499984741211,93.60486602783203,860060.0,AMBUJACEM.NS
2010-04-15,118.80000305175781,120.9000015258789,118.80000305175781,119.5999984741211,94.19554138183594,2695587.0,AMBUJACEM.NS
2010-04-16,119.4000015258789,119.9000015258789,117.80000305175781,118.75,93.52608489990234,678596.0,AMBUJACEM.NS
2010-04-19,117.0,118.0,116.4000015258789,117.1500015258789,92.26594543457031,1018528.0,AMBUJACEM.NS
2010-04-20,118.80000305175781,120.19999694824219,115.80000305175781,118.94999694824219,93.6836166381836,1501373.0,AMBUJACEM.NS
2010-04-21,119.0,121.5999984741211,118.55000305175781,121.05000305175781,95.33757019042969,1273246.0,AMBUJACEM.NS
2010-04-22,120.5,122.44999694824219,119.5999984741211,120.05000305175781,94.54997253417969,1345226.0,AMBUJACEM.NS
2010-04-23,120.0,121.9000015258789,118.0,120.1500015258789,94.62873077392578,2001903.0,AMBUJACEM.NS
2010-04-26,121.0,122.80000305175781,119.3499984741211,121.8499984741211,95.9676284790039,1551525.0,AMBUJACEM.NS
2010-04-27,121.4000015258789,124.30000305175781,120.9000015258789,123.5,97.26714324951172,3563115.0,AMBUJACEM.NS
2010-04-28,119.0,125.0,119.0,123.80000305175781,97.50341796875,1766458.0,AMBUJACEM.NS
2010-04-29,124.19999694824219,125.80000305175781,122.30000305175781,124.05000305175781,97.7003173828125,2627723.0,AMBUJACEM.NS
2010-04-30,122.55000305175781,123.9000015258789,119.5,121.05000305175781,95.33757019042969,3644049.0,AMBUJACEM.NS
2010-05-03,118.30000305175781,121.30000305175781,118.30000305175781,120.4000015258789,94.82561492919922,2831989.0,AMBUJACEM.NS
2010-05-04,123.0,123.0,115.25,116.1500015258789,91.4783706665039,6992284.0,AMBUJACEM.NS
2010-05-05,113.5,116.9000015258789,112.55000305175781,115.8499984741211,91.24209594726562,1447729.0,AMBUJACEM.NS
2010-05-06,115.80000305175781,116.8499984741211,110.4000015258789,112.1500015258789,88.3280258178711,3460067.0,AMBUJACEM.NS
2010-05-07,110.5,112.75,103.80000305175781,111.05000305175781,87.461669921875,7043938.0,AMBUJACEM.NS
2010-05-10,111.25,115.8499984741211,111.25,114.69999694824219,90.33636474609375,2211741.0,AMBUJACEM.NS
2010-05-11,114.75,114.94999694824219,110.69999694824219,111.05000305175781,87.461669921875,1447755.0,AMBUJACEM.NS
2010-05-12,109.9000015258789,111.94999694824219,108.5999984741211,109.6500015258789,86.35905456542969,1523408.0,AMBUJACEM.NS
2010-05-13,110.0,110.8499984741211,107.19999694824219,109.1500015258789,85.96524810791016,2287485.0,AMBUJACEM.NS
2010-05-14,109.0,110.44999694824219,104.55000305175781,105.80000305175781,83.32683563232422,1766040.0,AMBUJACEM.NS
2010-05-17,104.0,105.9000015258789,102.05000305175781,105.44999694824219,83.05118560791016,2061140.0,AMBUJACEM.NS
2010-05-18,104.25,108.69999694824219,104.0999984741211,107.8499984741211,84.9413833618164,2415171.0,AMBUJACEM.NS
2010-05-19,106.5,107.94999694824219,103.80000305175781,104.94999694824219,82.65738677978516,875276.0,AMBUJACEM.NS
2010-05-20,106.0,106.0,103.55000305175781,104.55000305175781,82.34233093261719,4166177.0,AMBUJACEM.NS
2010-05-21,103.5,107.9000015258789,103.05000305175781,105.6500015258789,83.20869445800781,1415706.0,AMBUJACEM.NS
2010-05-24,106.0999984741211,117.69999694824219,105.55000305175781,111.19999694824219,87.57980346679688,2598290.0,AMBUJACEM.NS
2010-05-25,108.0,108.0,103.9000015258789,104.94999694824219,82.65738677978516,2549873.0,AMBUJACEM.NS
2010-05-26,105.5,106.9000015258789,105.1500015258789,106.0999984741211,83.5631103515625,1501815.0,AMBUJACEM.NS
2010-05-27,104.5,109.80000305175781,104.5,109.1500015258789,85.96524810791016,1719158.0,AMBUJACEM.NS
2010-05-28,109.0,110.5,107.0999984741211,108.94999694824219,85.8077392578125,1433845.0,AMBUJACEM.NS
2010-05-31,107.4000015258789,109.94999694824219,106.05000305175781,108.8499984741211,85.7289810180664,2591700.0,AMBUJACEM.NS
2010-06-01,109.0,109.0,105.55000305175781,106.8499984741211,84.15380859375,940885.0,AMBUJACEM.NS
2010-06-02,107.4000015258789,111.19999694824219,107.4000015258789,110.69999694824219,87.18600463867188,1001508.0,AMBUJACEM.NS
2010-06-03,112.44999694824219,115.0,110.69999694824219,114.19999694824219,89.94256591796875,1076760.0,AMBUJACEM.NS
2010-06-04,114.19999694824219,114.69999694824219,112.05000305175781,112.5,88.6036605834961,668511.0,AMBUJACEM.NS
2010-06-07,109.0999984741211,115.94999694824219,109.0999984741211,115.5,90.96644592285156,1260267.0,AMBUJACEM.NS
2010-06-08,114.9000015258789,116.44999694824219,114.5,115.1500015258789,90.6907730102539,1542915.0,AMBUJACEM.NS
2010-06-09,116.0,116.6500015258789,114.5999984741211,115.05000305175781,90.61203002929688,1199025.0,AMBUJACEM.NS
2010-06-10,114.30000305175781,116.80000305175781,114.0999984741211,115.8499984741211,91.24209594726562,1036359.0,AMBUJACEM.NS
2010-06-11,115.8499984741211,117.94999694824219,113.80000305175781,115.05000305175781,90.61203002929688,4076926.0,AMBUJACEM.NS
2010-06-14,115.8499984741211,115.8499984741211,114.55000305175781,115.19999694824219,90.73017120361328,1666885.0,AMBUJACEM.NS
2010-06-15,115.19999694824219,116.4000015258789,113.6500015258789,115.75,91.16333770751953,2311142.0,AMBUJACEM.NS
2010-06-16,115.19999694824219,117.4000015258789,115.0,115.8499984741211,91.24209594726562,1002117.0,AMBUJACEM.NS
2010-06-17,116.69999694824219,117.4000015258789,115.5,117.0,92.14784240722656,1169459.0,AMBUJACEM.NS
2010-06-18,117.0,118.5,116.1500015258789,117.69999694824219,92.69913482666016,1309072.0,AMBUJACEM.NS
2010-06-21,119.0,120.0,117.55000305175781,118.1500015258789,93.05355072021484,1086389.0,AMBUJACEM.NS
2010-06-22,118.3499984741211,119.55000305175781,117.5999984741211,118.75,93.52608489990234,1794475.0,AMBUJACEM.NS
2010-06-23,117.69999694824219,121.0,117.0999984741211,120.55000305175781,94.94375610351562,2016711.0,AMBUJACEM.NS
2010-06-24,120.9000015258789,121.05000305175781,116.55000305175781,118.25,93.1323013305664,1854480.0,AMBUJACEM.NS
2010-06-25,117.5999984741211,118.0,115.44999694824219,117.1500015258789,92.26594543457031,1255140.0,AMBUJACEM.NS
2010-06-28,116.69999694824219,119.5,115.80000305175781,118.44999694824219,93.28983306884766,804591.0,AMBUJACEM.NS
2010-06-29,124.0,124.0,114.25,114.55000305175781,90.21823120117188,1163661.0,AMBUJACEM.NS
2010-06-30,110.05000305175781,115.6500015258789,110.05000305175781,114.9000015258789,90.49388122558594,1996373.0,AMBUJACEM.NS
2010-07-01,114.4000015258789,115.0,112.69999694824219,113.05000305175781,89.03684997558594,1070281.0,AMBUJACEM.NS
2010-07-02,122.0,122.0,111.9000015258789,112.75,88.80057525634766,1094090.0,AMBUJACEM.NS
2010-07-05,112.05000305175781,114.0,112.05000305175781,113.69999694824219,89.54878997802734,198597.0,AMBUJACEM.NS
2010-07-06,112.4000015258789,115.05000305175781,112.4000015258789,113.3499984741211,89.27312469482422,1330407.0,AMBUJACEM.NS
2010-07-07,113.25,113.94999694824219,111.6500015258789,112.5,88.6036605834961,467949.0,AMBUJACEM.NS
2010-07-08,112.94999694824219,113.94999694824219,112.6500015258789,112.9000015258789,88.91870880126953,1574981.0,AMBUJACEM.NS
2010-07-09,113.0,113.5,110.9000015258789,111.30000305175781,87.65855407714844,768120.0,AMBUJACEM.NS
2010-07-12,112.30000305175781,112.6500015258789,110.05000305175781,110.8499984741211,87.30414581298828,993198.0,AMBUJACEM.NS
2010-07-13,111.4000015258789,111.4000015258789,110.0,110.6500015258789,87.14664459228516,2921279.0,AMBUJACEM.NS
2010-07-14,111.94999694824219,113.44999694824219,109.5999984741211,110.05000305175781,86.6740951538086,1973187.0,AMBUJACEM.NS
2010-07-15,110.05000305175781,110.9000015258789,109.5999984741211,110.19999694824219,86.79222106933594,833082.0,AMBUJACEM.NS
2010-07-16,110.19999694824219,110.94999694824219,107.94999694824219,108.8499984741211,85.7289810180664,1044806.0,AMBUJACEM.NS
2010-07-19,108.8499984741211,110.30000305175781,107.5,107.8499984741211,84.9413833618164,809290.0,AMBUJACEM.NS
2010-07-20,107.8499984741211,110.30000305175781,107.55000305175781,107.94999694824219,85.02014923095703,922292.0,AMBUJACEM.NS
2010-07-21,108.9000015258789,113.0,108.5,112.3499984741211,88.48552703857422,1920680.0,AMBUJACEM.NS
2010-07-22,114.0,115.9000015258789,113.0,115.0,90.5726318359375,5635235.0,AMBUJACEM.NS
2010-07-23,115.19999694824219,115.5,113.4000015258789,115.0,90.5726318359375,1673843.0,AMBUJACEM.NS
2010-07-26,115.94999694824219,117.0999984741211,114.5,116.3499984741211,91.63587951660156,2407058.0,AMBUJACEM.NS
2010-07-27,116.5,119.80000305175781,115.8499984741211,118.4000015258789,93.25044250488281,3480674.0,AMBUJACEM.NS
2010-07-28,118.9000015258789,120.19999694824219,117.0,117.5999984741211,92.62037658691406,2573450.0,AMBUJACEM.NS
2010-07-29,117.9000015258789,122.0,115.25,120.30000305175781,94.74686431884766,2844151.0,AMBUJACEM.NS
2010-07-30,120.0,120.0,117.05000305175781,117.80000305175781,92.77789306640625,1566981.0,AMBUJACEM.NS
2010-08-02,118.0,118.80000305175781,117.25,118.0999984741211,93.01417541503906,1241011.0,AMBUJACEM.NS
2010-08-03,118.0999984741211,118.0999984741211,115.80000305175781,117.25,92.3447036743164,1218257.0,AMBUJACEM.NS
2010-08-04,116.19999694824219,118.9000015258789,115.0,117.25,92.3447036743164,2038667.0,AMBUJACEM.NS
2010-08-05,116.9000015258789,117.80000305175781,113.25,114.30000305175781,90.95217895507812,971884.0,AMBUJACEM.NS
2010-08-06,114.0,115.19999694824219,113.0,114.94999694824219,91.46940612792969,773904.0,AMBUJACEM.NS
2010-08-09,114.44999694824219,120.80000305175781,113.80000305175781,119.75,95.2889175415039,1184076.0,AMBUJACEM.NS
2010-08-10,120.0,120.75,118.30000305175781,119.69999694824219,95.24913787841797,2129062.0,AMBUJACEM.NS
2010-08-11,119.69999694824219,122.0,118.5,120.55000305175781,95.9255142211914,1547827.0,AMBUJACEM.NS
2010-08-12,120.55000305175781,120.55000305175781,116.0,117.3499984741211,93.37916564941406,811984.0,AMBUJACEM.NS
2010-08-13,117.0999984741211,118.1500015258789,116.0,116.6500015258789,92.82217407226562,1048042.0,AMBUJACEM.NS
2010-08-16,116.69999694824219,117.0,113.6500015258789,113.9000015258789,90.63389587402344,692868.0,AMBUJACEM.NS
2010-08-17,113.9000015258789,117.0,113.6500015258789,114.4000015258789,91.03175354003906,780155.0,AMBUJACEM.NS
2010-08-18,114.5999984741211,115.80000305175781,113.69999694824219,114.75,91.31026458740234,1554833.0,AMBUJACEM.NS
2010-08-19,115.75,127.69999694824219,114.80000305175781,124.44999694824219,99.02885437011719,3732103.0,AMBUJACEM.NS
2010-08-20,126.44999694824219,128.39999389648438,119.75,121.94999694824219,97.0395278930664,3732826.0,AMBUJACEM.NS
2010-08-23,122.9000015258789,124.9000015258789,121.55000305175781,121.9000015258789,96.99974822998047,1848637.0,AMBUJACEM.NS
2010-08-24,121.4000015258789,122.80000305175781,120.0,121.05000305175781,96.3233871459961,1180719.0,AMBUJACEM.NS
2010-08-25,120.0,124.25,119.30000305175781,121.3499984741211,96.56209564208984,2573648.0,AMBUJACEM.NS
2010-08-26,121.5,123.94999694824219,118.0999984741211,122.0999984741211,97.15888977050781,4627679.0,AMBUJACEM.NS
2010-08-27,122.0999984741211,122.5,119.0999984741211,120.55000305175781,95.9255142211914,735208.0,AMBUJACEM.NS
2010-08-30,121.25,123.4000015258789,120.55000305175781,122.3499984741211,97.35782623291016,893822.0,AMBUJACEM.NS
2010-08-31,121.5,126.4000015258789,119.1500015258789,125.55000305175781,99.9041748046875,2601282.0,AMBUJACEM.NS
2010-09-01,126.5,126.80000305175781,123.05000305175781,124.19999694824219,98.82994079589844,992265.0,AMBUJACEM.NS
2010-09-02,126.0,126.3499984741211,123.25,125.5,99.86438751220703,2233239.0,AMBUJACEM.NS
2010-09-03,125.0,126.5,124.0,125.94999694824219,100.22245788574219,1369074.0,AMBUJACEM.NS
2010-09-06,126.19999694824219,127.75,125.5,126.55000305175781,100.69992065429688,886256.0,AMBUJACEM.NS
2010-09-07,126.55000305175781,137.8000030517578,126.19999694824219,136.0,108.21956634521484,9718157.0,AMBUJACEM.NS
2010-09-08,135.0,138.8000030517578,134.0500030517578,137.1999969482422,109.1744384765625,5761294.0,AMBUJACEM.NS
2010-09-09,138.5,138.5,134.60000610351562,136.5,108.6174087524414,2253231.0,AMBUJACEM.NS
2010-09-13,134.9499969482422,140.6999969482422,134.9499969482422,139.35000610351562,110.88530731201172,3844268.0,AMBUJACEM.NS
2010-09-14,137.5500030517578,139.6999969482422,136.10000610351562,136.6999969482422,108.77658081054688,1281916.0,AMBUJACEM.NS
2010-09-15,135.0500030517578,139.39999389648438,135.0500030517578,137.9499969482422,109.77127838134766,1732133.0,AMBUJACEM.NS
2010-09-16,135.0,137.39999389648438,135.0,136.3000030517578,108.45829772949219,1538054.0,AMBUJACEM.NS
2010-09-17,135.10000610351562,144.3000030517578,135.10000610351562,142.5500030517578,113.4316177368164,4072555.0,AMBUJACEM.NS
2010-09-20,143.0,147.9499969482422,142.0,145.4499969482422,115.73922729492188,3220061.0,AMBUJACEM.NS
2010-09-21,145.89999389648438,149.1999969482422,142.5,146.60000610351562,116.65433502197266,3531254.0,AMBUJACEM.NS
2010-09-22,146.0,149.0,144.8000030517578,147.5,117.37049865722656,2701672.0,AMBUJACEM.NS
2010-09-23,147.5,148.75,145.0500030517578,145.8000030517578,116.01777648925781,1258086.0,AMBUJACEM.NS
2010-09-24,146.4499969482422,147.0,143.14999389648438,146.10000610351562,116.25647735595703,2666268.0,AMBUJACEM.NS
2010-09-27,147.0,150.35000610351562,143.8000030517578,145.25,115.58010864257812,2122216.0,AMBUJACEM.NS
2010-09-28,145.89999389648438,147.6999969482422,144.64999389648438,146.0,116.17691040039062,1665657.0,AMBUJACEM.NS
2010-09-29,147.0,148.25,145.89999389648438,147.14999389648438,117.09195709228516,1404962.0,AMBUJACEM.NS
2010-09-30,146.89999389648438,147.0,138.89999389648438,140.60000610351562,111.87996673583984,2407808.0,AMBUJACEM.NS
2010-10-01,141.0,143.89999389648438,139.5,141.89999389648438,112.9144058227539,2124155.0,AMBUJACEM.NS
2010-10-04,143.5,144.39999389648438,140.0500030517578,140.6999969482422,111.95954132080078,666082.0,AMBUJACEM.NS
2010-10-05,140.6999969482422,143.8000030517578,140.6999969482422,142.5,113.39183044433594,902219.0,AMBUJACEM.NS
2010-10-06,143.10000610351562,145.6999969482422,142.89999389648438,143.75,114.38650512695312,1308982.0,AMBUJACEM.NS
2010-10-07,142.10000610351562,144.60000610351562,141.14999389648438,141.85000610351562,112.87461853027344,1800090.0,AMBUJACEM.NS
2010-10-08,142.75,143.5,138.8000030517578,141.1999969482422,112.35737609863281,1067054.0,AMBUJACEM.NS
2010-10-11,142.0,142.8000030517578,139.3000030517578,141.8000030517578,112.83482360839844,485834.0,AMBUJACEM.NS
2010-10-12,135.60000610351562,143.5,135.60000610351562,139.5500030517578,111.04441833496094,1068212.0,AMBUJACEM.NS
2010-10-13,140.0,144.35000610351562,139.0500030517578,143.25,113.98860168457031,1399803.0,AMBUJACEM.NS
2010-10-14,144.5,147.0,140.75,141.75,112.7950439453125,2007789.0,AMBUJACEM.NS
2010-10-15,142.39999389648438,142.8000030517578,137.89999389648438,138.75,110.40782165527344,2769017.0,AMBUJACEM.NS
2010-10-18,139.0,139.5,134.89999389648438,136.6999969482422,108.77658081054688,2067247.0,AMBUJACEM.NS
2010-10-19,137.14999389648438,141.3000030517578,135.5,139.35000610351562,110.88530731201172,2126164.0,AMBUJACEM.NS
2010-10-20,138.0500030517578,139.5,136.10000610351562,137.60000610351562,109.49275207519531,1218534.0,AMBUJACEM.NS
2010-10-21,136.8000030517578,144.0,134.3000030517578,142.3000030517578,113.23270416259766,2561864.0,AMBUJACEM.NS
2010-10-22,142.0,142.0,139.0,139.5,111.00464630126953,1969322.0,AMBUJACEM.NS
2010-10-25,140.0,146.3000030517578,140.0,143.60000610351562,114.2671127319336,3946050.0,AMBUJACEM.NS
2010-10-26,144.0,144.1999969482422,140.0,141.5500030517578,112.6358871459961,3402483.0,AMBUJACEM.NS
2010-10-27,141.35000610351562,142.5,139.0,139.85000610351562,111.28314971923828,1325324.0,AMBUJACEM.NS
2010-10-28,140.39999389648438,143.89999389648438,139.3000030517578,142.5,113.39183044433594,5361428.0,AMBUJACEM.NS
2010-10-29,142.5,142.5,137.0,140.10000610351562,111.48208618164062,1285590.0,AMBUJACEM.NS
2010-11-01,141.0,144.89999389648438,141.0,142.6999969482422,113.55099487304688,1847565.0,AMBUJACEM.NS
2010-11-02,143.89999389648438,149.39999389648438,143.14999389648438,148.25,117.96729278564453,3848612.0,AMBUJACEM.NS
2010-11-03,149.85000610351562,153.8000030517578,149.25,150.85000610351562,120.03620147705078,2132275.0,AMBUJACEM.NS
2010-11-04,151.0,152.8000030517578,148.5,151.75,120.75235748291016,2400503.0,AMBUJACEM.NS
2010-11-08,151.10000610351562,164.5,151.10000610351562,163.60000610351562,130.1818084716797,5744429.0,AMBUJACEM.NS
2010-11-09,163.5,165.5,159.6999969482422,164.6999969482422,131.05709838867188,4182575.0,AMBUJACEM.NS
2010-11-10,163.25,164.0,159.8000030517578,160.6999969482422,127.87415313720703,1790217.0,AMBUJACEM.NS
2010-11-11,160.3000030517578,166.8000030517578,159.3000030517578,161.3000030517578,128.35159301757812,2409787.0,AMBUJACEM.NS
2010-11-12,160.0,162.5,156.3000030517578,158.5,126.1235580444336,2212396.0,AMBUJACEM.NS
2010-11-15,155.6999969482422,157.0,152.75,155.25,123.53742980957031,1306689.0,AMBUJACEM.NS
2010-11-16,155.60000610351562,155.60000610351562,146.0,148.1999969482422,117.9275131225586,1445783.0,AMBUJACEM.NS
2010-11-18,148.6999969482422,152.5,146.25,149.5500030517578,119.00173950195312,2072465.0,AMBUJACEM.NS
2010-11-19,150.0,150.6999969482422,144.75,145.64999389648438,115.89837646484375,1820190.0,AMBUJACEM.NS
2010-11-22,146.25,148.25,145.0500030517578,146.1999969482422,116.33605194091797,1617598.0,AMBUJACEM.NS
2010-11-23,145.89999389648438,148.5,142.3000030517578,143.60000610351562,114.2671127319336,1159419.0,AMBUJACEM.NS
2010-11-24,143.6999969482422,145.89999389648438,139.8000030517578,140.75,111.99930572509766,1291305.0,AMBUJACEM.NS
2010-11-25,142.0,144.6999969482422,133.75,138.6999969482422,110.3680419921875,5846380.0,AMBUJACEM.NS
2010-11-26,140.14999389648438,141.5,135.0,138.85000610351562,110.48744201660156,869181.0,AMBUJACEM.NS
2010-11-29,139.5,141.14999389648438,135.0,138.39999389648438,110.12931823730469,1081868.0,AMBUJACEM.NS
2010-11-30,138.75,142.89999389648438,133.0500030517578,140.85000610351562,112.07889556884766,2757016.0,AMBUJACEM.NS
2010-12-01,140.0,142.0,138.10000610351562,140.75,111.99930572509766,1030653.0,AMBUJACEM.NS
2010-12-02,141.0,143.35000610351562,138.14999389648438,139.89999389648438,111.32293701171875,1304696.0,AMBUJACEM.NS
2010-12-03,140.0,140.89999389648438,137.0,138.10000610351562,109.890625,553523.0,AMBUJACEM.NS
2010-12-06,139.39999389648438,140.8000030517578,135.6999969482422,137.0,109.01531982421875,604893.0,AMBUJACEM.NS
2010-12-07,136.85000610351562,140.0,135.10000610351562,138.9499969482422,110.56695556640625,727338.0,AMBUJACEM.NS
2010-12-08,138.8000030517578,142.0,136.5500030517578,137.85000610351562,109.69168853759766,1548752.0,AMBUJACEM.NS
2010-12-09,138.39999389648438,139.25,131.10000610351562,133.5500030517578,106.27003479003906,952556.0,AMBUJACEM.NS
2010-12-10,131.0,142.8000030517578,130.85000610351562,142.0,112.99395751953125,1980746.0,AMBUJACEM.NS
2010-12-13,143.5500030517578,143.89999389648438,136.10000610351562,138.14999389648438,109.9303970336914,1990758.0,AMBUJACEM.NS
2010-12-14,137.5,141.25,137.5,139.9499969482422,111.36270904541016,1414930.0,AMBUJACEM.NS
2010-12-15,140.0,140.5,134.75,136.10000610351562,108.29914855957031,918810.0,AMBUJACEM.NS
2010-12-16,136.0,138.9499969482422,133.3000030517578,138.5500030517578,110.2486801147461,968960.0,AMBUJACEM.NS
2010-12-20,137.1999969482422,142.0,135.5500030517578,139.64999389648438,111.12400817871094,1202074.0,AMBUJACEM.NS
2010-12-21,139.0,140.8000030517578,137.25,138.10000610351562,109.890625,616428.0,AMBUJACEM.NS
2010-12-22,138.5,140.39999389648438,137.64999389648438,139.6999969482422,111.1637954711914,994780.0,AMBUJACEM.NS
2010-12-23,139.39999389648438,140.0,137.5500030517578,138.25,110.00997161865234,517991.0,AMBUJACEM.NS
2010-12-24,137.25,142.35000610351562,137.25,140.89999389648438,112.11866760253906,1203481.0,AMBUJACEM.NS
2010-12-27,141.0,145.25,140.25,144.14999389648438,114.70479583740234,1902447.0,AMBUJACEM.NS
2010-12-28,145.0,146.0,142.10000610351562,142.85000610351562,113.67034149169922,1651488.0,AMBUJACEM.NS
2010-12-29,142.8000030517578,144.25,141.64999389648438,142.85000610351562,113.67034149169922,854658.0,AMBUJACEM.NS
2010-12-30,143.0,152.60000610351562,141.75,143.35000610351562,114.06822204589844,3026098.0,AMBUJACEM.NS
2010-12-31,144.5,144.5,142.3000030517578,143.1999969482422,113.94884490966797,602100.0,AMBUJACEM.NS
2011-01-03,143.1999969482422,145.89999389648438,142.14999389648438,142.9499969482422,113.74993133544922,570620.0,AMBUJACEM.NS
2011-01-04,143.9499969482422,146.89999389648438,143.5,144.4499969482422,114.9434814453125,1658093.0,AMBUJACEM.NS
2011-01-05,144.75,145.0,140.0,140.85000610351562,112.07889556884766,846398.0,AMBUJACEM.NS
2011-01-06,141.0,141.1999969482422,132.5,133.5500030517578,106.27003479003906,1370998.0,AMBUJACEM.NS
2011-01-07,133.0,134.5,127.25,128.85000610351562,102.53009796142578,2078386.0,AMBUJACEM.NS
2011-01-10,128.0,130.85000610351562,125.8499984741211,127.44999694824219,101.41606903076172,1776819.0,AMBUJACEM.NS
2011-01-11,129.14999389648438,131.25,123.69999694824219,126.44999694824219,100.6203384399414,1573905.0,AMBUJACEM.NS
2011-01-12,127.25,129.75,125.0999984741211,128.60000610351562,102.33116149902344,731869.0,AMBUJACEM.NS
2011-01-13,129.8000030517578,134.1999969482422,129.0,132.5,105.43450927734375,1928507.0,AMBUJACEM.NS
2011-01-14,133.0,134.0,126.6500015258789,128.0,101.85370635986328,1692640.0,AMBUJACEM.NS
2011-01-17,126.94999694824219,127.80000305175781,125.5,125.8499984741211,100.14288330078125,725210.0,AMBUJACEM.NS
2011-01-18,126.25,131.6999969482422,124.30000305175781,130.8000030517578,104.08177185058594,1342805.0,AMBUJACEM.NS
2011-01-19,132.0,132.10000610351562,126.30000305175781,127.3499984741211,101.33648681640625,582673.0,AMBUJACEM.NS
2011-01-20,126.0,128.8000030517578,125.5,128.10000610351562,101.93328094482422,808293.0,AMBUJACEM.NS
2011-01-21,127.5,128.60000610351562,126.25,126.55000305175781,100.69992065429688,487164.0,AMBUJACEM.NS
2011-01-24,126.55000305175781,128.8000030517578,126.4000015258789,127.05000305175781,101.09776306152344,615618.0,AMBUJACEM.NS
2011-01-25,127.0,131.5500030517578,127.0,129.4499969482422,103.00753021240234,1677267.0,AMBUJACEM.NS
2011-01-27,131.0,134.39999389648438,128.14999389648438,132.14999389648438,105.156005859375,3477871.0,AMBUJACEM.NS
2011-01-28,131.89999389648438,131.89999389648438,127.0999984741211,127.94999694824219,101.8139419555664,972039.0,AMBUJACEM.NS
2011-01-31,125.0999984741211,127.0,123.5,126.1500015258789,100.38159942626953,543347.0,AMBUJACEM.NS
2011-02-01,126.55000305175781,129.9499969482422,120.0999984741211,121.1500015258789,96.40296173095703,2196631.0,AMBUJACEM.NS
2011-02-02,122.0,124.4000015258789,119.55000305175781,121.19999694824219,96.44274139404297,1200274.0,AMBUJACEM.NS
2011-02-03,122.4000015258789,126.44999694824219,119.5,125.19999694824219,99.62567138671875,2857828.0,AMBUJACEM.NS
2011-02-04,126.0,126.5,119.55000305175781,120.5999984741211,95.96529388427734,1306165.0,AMBUJACEM.NS
2011-02-07,120.5999984741211,122.1500015258789,118.05000305175781,119.55000305175781,95.12977600097656,1015927.0,AMBUJACEM.NS
2011-02-08,120.5,121.5,118.25,118.94999694824219,94.65232849121094,675019.0,AMBUJACEM.NS
2011-02-09,118.9000015258789,120.1500015258789,116.9000015258789,119.0999984741211,94.77168273925781,1483604.0,AMBUJACEM.NS
2011-02-10,117.0,120.19999694824219,117.0,117.55000305175781,93.53832244873047,1776754.0,AMBUJACEM.NS
2011-02-11,117.4000015258789,117.75,111.5999984741211,116.44999694824219,93.77991485595703,1722960.0,AMBUJACEM.NS
2011-02-14,118.55000305175781,119.80000305175781,116.5999984741211,118.6500015258789,95.55162048339844,2556405.0,AMBUJACEM.NS
2011-02-15,120.0,120.9000015258789,117.30000305175781,119.19999694824219,95.99456787109375,3913533.0,AMBUJACEM.NS
2011-02-16,120.0,122.69999694824219,119.0,122.0,98.24945831298828,1153239.0,AMBUJACEM.NS
2011-02-17,121.9000015258789,126.9000015258789,121.5,125.80000305175781,101.3096923828125,2071944.0,AMBUJACEM.NS
2011-02-18,126.0,129.35000610351562,123.6500015258789,124.25,100.06143188476562,2207141.0,AMBUJACEM.NS
2011-02-21,124.55000305175781,126.9000015258789,123.6500015258789,126.1500015258789,101.59154510498047,698394.0,AMBUJACEM.NS
2011-02-22,125.55000305175781,128.64999389648438,122.0,123.8499984741211,99.73931121826172,1642155.0,AMBUJACEM.NS
2011-02-23,124.9000015258789,126.0,121.25,124.55000305175781,100.30303192138672,3485877.0,AMBUJACEM.NS
2011-02-24,124.94999694824219,125.0,121.0,123.44999694824219,99.41718292236328,3398977.0,AMBUJACEM.NS
2011-02-25,123.9000015258789,125.4000015258789,121.9000015258789,124.3499984741211,100.14196014404297,1342103.0,AMBUJACEM.NS
2011-02-28,122.25,124.0999984741211,116.25,117.8499984741211,94.90736389160156,2298129.0,AMBUJACEM.NS
2011-03-01,120.0,122.75,118.05000305175781,121.75,98.04812622070312,1763944.0,AMBUJACEM.NS
2011-03-03,121.80000305175781,125.4000015258789,120.75,123.1500015258789,99.17557525634766,2833689.0,AMBUJACEM.NS
2011-03-04,123.5999984741211,124.9000015258789,121.8499984741211,123.19999694824219,99.21585083007812,1941190.0,AMBUJACEM.NS
2011-03-07,122.94999694824219,124.25,120.1500015258789,123.05000305175781,99.09505462646484,1944664.0,AMBUJACEM.NS
2011-03-08,123.05000305175781,124.94999694824219,122.0,124.44999694824219,100.22250366210938,3860797.0,AMBUJACEM.NS
2011-03-09,124.44999694824219,128.89999389648438,123.30000305175781,128.1999969482422,103.24246978759766,1928253.0,AMBUJACEM.NS
2011-03-10,127.5,130.3000030517578,126.69999694824219,129.75,104.49072265625,1506678.0,AMBUJACEM.NS
2011-03-11,127.5999984741211,128.9499969482422,125.0999984741211,125.75,101.2694091796875,786479.0,AMBUJACEM.NS
2011-03-14,125.25,128.35000610351562,125.0,127.5,102.67872619628906,1166465.0,AMBUJACEM.NS
2011-03-15,124.0,128.0,123.19999694824219,125.25,100.86676025390625,1180542.0,AMBUJACEM.NS
2011-03-16,124.5999984741211,131.0,124.5999984741211,130.0,104.6920394897461,1061185.0,AMBUJACEM.NS
2011-03-17,128.0500030517578,134.0,128.0500030517578,131.75,106.10137176513672,3318156.0,AMBUJACEM.NS
2011-03-18,132.5500030517578,134.25,131.0500030517578,132.4499969482422,106.66508483886719,1642313.0,AMBUJACEM.NS
2011-03-21,132.4499969482422,134.25,128.3000030517578,128.89999389648438,103.80618286132812,1522542.0,AMBUJACEM.NS
2011-03-22,129.39999389648438,132.39999389648438,128.10000610351562,131.25,105.69869995117188,882821.0,AMBUJACEM.NS
2011-03-23,131.0500030517578,133.5,131.0500030517578,132.85000610351562,106.98722076416016,675246.0,AMBUJACEM.NS
2011-03-24,132.64999389648438,137.89999389648438,132.64999389648438,136.25,109.72532653808594,1517419.0,AMBUJACEM.NS
2011-03-25,136.35000610351562,138.89999389648438,136.10000610351562,138.14999389648438,111.25544738769531,1405174.0,AMBUJACEM.NS
2011-03-28,137.35000610351562,139.3000030517578,137.0,138.39999389648438,111.45674896240234,1336444.0,AMBUJACEM.NS
2011-03-29,138.0,139.75,136.75,138.60000610351562,111.61781311035156,1153899.0,AMBUJACEM.NS
2011-03-30,138.25,151.89999389648438,138.0,150.25,120.9998550415039,19078579.0,AMBUJACEM.NS
2011-03-31,151.0,151.0,144.10000610351562,147.39999389648438,118.70466613769531,3169500.0,AMBUJACEM.NS
2011-04-01,148.0,148.0,145.0,146.8000030517578,118.22148895263672,851435.0,AMBUJACEM.NS
2011-04-04,147.10000610351562,149.39999389648438,146.75,148.4499969482422,119.55027770996094,832801.0,AMBUJACEM.NS
2011-04-05,149.0,153.4499969482422,147.10000610351562,151.89999389648438,122.32862854003906,1652576.0,AMBUJACEM.NS
2011-04-06,152.39999389648438,153.0,148.5500030517578,150.5500030517578,121.24143981933594,2228225.0,AMBUJACEM.NS
2011-04-07,150.0,152.60000610351562,148.6999969482422,151.4499969482422,121.96623229980469,2135849.0,AMBUJACEM.NS
2011-04-08,151.3000030517578,151.75,148.0500030517578,149.35000610351562,120.27507019042969,1511694.0,AMBUJACEM.NS
2011-04-11,148.0500030517578,151.0,147.1999969482422,149.0,119.99320983886719,768450.0,AMBUJACEM.NS
2011-04-13,147.0500030517578,153.9499969482422,147.0,152.89999389648438,123.13391876220703,1929654.0,AMBUJACEM.NS
2011-04-15,152.0,153.5,149.64999389648438,150.60000610351562,121.28170013427734,940832.0,AMBUJACEM.NS
2011-04-18,149.25,154.5,149.0,150.0,120.79852294921875,1416964.0,AMBUJACEM.NS
2011-04-19,149.10000610351562,151.89999389648438,149.0500030517578,150.5500030517578,121.24143981933594,548812.0,AMBUJACEM.NS
2011-04-20,150.8000030517578,155.1999969482422,150.75,154.39999389648438,124.34192657470703,1402016.0,AMBUJACEM.NS
2011-04-21,153.10000610351562,154.9499969482422,150.8000030517578,152.39999389648438,122.73128509521484,1156854.0,AMBUJACEM.NS
2011-04-25,151.5,156.0,151.0500030517578,155.60000610351562,125.3083267211914,1804578.0,AMBUJACEM.NS
2011-04-26,155.0,158.1999969482422,154.10000610351562,157.8000030517578,127.08002471923828,2470415.0,AMBUJACEM.NS
2011-04-27,158.5,159.0,150.1999969482422,150.9499969482422,121.56354522705078,1467641.0,AMBUJACEM.NS
2011-04-28,150.0500030517578,154.9499969482422,149.8000030517578,150.89999389648438,121.52330017089844,4264808.0,AMBUJACEM.NS
2011-04-29,150.6999969482422,160.8000030517578,150.6999969482422,158.1999969482422,127.40216064453125,63715525.0,AMBUJACEM.NS
2011-05-02,156.8000030517578,156.89999389648438,152.5,153.1999969482422,123.37553405761719,1080098.0,AMBUJACEM.NS
2011-05-03,152.8000030517578,154.5,148.8000030517578,149.6999969482422,120.55692291259766,1394596.0,AMBUJACEM.NS
2011-05-04,148.5500030517578,151.3000030517578,140.75,141.9499969482422,114.3156509399414,2399287.0,AMBUJACEM.NS
2011-05-05,142.0500030517578,142.1999969482422,134.0500030517578,136.6999969482422,110.08771514892578,3373209.0,AMBUJACEM.NS
2011-05-06,137.10000610351562,141.89999389648438,137.0500030517578,140.25,112.94660186767578,2053518.0,AMBUJACEM.NS
2011-05-09,140.5,141.6999969482422,138.64999389648438,139.39999389648438,112.26209259033203,661780.0,AMBUJACEM.NS
2011-05-10,139.0,140.10000610351562,136.0,137.14999389648438,110.4500961303711,1141542.0,AMBUJACEM.NS
2011-05-11,137.0,137.25,135.0,136.35000610351562,109.80583190917969,1317498.0,AMBUJACEM.NS
2011-05-12,135.89999389648438,137.0,132.1999969482422,133.0500030517578,107.14830017089844,1540809.0,AMBUJACEM.NS
2011-05-13,133.60000610351562,137.25,132.0,136.25,109.72532653808594,6554971.0,AMBUJACEM.NS
2011-05-16,137.0,140.14999389648438,136.3000030517578,139.3000030517578,112.18155670166016,2215610.0,AMBUJACEM.NS
2011-05-17,139.3000030517578,139.5,132.8000030517578,135.0500030517578,108.7589340209961,1391075.0,AMBUJACEM.NS
2011-05-18,135.0500030517578,136.5,132.25,134.3000030517578,108.15495300292969,690264.0,AMBUJACEM.NS
2011-05-19,134.5,136.9499969482422,131.5,132.39999389648438,106.62480926513672,433137.0,AMBUJACEM.NS
2011-05-20,133.4499969482422,134.75,130.5,130.9499969482422,105.45709991455078,1463691.0,AMBUJACEM.NS
2011-05-23,130.9499969482422,132.1999969482422,127.1500015258789,130.9499969482422,105.45709991455078,1150205.0,AMBUJACEM.NS
2011-05-24,131.0,137.0,130.5,134.9499969482422,108.67839813232422,1045217.0,AMBUJACEM.NS
2011-05-25,134.64999389648438,137.89999389648438,132.89999389648438,137.0,110.32931518554688,891353.0,AMBUJACEM.NS
2011-05-26,137.0,139.89999389648438,134.6999969482422,138.5500030517578,111.57758331298828,1318158.0,AMBUJACEM.NS
2011-05-27,137.3000030517578,139.0,135.0500030517578,135.89999389648438,109.44344329833984,799299.0,AMBUJACEM.NS
2011-05-30,137.0,137.0,133.0500030517578,133.89999389648438,107.83280181884766,556416.0,AMBUJACEM.NS
2011-05-31,132.25,139.5,132.25,138.75,111.73861694335938,1676981.0,AMBUJACEM.NS
2011-06-01,138.75,143.89999389648438,138.5,143.1999969482422,115.32229614257812,1177912.0,AMBUJACEM.NS
2011-06-02,141.0,143.0,140.5,142.5,114.75857543945312,1001531.0,AMBUJACEM.NS
2011-06-03,142.0,144.9499969482422,141.8000030517578,143.10000610351562,115.2417984008789,792435.0,AMBUJACEM.NS
2011-06-06,142.35000610351562,144.5,139.64999389648438,142.8000030517578,115.00020599365234,1627269.0,AMBUJACEM.NS
2011-06-07,141.85000610351562,143.10000610351562,141.3000030517578,142.0500030517578,114.39618682861328,1971685.0,AMBUJACEM.NS
2011-06-08,142.75,143.5500030517578,139.3000030517578,140.8000030517578,113.3895492553711,1431965.0,AMBUJACEM.NS
2011-06-09,139.8000030517578,140.5,137.14999389648438,138.10000610351562,111.21517944335938,610621.0,AMBUJACEM.NS
2011-06-10,137.0,138.0,135.3000030517578,136.0500030517578,109.56424713134766,1369545.0,AMBUJACEM.NS
2011-06-13,135.3000030517578,137.0,133.10000610351562,135.85000610351562,109.40320587158203,860790.0,AMBUJACEM.NS
2011-06-14,136.25,136.64999389648438,134.5,134.89999389648438,108.63810729980469,1434362.0,AMBUJACEM.NS
2011-06-15,134.25,134.64999389648438,131.1999969482422,131.89999389648438,106.22216796875,1632520.0,AMBUJACEM.NS
2011-06-16,129.25,130.39999389648438,124.75,125.19999694824219,100.82649230957031,3606164.0,AMBUJACEM.NS
2011-06-17,125.19999694824219,128.89999389648438,124.55000305175781,128.14999389648438,103.20219421386719,2432890.0,AMBUJACEM.NS
2011-06-20,128.14999389648438,129.0,124.8499984741211,125.55000305175781,101.10835266113281,1934928.0,AMBUJACEM.NS
2011-06-21,126.0,129.8000030517578,123.55000305175781,128.9499969482422,103.84644317626953,1338028.0,AMBUJACEM.NS
2011-06-22,129.0,133.39999389648438,128.14999389648438,129.0500030517578,103.92699432373047,5319743.0,AMBUJACEM.NS
2011-06-23,129.0,129.0,126.25,127.80000305175781,102.92034912109375,582657.0,AMBUJACEM.NS
2011-06-24,128.25,134.75,128.25,133.0,107.10801696777344,1236199.0,AMBUJACEM.NS
2011-06-27,134.1999969482422,134.60000610351562,131.10000610351562,132.0,106.30268096923828,1065462.0,AMBUJACEM.NS
2011-06-28,132.0500030517578,133.0,129.5500030517578,131.64999389648438,106.02082061767578,890846.0,AMBUJACEM.NS
2011-06-29,131.9499969482422,134.5,130.6999969482422,131.8000030517578,106.14163970947266,1004663.0,AMBUJACEM.NS
2011-06-30,132.0,134.89999389648438,130.3000030517578,133.64999389648438,107.63147735595703,2155279.0,AMBUJACEM.NS
2011-07-01,134.0,134.89999389648438,128.0500030517578,129.4499969482422,104.24910736083984,1459239.0,AMBUJACEM.NS
2011-07-04,131.14999389648438,132.25,128.6999969482422,129.1999969482422,104.04779052734375,1398298.0,AMBUJACEM.NS
2011-07-05,129.3000030517578,129.39999389648438,127.05000305175781,128.64999389648438,103.6048583984375,1447141.0,AMBUJACEM.NS
2011-07-06,128.64999389648438,129.89999389648438,126.5,126.80000305175781,102.11500549316406,1017382.0,AMBUJACEM.NS
2011-07-07,127.1500015258789,129.75,126.75,129.39999389648438,104.2088394165039,2609278.0,AMBUJACEM.NS
2011-07-08,130.4499969482422,131.0,125.8499984741211,126.25,101.67207336425781,1671815.0,AMBUJACEM.NS
2011-07-11,126.0,126.0,123.0999984741211,124.0999984741211,99.94062805175781,3087075.0,AMBUJACEM.NS
2011-07-12,123.44999694824219,125.44999694824219,120.3499984741211,121.94999694824219,98.20918273925781,3771409.0,AMBUJACEM.NS
2011-07-13,123.44999694824219,124.0,120.5999984741211,123.1500015258789,99.17557525634766,4454849.0,AMBUJACEM.NS
2011-07-14,123.25,127.75,122.25,126.5,101.87342071533203,1652880.0,AMBUJACEM.NS
2011-07-15,126.9000015258789,128.0,125.0,126.30000305175781,101.71235656738281,1079649.0,AMBUJACEM.NS
2011-07-18,125.30000305175781,127.0,125.30000305175781,126.4000015258789,101.79290008544922,697038.0,AMBUJACEM.NS
2011-07-19,126.0,128.35000610351562,125.0,127.5999984741211,102.75927734375,1079145.0,AMBUJACEM.NS
2011-07-20,128.0,129.75,126.44999694824219,127.0,102.27606964111328,1126737.0,AMBUJACEM.NS
2011-07-21,127.30000305175781,127.9000015258789,125.94999694824219,126.30000305175781,101.71235656738281,380381.0,AMBUJACEM.NS
2011-07-22,126.0999984741211,130.60000610351562,126.0999984741211,129.5500030517578,104.32965087890625,1685861.0,AMBUJACEM.NS
2011-07-25,129.60000610351562,132.5,128.14999389648438,131.39999389648438,105.81949615478516,876029.0,AMBUJACEM.NS
2011-07-26,131.39999389648438,132.8000030517578,128.89999389648438,129.5500030517578,104.32965087890625,856997.0,AMBUJACEM.NS
2011-07-27,129.39999389648438,131.75,129.39999389648438,130.85000610351562,105.37657928466797,701389.0,AMBUJACEM.NS
2011-07-28,128.0,134.0,127.30000305175781,133.1999969482422,107.26908111572266,3223051.0,AMBUJACEM.NS
2011-07-29,131.0500030517578,131.10000610351562,128.4499969482422,129.35000610351562,104.1686019897461,1490468.0,AMBUJACEM.NS
2011-08-01,130.5,133.0,127.3499984741211,129.25,104.08805084228516,1717846.0,AMBUJACEM.NS
2011-08-02,129.0,130.10000610351562,127.0999984741211,128.35000610351562,103.36327362060547,1948338.0,AMBUJACEM.NS
2011-08-03,126.0999984741211,129.89999389648438,126.0999984741211,129.3000030517578,104.1283187866211,922196.0,AMBUJACEM.NS
2011-08-04,128.25,129.3000030517578,126.25,127.19999694824219,102.43714141845703,1226685.0,AMBUJACEM.NS
2011-08-05,123.25,126.8499984741211,120.30000305175781,124.0999984741211,99.94062805175781,2029316.0,AMBUJACEM.NS
2011-08-08,121.9000015258789,129.6999969482422,120.0999984741211,124.9000015258789,101.73258209228516,4021066.0,AMBUJACEM.NS
2011-08-09,121.05000305175781,131.8000030517578,120.0999984741211,127.94999694824219,104.21683502197266,2986851.0,AMBUJACEM.NS
2011-08-10,129.0500030517578,131.89999389648438,127.94999694824219,128.85000610351562,104.94990539550781,965346.0,AMBUJACEM.NS
2011-08-11,127.05000305175781,131.1999969482422,127.05000305175781,129.9499969482422,105.84584045410156,948715.0,AMBUJACEM.NS
2011-08-12,129.60000610351562,132.4499969482422,129.0500030517578,131.1999969482422,106.86399841308594,1839502.0,AMBUJACEM.NS
2011-08-16,131.4499969482422,134.75,131.4499969482422,133.0,108.33010864257812,2721112.0,AMBUJACEM.NS
2011-08-17,132.5,135.89999389648438,132.10000610351562,133.89999389648438,109.06317138671875,4561437.0,AMBUJACEM.NS
2011-08-18,134.0,134.6999969482422,130.5500030517578,132.75,108.1264877319336,1581170.0,AMBUJACEM.NS
2011-08-19,131.0,133.1999969482422,130.0,132.10000610351562,107.5970687866211,1325494.0,AMBUJACEM.NS
2011-08-22,133.1999969482422,133.5,130.75,132.0,107.51559448242188,2486652.0,AMBUJACEM.NS
2011-08-23,132.10000610351562,134.35000610351562,130.60000610351562,133.14999389648438,108.4522705078125,2193616.0,AMBUJACEM.NS
2011-08-24,131.89999389648438,133.39999389648438,130.8000030517578,132.5500030517578,107.9636001586914,2322743.0,AMBUJACEM.NS
2011-08-25,133.0,138.35000610351562,131.1999969482422,136.39999389648438,111.09944915771484,3295892.0,AMBUJACEM.NS
2011-08-26,136.0,136.6999969482422,130.5,132.25,107.71922302246094,1343954.0,AMBUJACEM.NS
2011-08-29,132.25,134.0,131.25,133.14999389648438,108.4522705078125,1360679.0,AMBUJACEM.NS
2011-08-30,133.60000610351562,135.39999389648438,132.0500030517578,133.0500030517578,108.37084197998047,1887955.0,AMBUJACEM.NS
2011-09-02,137.0,139.5,134.9499969482422,135.64999389648438,110.48855590820312,4122021.0,AMBUJACEM.NS
2011-09-05,133.89999389648438,138.3000030517578,131.39999389648438,132.60000610351562,108.00432586669922,2247161.0,AMBUJACEM.NS
2011-09-06,132.0,140.4499969482422,131.10000610351562,139.3000030517578,113.4615478515625,3276291.0,AMBUJACEM.NS
2011-09-07,139.0,149.5,138.5500030517578,147.35000610351562,120.01835632324219,4725985.0,AMBUJACEM.NS
2011-09-08,148.14999389648438,149.5,143.6999969482422,147.6999969482422,120.30342102050781,2318338.0,AMBUJACEM.NS
2011-09-09,146.14999389648438,147.8000030517578,137.5,138.6999969482422,112.97283935546875,2798398.0,AMBUJACEM.NS
2011-09-12,136.8000030517578,148.0,135.0,144.6999969482422,117.85992431640625,2808162.0,AMBUJACEM.NS
2011-09-13,145.5,147.89999389648438,145.0,145.60000610351562,118.59298706054688,1830964.0,AMBUJACEM.NS
2011-09-14,146.0,147.9499969482422,144.14999389648438,145.89999389648438,118.83731079101562,1507077.0,AMBUJACEM.NS
2011-09-15,147.9499969482422,151.6999969482422,146.6999969482422,150.25,122.38045501708984,2215652.0,AMBUJACEM.NS
2011-09-16,150.0500030517578,152.39999389648438,141.0500030517578,143.6999969482422,117.04539489746094,4464428.0,AMBUJACEM.NS
2011-09-19,144.3000030517578,145.6999969482422,142.14999389648438,144.35000610351562,117.57482147216797,1328261.0,AMBUJACEM.NS
2011-09-20,145.1999969482422,147.64999389648438,144.89999389648438,146.64999389648438,119.44819641113281,1687374.0,AMBUJACEM.NS
2011-09-21,146.3000030517578,150.0,146.25,149.85000610351562,122.05467224121094,1420719.0,AMBUJACEM.NS
2011-09-22,144.6999969482422,147.3000030517578,142.3000030517578,143.4499969482422,116.8417739868164,1284915.0,AMBUJACEM.NS
2011-09-23,141.5,147.4499969482422,141.5,144.8000030517578,117.94135284423828,1583141.0,AMBUJACEM.NS
2011-09-26,144.5500030517578,148.89999389648438,141.0,147.1999969482422,119.89620208740234,1359086.0,AMBUJACEM.NS
2011-09-27,148.5500030517578,149.60000610351562,146.8000030517578,148.0,120.54778289794922,1822274.0,AMBUJACEM.NS
2011-09-28,148.10000610351562,149.75,146.0500030517578,146.85000610351562,119.6111068725586,1653241.0,AMBUJACEM.NS
2011-09-29,147.89999389648438,149.0,145.14999389648438,147.10000610351562,119.81473541259766,2304400.0,AMBUJACEM.NS
2011-09-30,147.0500030517578,150.89999389648438,145.85000610351562,148.89999389648438,121.2808609008789,1882592.0,AMBUJACEM.NS
2011-10-03,146.5500030517578,149.9499969482422,144.10000610351562,149.10000610351562,121.44377136230469,1010751.0,AMBUJACEM.NS
2011-10-04,148.3000030517578,150.5,147.0,148.8000030517578,121.19939422607422,1828735.0,AMBUJACEM.NS
2011-10-05,148.8000030517578,151.3000030517578,146.4499969482422,149.0500030517578,121.40302276611328,2256940.0,AMBUJACEM.NS
2011-10-07,150.5,152.0,144.5500030517578,145.14999389648438,118.2264404296875,2661579.0,AMBUJACEM.NS
2011-10-10,144.0,145.0,142.5500030517578,144.5500030517578,117.73773193359375,2242891.0,AMBUJACEM.NS
2011-10-11,146.3000030517578,146.3000030517578,143.14999389648438,144.85000610351562,117.98209381103516,1895675.0,AMBUJACEM.NS
2011-10-12,143.5500030517578,150.0,143.5500030517578,149.35000610351562,121.64739990234375,3848255.0,AMBUJACEM.NS
2011-10-13,149.35000610351562,149.8000030517578,146.5,147.6999969482422,120.30342102050781,1909053.0,AMBUJACEM.NS
2011-10-14,147.0,149.6999969482422,146.6999969482422,149.14999389648438,121.48446655273438,1403504.0,AMBUJACEM.NS
2011-10-17,149.14999389648438,153.6999969482422,147.89999389648438,152.85000610351562,124.49818420410156,1842415.0,AMBUJACEM.NS
2011-10-18,150.5500030517578,154.3000030517578,149.75,152.25,124.00946807861328,1489839.0,AMBUJACEM.NS
2011-10-19,152.6999969482422,156.25,152.6999969482422,155.4499969482422,126.61592864990234,2311875.0,AMBUJACEM.NS
2011-10-20,154.64999389648438,156.10000610351562,153.10000610351562,153.89999389648438,125.3534164428711,1585656.0,AMBUJACEM.NS
2011-10-21,153.89999389648438,154.8000030517578,149.5500030517578,150.3000030517578,122.42118835449219,993505.0,AMBUJACEM.NS
2011-10-24,152.35000610351562,154.5,150.25,151.10000610351562,123.07280731201172,1707830.0,AMBUJACEM.NS
2011-10-25,151.10000610351562,155.0,150.60000610351562,153.6999969482422,125.19049835205078,2802442.0,AMBUJACEM.NS
2011-10-28,155.3000030517578,161.25,155.3000030517578,160.4499969482422,130.6884765625,4477260.0,AMBUJACEM.NS
2011-10-31,160.0,160.9499969482422,153.1999969482422,155.3000030517578,126.49373626708984,3155787.0,AMBUJACEM.NS
2011-11-01,156.0,157.60000610351562,150.60000610351562,154.85000610351562,126.12720489501953,3839235.0,AMBUJACEM.NS
2011-11-02,153.0,157.8000030517578,151.5500030517578,156.4499969482422,127.43045806884766,4251569.0,AMBUJACEM.NS
2011-11-03,155.89999389648438,158.1999969482422,154.5500030517578,157.0500030517578,127.91913604736328,2796668.0,AMBUJACEM.NS
2011-11-04,157.0500030517578,161.60000610351562,157.0500030517578,161.1999969482422,131.29934692382812,3673094.0,AMBUJACEM.NS
2011-11-08,161.25,164.39999389648438,160.0,162.89999389648438,132.6840057373047,2650149.0,AMBUJACEM.NS
2011-11-09,162.0,162.89999389648438,160.0,160.9499969482422,131.095703125,1306052.0,AMBUJACEM.NS
2011-11-11,159.14999389648438,163.60000610351562,158.8000030517578,163.3000030517578,133.0098419189453,2121093.0,AMBUJACEM.NS
2011-11-14,164.1999969482422,164.89999389648438,161.85000610351562,162.89999389648438,132.6840057373047,1640618.0,AMBUJACEM.NS
2011-11-15,162.35000610351562,163.75,159.3000030517578,160.5500030517578,130.76992797851562,1954491.0,AMBUJACEM.NS
2011-11-16,159.5500030517578,160.89999389648438,156.5500030517578,157.75,128.48931884765625,1069124.0,AMBUJACEM.NS
2011-11-17,157.75,158.0500030517578,153.0500030517578,153.60000610351562,125.10905456542969,2090094.0,AMBUJACEM.NS
2011-11-18,153.0,153.1999969482422,150.89999389648438,152.8000030517578,124.45744323730469,1385630.0,AMBUJACEM.NS
2011-11-21,150.25,152.1999969482422,148.5500030517578,149.35000610351562,121.64739990234375,1391087.0,AMBUJACEM.NS
2011-11-22,150.8000030517578,150.8000030517578,145.5,148.1999969482422,120.71068572998047,2746055.0,AMBUJACEM.NS
2011-11-23,145.5,148.3000030517578,144.75,146.5500030517578,119.36676025390625,1296678.0,AMBUJACEM.NS
2011-11-24,146.5,152.39999389648438,141.14999389648438,150.75,122.78775024414062,4060068.0,AMBUJACEM.NS
2011-11-25,149.0500030517578,150.39999389648438,145.0,146.5,119.32603454589844,1248073.0,AMBUJACEM.NS
2011-11-28,148.0,150.8000030517578,145.85000610351562,149.60000610351562,121.85099792480469,2141015.0,AMBUJACEM.NS
2011-11-29,150.75,151.89999389648438,145.25,146.8000030517578,119.57038116455078,1078969.0,AMBUJACEM.NS
2011-11-30,145.0,150.14999389648438,144.3000030517578,148.5,120.9550552368164,1758583.0,AMBUJACEM.NS
2011-12-01,152.14999389648438,154.0,147.6999969482422,148.85000610351562,121.24012756347656,1972268.0,AMBUJACEM.NS
2011-12-02,150.60000610351562,161.8000030517578,150.14999389648438,160.60000610351562,130.8106689453125,4385194.0,AMBUJACEM.NS
2011-12-05,159.0500030517578,163.0,158.75,162.35000610351562,132.23606872558594,2575818.0,AMBUJACEM.NS
2011-12-07,162.39999389648438,165.4499969482422,160.3000030517578,161.25,131.340087890625,2469103.0,AMBUJACEM.NS
2011-12-08,160.10000610351562,161.5,159.3000030517578,160.89999389648438,131.0550079345703,1724124.0,AMBUJACEM.NS
2011-12-09,159.85000610351562,160.9499969482422,156.6999969482422,159.60000610351562,129.99615478515625,1800138.0,AMBUJACEM.NS
2011-12-12,161.6999969482422,161.6999969482422,151.5,152.89999389648438,124.53890991210938,1886681.0,AMBUJACEM.NS
2011-12-13,151.5,155.39999389648438,148.39999389648438,150.60000610351562,122.66552734375,1872049.0,AMBUJACEM.NS
2011-12-14,151.0,153.0,148.5,150.85000610351562,122.8691635131836,1387088.0,AMBUJACEM.NS
2011-12-15,149.0500030517578,154.5,148.0500030517578,153.5,125.02761840820312,1213320.0,AMBUJACEM.NS
2011-12-16,153.5,158.89999389648438,151.10000610351562,152.9499969482422,124.57964324951172,1694749.0,AMBUJACEM.NS
2011-12-19,151.0500030517578,156.75,151.0500030517578,154.10000610351562,125.51629638671875,2141397.0,AMBUJACEM.NS
2011-12-20,154.0,154.85000610351562,147.75,149.35000610351562,121.64739990234375,1505653.0,AMBUJACEM.NS
2011-12-21,152.9499969482422,157.0,151.0,155.8000030517578,126.90100860595703,1085211.0,AMBUJACEM.NS
2011-12-22,155.5,158.75,154.64999389648438,155.64999389648438,126.77883911132812,1245268.0,AMBUJACEM.NS
2011-12-23,155.3000030517578,158.0,154.60000610351562,156.0,127.06391143798828,1024938.0,AMBUJACEM.NS
2011-12-26,156.0,160.5,155.0500030517578,160.0500030517578,130.3626708984375,1600811.0,AMBUJACEM.NS
2011-12-27,160.3000030517578,163.6999969482422,160.3000030517578,163.0500030517578,132.80621337890625,2842405.0,AMBUJACEM.NS
2011-12-28,163.0,164.75,161.14999389648438,162.5,132.35821533203125,2642949.0,AMBUJACEM.NS
2011-12-29,161.10000610351562,161.85000610351562,156.10000610351562,157.14999389648438,128.00059509277344,1213591.0,AMBUJACEM.NS
2011-12-30,157.9499969482422,159.0,154.35000610351562,155.35000610351562,126.53447723388672,1094764.0,AMBUJACEM.NS
2012-01-02,156.0,157.39999389648438,152.4499969482422,156.25,127.26753234863281,582113.0,AMBUJACEM.NS
2012-01-03,156.0500030517578,159.25,153.1999969482422,154.89999389648438,126.1679458618164,2187827.0,AMBUJACEM.NS
2012-01-04,155.5,157.0,148.85000610351562,150.25,122.38045501708984,3797095.0,AMBUJACEM.NS
2012-01-05,149.0,154.89999389648438,145.5500030517578,153.75,125.2312240600586,2965940.0,AMBUJACEM.NS
2012-01-06,152.5,154.6999969482422,148.5500030517578,153.6999969482422,125.19049835205078,1500847.0,AMBUJACEM.NS
2012-01-07,,,,,,,AMBUJACEM.NS
2012-01-09,151.6999969482422,153.5,150.1999969482422,152.14999389648438,123.92803192138672,1086392.0,AMBUJACEM.NS
2012-01-10,152.25,154.14999389648438,151.14999389648438,152.10000610351562,123.88729858398438,1811150.0,AMBUJACEM.NS
2012-01-11,152.0500030517578,152.9499969482422,149.85000610351562,150.4499969482422,122.5433578491211,1582776.0,AMBUJACEM.NS
2012-01-12,150.10000610351562,151.9499969482422,149.14999389648438,150.89999389648438,122.9098892211914,1517130.0,AMBUJACEM.NS
2012-01-13,151.5,153.5,150.39999389648438,151.5,123.39859771728516,1200401.0,AMBUJACEM.NS
2012-01-16,150.8000030517578,153.39999389648438,149.14999389648438,151.64999389648438,123.5207748413086,1295984.0,AMBUJACEM.NS
2012-01-17,152.5,158.0,152.0,157.3000030517578,128.12274169921875,2482146.0,AMBUJACEM.NS
2012-01-18,157.0500030517578,159.39999389648438,156.5500030517578,157.14999389648438,128.00059509277344,1325882.0,AMBUJACEM.NS
2012-01-19,158.0,161.85000610351562,157.6999969482422,160.6999969482422,130.89208984375,2505478.0,AMBUJACEM.NS
2012-01-20,162.0,162.4499969482422,156.85000610351562,158.3000030517578,128.93728637695312,1263227.0,AMBUJACEM.NS
2012-01-23,159.0,160.85000610351562,157.0,158.10000610351562,128.77438354492188,1286796.0,AMBUJACEM.NS
2012-01-24,158.5,161.75,158.0,159.6999969482422,130.07757568359375,1699103.0,AMBUJACEM.NS
2012-01-25,160.0,163.5500030517578,159.3000030517578,161.3000030517578,131.3808135986328,3523148.0,AMBUJACEM.NS
2012-01-27,162.89999389648438,164.39999389648438,161.39999389648438,161.89999389648438,131.86952209472656,2395256.0,AMBUJACEM.NS
2012-01-30,161.5500030517578,164.0,159.0,160.5500030517578,130.76992797851562,2115348.0,AMBUJACEM.NS
2012-01-31,163.0,163.35000610351562,159.10000610351562,160.9499969482422,131.095703125,2019334.0,AMBUJACEM.NS
2012-02-01,161.0,165.35000610351562,159.1999969482422,163.1999969482422,132.9283447265625,2856867.0,AMBUJACEM.NS
2012-02-02,166.0,171.0,165.0,169.9499969482422,138.4263458251953,4783974.0,AMBUJACEM.NS
2012-02-03,171.0,173.1999969482422,169.25,172.5,140.50335693359375,3201729.0,AMBUJACEM.NS
2012-02-06,175.0,182.0,174.60000610351562,180.5500030517578,147.06016540527344,5023299.0,AMBUJACEM.NS
2012-02-07,181.9499969482422,181.9499969482422,176.1999969482422,177.5,144.575927734375,3936430.0,AMBUJACEM.NS
2012-02-08,178.0,179.64999389648438,174.5,177.0,144.16864013671875,4051371.0,AMBUJACEM.NS
2012-02-09,178.0,181.35000610351562,176.0,178.1999969482422,145.14608764648438,6079359.0,AMBUJACEM.NS
2012-02-10,177.5,178.8000030517578,170.5,171.85000610351562,139.97390747070312,10852984.0,AMBUJACEM.NS
2012-02-13,172.0,172.0,167.8000030517578,169.89999389648438,139.85044860839844,1967476.0,AMBUJACEM.NS
2012-02-14,169.5,172.8000030517578,169.35000610351562,170.75,140.55014038085938,1296737.0,AMBUJACEM.NS
2012-02-15,171.10000610351562,174.39999389648438,169.85000610351562,171.4499969482422,141.1262969970703,2250879.0,AMBUJACEM.NS
2012-02-16,172.1999969482422,173.0,170.1999969482422,170.8000030517578,140.5912322998047,1057692.0,AMBUJACEM.NS
2012-02-17,171.6999969482422,174.85000610351562,168.8000030517578,173.10000610351562,142.48448181152344,3366453.0,AMBUJACEM.NS
2012-02-21,174.0,176.35000610351562,171.25,171.89999389648438,141.49673461914062,2193138.0,AMBUJACEM.NS
2012-02-22,172.5,173.14999389648438,163.35000610351562,165.4499969482422,136.18748474121094,2557386.0,AMBUJACEM.NS
2012-02-23,165.8000030517578,165.8000030517578,160.0,161.25,132.7303466796875,3457613.0,AMBUJACEM.NS
2012-02-24,162.0,163.85000610351562,158.60000610351562,160.35000610351562,131.989501953125,5682368.0,AMBUJACEM.NS
2012-02-27,158.5,160.64999389648438,156.6999969482422,159.5,131.28985595703125,4547318.0,AMBUJACEM.NS
2012-02-28,160.25,165.25,160.14999389648438,163.0500030517578,134.21197509765625,4110997.0,AMBUJACEM.NS
2012-02-29,164.5,167.39999389648438,159.0,160.75,132.31874084472656,2795613.0,AMBUJACEM.NS
2012-03-01,160.5,166.1999969482422,159.64999389648438,164.35000610351562,135.28204345703125,2011447.0,AMBUJACEM.NS
2012-03-02,166.64999389648438,170.0,164.5,168.3000030517578,138.53341674804688,5057985.0,AMBUJACEM.NS
2012-03-03,,,,,,,AMBUJACEM.NS
2012-03-05,167.0,167.9499969482422,161.14999389648438,162.35000610351562,133.63580322265625,1489226.0,AMBUJACEM.NS
2012-03-06,162.5,162.89999389648438,159.0,161.0500030517578,132.56570434570312,2677133.0,AMBUJACEM.NS
2012-03-07,160.0,160.89999389648438,158.64999389648438,159.9499969482422,131.6602783203125,1863685.0,AMBUJACEM.NS
2012-03-09,162.85000610351562,164.39999389648438,161.10000610351562,163.10000610351562,134.25315856933594,1591496.0,AMBUJACEM.NS
2012-03-12,164.39999389648438,164.89999389648438,161.39999389648438,162.5500030517578,133.80039978027344,1850068.0,AMBUJACEM.NS
2012-03-13,162.8000030517578,170.5,162.8000030517578,168.10000610351562,138.36880493164062,2389370.0,AMBUJACEM.NS
2012-03-14,169.25,172.0,166.85000610351562,167.35000610351562,137.75144958496094,2021831.0,AMBUJACEM.NS
2012-03-15,166.0,169.85000610351562,164.6999969482422,165.35000610351562,136.10520935058594,1272118.0,AMBUJACEM.NS
2012-03-16,165.0,169.5,162.0,168.60000610351562,138.78038024902344,1985088.0,AMBUJACEM.NS
2012-03-19,168.8000030517578,172.35000610351562,166.1999969482422,167.10000610351562,137.54568481445312,2344344.0,AMBUJACEM.NS
2012-03-20,167.89999389648438,170.25,166.8000030517578,169.4499969482422,139.48001098632812,1825649.0,AMBUJACEM.NS
2012-03-21,169.0,175.1999969482422,168.64999389648438,173.64999389648438,142.9371795654297,3301793.0,AMBUJACEM.NS
2012-03-22,173.64999389648438,176.0,167.1999969482422,168.10000610351562,138.36880493164062,3309127.0,AMBUJACEM.NS
2012-03-23,169.0,174.9499969482422,167.60000610351562,173.10000610351562,142.48448181152344,2134340.0,AMBUJACEM.NS
2012-03-26,173.10000610351562,173.4499969482422,167.25,168.0500030517578,138.32765197753906,2677269.0,AMBUJACEM.NS
2012-03-27,169.1999969482422,171.4499969482422,164.0,166.5500030517578,137.0929412841797,2740256.0,AMBUJACEM.NS
2012-03-28,167.0,168.75,165.0500030517578,166.89999389648438,137.38104248046875,1480912.0,AMBUJACEM.NS
2012-03-29,165.1999969482422,167.6999969482422,164.0,166.5500030517578,137.0929412841797,1933043.0,AMBUJACEM.NS
2012-03-30,168.0,173.85000610351562,166.64999389648438,172.1999969482422,141.74365234375,1760787.0,AMBUJACEM.NS
2012-04-02,172.0,173.5,168.5,172.10000610351562,141.66136169433594,991979.0,AMBUJACEM.NS
2012-04-03,173.5,174.4499969482422,169.85000610351562,170.5,140.34429931640625,1500091.0,AMBUJACEM.NS
2012-04-04,169.0,170.5,167.5,168.0,138.28648376464844,1228618.0,AMBUJACEM.NS
2012-04-09,167.0,171.75,166.10000610351562,169.39999389648438,139.43887329101562,2582700.0,AMBUJACEM.NS
2012-04-10,169.75,171.6999969482422,165.0,166.75,137.25758361816406,2545373.0,AMBUJACEM.NS
2012-04-11,164.0,165.3000030517578,158.0,159.5500030517578,131.3310089111328,3103827.0,AMBUJACEM.NS
2012-04-12,160.25,162.60000610351562,160.0500030517578,162.10000610351562,133.43002319335938,1107535.0,AMBUJACEM.NS
2012-04-13,164.0,166.5500030517578,160.1999969482422,163.0500030517578,134.21197509765625,1307927.0,AMBUJACEM.NS
2012-04-16,161.14999389648438,162.35000610351562,157.8000030517578,159.25,131.08407592773438,1672106.0,AMBUJACEM.NS
2012-04-17,158.10000610351562,162.8000030517578,156.0500030517578,161.6999969482422,133.10073852539062,2128579.0,AMBUJACEM.NS
2012-04-18,162.64999389648438,167.9499969482422,162.64999389648438,166.39999389648438,136.96946716308594,2034089.0,AMBUJACEM.NS
2012-04-19,168.3000030517578,169.14999389648438,163.3000030517578,164.85000610351562,135.69363403320312,2583101.0,AMBUJACEM.NS
2012-04-20,164.0,164.0,159.25,161.14999389648438,132.64804077148438,2525056.0,AMBUJACEM.NS
2012-04-23,159.35000610351562,162.8000030517578,157.14999389648438,157.85000610351562,129.93167114257812,1278443.0,AMBUJACEM.NS
2012-04-24,158.0,159.85000610351562,149.75,150.5500030517578,123.92282104492188,2620846.0,AMBUJACEM.NS
2012-04-25,150.1999969482422,153.89999389648438,148.89999389648438,150.1999969482422,123.63468933105469,1616549.0,AMBUJACEM.NS
2012-04-26,150.1999969482422,152.89999389648438,149.25,150.3000030517578,123.71701049804688,3365133.0,AMBUJACEM.NS
2012-04-27,151.0,152.6999969482422,147.6999969482422,148.6999969482422,122.4000015258789,1726765.0,AMBUJACEM.NS
2012-04-30,148.5500030517578,152.39999389648438,147.89999389648438,150.6999969482422,124.04627990722656,1691228.0,AMBUJACEM.NS
2012-05-02,150.0500030517578,152.6999969482422,146.75,147.75,121.61803436279297,2648667.0,AMBUJACEM.NS
2012-05-03,147.75,149.4499969482422,145.6999969482422,146.64999389648438,120.71257781982422,2520501.0,AMBUJACEM.NS
2012-05-04,146.1999969482422,146.25,141.10000610351562,142.25,117.09078216552734,2986844.0,AMBUJACEM.NS
2012-05-07,140.35000610351562,146.39999389648438,139.3000030517578,145.39999389648438,119.68365478515625,2782583.0,AMBUJACEM.NS
2012-05-08,145.0,147.8000030517578,142.5500030517578,145.10000610351562,119.4367446899414,1906342.0,AMBUJACEM.NS
2012-05-09,144.0,147.5,141.64999389648438,146.5500030517578,120.63026428222656,1315360.0,AMBUJACEM.NS
2012-05-10,145.35000610351562,148.0,144.25,146.10000610351562,120.25984954833984,1422635.0,AMBUJACEM.NS
2012-05-11,145.0,146.75,141.5,143.6999969482422,118.28433990478516,2079376.0,AMBUJACEM.NS
2012-05-14,143.0,146.14999389648438,140.14999389648438,145.10000610351562,119.4367446899414,1555656.0,AMBUJACEM.NS
2012-05-15,143.9499969482422,146.0,143.14999389648438,145.1999969482422,119.51903533935547,1435911.0,AMBUJACEM.NS
2012-05-16,144.0,144.0,141.25,143.1999969482422,117.87276458740234,1493479.0,AMBUJACEM.NS
2012-05-17,143.25,149.89999389648438,143.25,149.14999389648438,122.77043151855469,1521371.0,AMBUJACEM.NS
2012-05-18,147.60000610351562,149.5,143.0,144.1999969482422,118.69591522216797,2631356.0,AMBUJACEM.NS
2012-05-21,143.60000610351562,145.0,142.0,142.89999389648438,117.62581634521484,1369140.0,AMBUJACEM.NS
2012-05-22,143.5,145.0,139.25,140.25,115.44449615478516,2188089.0,AMBUJACEM.NS
2012-05-23,139.0,139.5,135.75,138.0500030517578,113.63362884521484,4501090.0,AMBUJACEM.NS
2012-05-24,137.0,142.8000030517578,137.0,141.64999389648438,116.596923828125,2688479.0,AMBUJACEM.NS
2012-05-25,142.0,144.8000030517578,140.39999389648438,143.60000610351562,118.2020492553711,1459627.0,AMBUJACEM.NS
2012-05-28,143.0500030517578,145.5,142.6999969482422,145.0,119.35443878173828,1252378.0,AMBUJACEM.NS
2012-05-29,145.5500030517578,147.9499969482422,142.75,146.5,120.58912658691406,1659186.0,AMBUJACEM.NS
2012-05-30,144.89999389648438,153.89999389648438,143.3000030517578,152.10000610351562,125.19867706298828,2680448.0,AMBUJACEM.NS
2012-05-31,152.0,153.3000030517578,149.35000610351562,151.25,124.4990005493164,4856490.0,AMBUJACEM.NS
2012-06-01,150.0,150.6999969482422,147.60000610351562,149.14999389648438,122.77043151855469,2906299.0,AMBUJACEM.NS
2012-06-04,148.0,151.85000610351562,146.75,150.60000610351562,123.96397399902344,1745778.0,AMBUJACEM.NS
2012-06-05,148.5,151.0500030517578,145.39999389648438,146.10000610351562,120.25984954833984,1469562.0,AMBUJACEM.NS
2012-06-06,146.14999389648438,153.4499969482422,146.14999389648438,152.89999389648438,125.85717010498047,1747375.0,AMBUJACEM.NS
2012-06-07,153.3000030517578,154.25,150.5,151.0,124.2932357788086,1032405.0,AMBUJACEM.NS
2012-06-08,149.0500030517578,153.4499969482422,149.0500030517578,150.9499969482422,124.2520751953125,1787012.0,AMBUJACEM.NS
2012-06-11,151.39999389648438,152.75,149.85000610351562,150.60000610351562,123.96397399902344,1308935.0,AMBUJACEM.NS
2012-06-12,149.5,159.6999969482422,148.85000610351562,158.5,130.46670532226562,3054365.0,AMBUJACEM.NS
2012-06-13,158.60000610351562,164.5,158.35000610351562,163.5500030517578,134.62355041503906,5046380.0,AMBUJACEM.NS
2012-06-14,162.0,165.39999389648438,161.0,163.25,134.3765869140625,3375993.0,AMBUJACEM.NS
2012-06-15,163.5,170.0,163.5,169.0500030517578,139.15078735351562,4689944.0,AMBUJACEM.NS
2012-06-18,170.14999389648438,170.75,165.1999969482422,166.64999389648438,137.1752471923828,3857681.0,AMBUJACEM.NS
2012-06-19,164.3000030517578,175.0,163.25,173.35000610351562,142.69027709960938,6482911.0,AMBUJACEM.NS
2012-06-20,166.0,179.6999969482422,165.3000030517578,175.75,144.66578674316406,14138441.0,AMBUJACEM.NS
2012-06-21,171.0500030517578,174.39999389648438,169.5,172.0,141.5790252685547,3948533.0,AMBUJACEM.NS
2012-06-22,163.0,169.3000030517578,163.0,167.0500030517578,137.50450134277344,6870356.0,AMBUJACEM.NS
2012-06-25,167.10000610351562,170.5500030517578,167.10000610351562,167.89999389648438,138.20419311523438,2188349.0,AMBUJACEM.NS
2012-06-26,168.3000030517578,171.89999389648438,168.3000030517578,170.64999389648438,140.4677734375,1948758.0,AMBUJACEM.NS
2012-06-27,172.10000610351562,173.0,169.3000030517578,170.10000610351562,140.0150604248047,2637406.0,AMBUJACEM.NS
2012-06-28,170.60000610351562,175.5,169.39999389648438,173.5500030517578,142.85488891601562,2867631.0,AMBUJACEM.NS
2012-06-29,171.89999389648438,175.1999969482422,171.89999389648438,174.0500030517578,143.26646423339844,2584874.0,AMBUJACEM.NS
2012-07-02,174.6999969482422,177.0,173.5,175.8000030517578,144.70692443847656,1925610.0,AMBUJACEM.NS
2012-07-03,177.89999389648438,177.89999389648438,174.60000610351562,175.5500030517578,144.5011749267578,2228625.0,AMBUJACEM.NS
2012-07-04,175.64999389648438,176.9499969482422,173.5500030517578,175.10000610351562,144.13075256347656,2046574.0,AMBUJACEM.NS
2012-07-05,174.89999389648438,176.75,174.0,174.9499969482422,144.00726318359375,905338.0,AMBUJACEM.NS
2012-07-06,174.60000610351562,176.5,171.9499969482422,172.89999389648438,142.31985473632812,1433820.0,AMBUJACEM.NS
2012-07-09,172.0,172.0,166.85000610351562,168.35000610351562,138.57461547851562,2064784.0,AMBUJACEM.NS
2012-07-10,169.0,171.0,168.14999389648438,170.25,140.13853454589844,2571653.0,AMBUJACEM.NS
2012-07-11,169.14999389648438,171.89999389648438,169.14999389648438,170.39999389648438,140.2620086669922,2218514.0,AMBUJACEM.NS
2012-07-12,169.60000610351562,170.39999389648438,167.60000610351562,169.25,139.31541442871094,1218146.0,AMBUJACEM.NS
2012-07-13,170.39999389648438,170.4499969482422,167.60000610351562,168.0,138.28648376464844,539982.0,AMBUJACEM.NS
2012-07-16,168.0,170.1999969482422,166.85000610351562,168.64999389648438,138.821533203125,1656064.0,AMBUJACEM.NS
2012-07-17,169.1999969482422,170.0500030517578,167.60000610351562,168.9499969482422,139.0684356689453,2203266.0,AMBUJACEM.NS
2012-07-18,167.5500030517578,171.5,167.25,170.0,139.93276977539062,1789886.0,AMBUJACEM.NS
2012-07-19,171.1999969482422,171.1999969482422,169.25,169.9499969482422,139.8916015625,499279.0,AMBUJACEM.NS
2012-07-20,168.5,170.35000610351562,168.0500030517578,168.9499969482422,139.0684356689453,553866.0,AMBUJACEM.NS
2012-07-23,167.3000030517578,169.6999969482422,166.5500030517578,167.0500030517578,137.50450134277344,1840554.0,AMBUJACEM.NS
2012-07-24,167.4499969482422,171.1999969482422,167.0,168.14999389648438,138.40992736816406,1681870.0,AMBUJACEM.NS
2012-07-25,167.25,176.8000030517578,167.25,174.3000030517578,143.4722442626953,6189069.0,AMBUJACEM.NS
2012-07-26,175.89999389648438,180.8000030517578,175.0,179.6999969482422,147.91714477539062,9564621.0,AMBUJACEM.NS
2012-07-27,180.5,183.8000030517578,180.1999969482422,181.9499969482422,149.7692108154297,4293519.0,AMBUJACEM.NS
2012-07-30,182.35000610351562,182.75,178.60000610351562,179.5500030517578,148.939697265625,1583747.0,AMBUJACEM.NS
2012-07-31,180.0,181.85000610351562,178.14999389648438,180.4499969482422,149.68626403808594,2140644.0,AMBUJACEM.NS
2012-08-01,181.5,186.4499969482422,181.0,186.0,154.29006958007812,2382941.0,AMBUJACEM.NS
2012-08-02,185.14999389648438,186.0,182.39999389648438,183.89999389648438,152.54808044433594,1277544.0,AMBUJACEM.NS
2012-08-03,181.39999389648438,184.9499969482422,181.39999389648438,182.60000610351562,151.46974182128906,1784695.0,AMBUJACEM.NS
2012-08-06,184.39999389648438,185.89999389648438,184.0,185.0,153.46055603027344,1148918.0,AMBUJACEM.NS
2012-08-07,185.0,191.5,184.39999389648438,190.8000030517578,158.2717742919922,3606669.0,AMBUJACEM.NS
2012-08-08,191.1999969482422,193.9499969482422,190.85000610351562,192.4499969482422,159.64044189453125,2103538.0,AMBUJACEM.NS
2012-08-09,192.60000610351562,194.6999969482422,189.8000030517578,193.14999389648438,160.22109985351562,1053538.0,AMBUJACEM.NS
2012-08-10,192.89999389648438,195.0,192.1999969482422,194.25,161.13356018066406,920055.0,AMBUJACEM.NS
2012-08-13,194.39999389648438,197.9499969482422,194.39999389648438,196.60000610351562,163.0829620361328,2544735.0,AMBUJACEM.NS
2012-08-14,195.0,196.1999969482422,194.14999389648438,194.89999389648438,161.6727752685547,1366189.0,AMBUJACEM.NS
2012-08-16,195.10000610351562,195.64999389648438,191.35000610351562,191.75,159.059814453125,1915041.0,AMBUJACEM.NS
2012-08-17,191.0,193.4499969482422,186.5,188.9499969482422,156.7371368408203,1822679.0,AMBUJACEM.NS
2012-08-21,189.0500030517578,195.5,189.0500030517578,194.25,161.13356018066406,2060709.0,AMBUJACEM.NS
2012-08-22,194.3000030517578,195.0,192.5500030517578,193.10000610351562,160.1796417236328,917105.0,AMBUJACEM.NS
2012-08-23,194.25,194.6999969482422,189.5,190.85000610351562,158.31320190429688,1448310.0,AMBUJACEM.NS
2012-08-24,189.1999969482422,192.3000030517578,188.60000610351562,190.10000610351562,157.69110107421875,1084176.0,AMBUJACEM.NS
2012-08-27,190.0,191.8000030517578,187.64999389648438,188.1999969482422,156.11502075195312,1318943.0,AMBUJACEM.NS
2012-08-28,189.4499969482422,189.75,185.10000610351562,186.5500030517578,154.74630737304688,1692998.0,AMBUJACEM.NS
2012-08-29,186.8000030517578,188.89999389648438,185.0500030517578,187.1999969482422,155.2854766845703,988557.0,AMBUJACEM.NS
2012-08-30,185.9499969482422,193.1999969482422,184.9499969482422,188.5500030517578,156.4053192138672,3703577.0,AMBUJACEM.NS
2012-08-31,188.3000030517578,190.0,183.5500030517578,185.3000030517578,153.7094268798828,1152471.0,AMBUJACEM.NS
2012-09-03,186.1999969482422,186.89999389648438,180.39999389648438,182.10000610351562,151.0549774169922,1621351.0,AMBUJACEM.NS
2012-09-04,180.35000610351562,182.64999389648438,178.4499969482422,181.3000030517578,150.391357421875,2021915.0,AMBUJACEM.NS
2012-09-05,179.25,182.0,179.0,180.4499969482422,149.68626403808594,1889423.0,AMBUJACEM.NS
2012-09-06,179.25,190.39999389648438,179.25,189.25,156.98602294921875,4198661.0,AMBUJACEM.NS
2012-09-07,191.64999389648438,192.8000030517578,187.39999389648438,189.4499969482422,157.15194702148438,2181384.0,AMBUJACEM.NS
2012-09-08,,,,,,,AMBUJACEM.NS
2012-09-10,190.25,191.9499969482422,188.10000610351562,189.6999969482422,157.3592987060547,1348300.0,AMBUJACEM.NS
2012-09-11,189.0,192.25,187.10000610351562,190.75,158.2302703857422,1570164.0,AMBUJACEM.NS
2012-09-12,191.6999969482422,194.25,190.35000610351562,191.6999969482422,159.018310546875,1985099.0,AMBUJACEM.NS
2012-09-13,193.0,193.0,189.25,191.35000610351562,158.7279510498047,1420182.0,AMBUJACEM.NS
2012-09-14,194.0,197.9499969482422,192.0,197.35000610351562,163.70509338378906,2382224.0,AMBUJACEM.NS
2012-09-17,198.0,199.0,191.39999389648438,192.9499969482422,160.0552215576172,1917310.0,AMBUJACEM.NS
2012-09-18,194.0,194.0,190.10000610351562,192.25,159.47457885742188,1912660.0,AMBUJACEM.NS
2012-09-20,190.0,194.4499969482422,189.10000610351562,191.25,158.64501953125,2630383.0,AMBUJACEM.NS
2012-09-21,190.0,195.75,189.39999389648438,194.89999389648438,161.6727752685547,2582182.0,AMBUJACEM.NS
2012-09-24,195.0,195.39999389648438,192.0,194.0,160.92620849609375,2199174.0,AMBUJACEM.NS
2012-09-25,193.10000610351562,197.0,192.60000610351562,194.89999389648438,161.6727752685547,2095335.0,AMBUJACEM.NS
2012-09-26,193.25,203.10000610351562,193.1999969482422,202.5,167.97711181640625,4002657.0,AMBUJACEM.NS
2012-09-27,204.0,205.8000030517578,199.85000610351562,202.1999969482422,167.7282257080078,4590699.0,AMBUJACEM.NS
2012-09-28,202.8000030517578,204.5,200.85000610351562,202.0,167.5623321533203,4442361.0,AMBUJACEM.NS
2012-10-01,202.0,211.0,202.0,209.5,173.78372192382812,5410052.0,AMBUJACEM.NS
2012-10-03,213.39999389648438,216.3000030517578,212.0500030517578,214.89999389648438,178.26309204101562,5340837.0,AMBUJACEM.NS
2012-10-04,216.3000030517578,223.0,215.0,218.10000610351562,180.9175567626953,5800106.0,AMBUJACEM.NS
2012-10-05,220.1999969482422,220.89999389648438,216.3000030517578,216.3000030517578,179.42442321777344,4498060.0,AMBUJACEM.NS
2012-10-08,216.3000030517578,216.3000030517578,208.6999969482422,209.5500030517578,173.8251953125,1784629.0,AMBUJACEM.NS
2012-10-09,210.4499969482422,213.64999389648438,208.0,210.8000030517578,174.86209106445312,1407387.0,AMBUJACEM.NS
2012-10-10,210.5,214.6999969482422,209.3000030517578,209.75,173.9910888671875,2000039.0,AMBUJACEM.NS
2012-10-11,210.5,212.25,207.64999389648438,209.14999389648438,173.49337768554688,2512553.0,AMBUJACEM.NS
2012-10-12,209.0,217.39999389648438,209.0,214.85000610351562,178.2216339111328,2976965.0,AMBUJACEM.NS
2012-10-15,214.1999969482422,218.39999389648438,213.10000610351562,214.60000610351562,178.01425170898438,1780788.0,AMBUJACEM.NS
2012-10-16,215.0,216.64999389648438,208.85000610351562,209.4499969482422,173.74221801757812,1287936.0,AMBUJACEM.NS
2012-10-17,211.4499969482422,211.4499969482422,202.60000610351562,203.1999969482422,168.55775451660156,4916481.0,AMBUJACEM.NS
2012-10-18,205.6999969482422,207.9499969482422,201.64999389648438,203.25,168.5992431640625,6723594.0,AMBUJACEM.NS
2012-10-19,204.6999969482422,208.39999389648438,203.3000030517578,206.6999969482422,171.4610595703125,7395976.0,AMBUJACEM.NS
2012-10-22,206.0,206.5500030517578,201.8000030517578,203.1999969482422,168.55775451660156,2641350.0,AMBUJACEM.NS
2012-10-23,204.8000030517578,206.5,202.0,203.10000610351562,168.47476196289062,2174422.0,AMBUJACEM.NS
2012-10-25,201.25,207.1999969482422,201.0,206.10000610351562,170.96334838867188,4318344.0,AMBUJACEM.NS
2012-10-29,209.9499969482422,211.35000610351562,208.0,209.64999389648438,173.90814208984375,1151644.0,AMBUJACEM.NS
2012-10-30,208.0,210.5,202.6999969482422,203.3000030517578,168.64071655273438,970695.0,AMBUJACEM.NS
2012-10-31,203.5500030517578,205.0,202.0500030517578,202.6999969482422,168.14300537109375,1324236.0,AMBUJACEM.NS
2012-11-01,201.5500030517578,204.89999389648438,200.14999389648438,204.3000030517578,169.47023010253906,2083150.0,AMBUJACEM.NS
2012-11-02,206.10000610351562,208.8000030517578,206.0,207.39999389648438,172.0417022705078,1621479.0,AMBUJACEM.NS
2012-11-05,206.6999969482422,210.85000610351562,205.60000610351562,210.0500030517578,174.23997497558594,1253917.0,AMBUJACEM.NS
2012-11-06,210.0500030517578,215.89999389648438,209.64999389648438,215.4499969482422,178.71932983398438,2150595.0,AMBUJACEM.NS
2012-11-07,215.4499969482422,218.75,215.35000610351562,218.10000610351562,180.9175567626953,2095346.0,AMBUJACEM.NS
2012-11-08,216.39999389648438,219.64999389648438,215.5500030517578,218.0500030517578,180.87608337402344,1100701.0,AMBUJACEM.NS
2012-11-09,218.0,218.4499969482422,213.14999389648438,213.89999389648438,177.43356323242188,680822.0,AMBUJACEM.NS
2012-11-11,,,,,,,AMBUJACEM.NS
2012-11-12,216.0,216.3000030517578,210.5500030517578,211.25,175.23538208007812,931513.0,AMBUJACEM.NS
2012-11-15,211.0,214.5,206.3000030517578,207.3000030517578,171.95877075195312,2342086.0,AMBUJACEM.NS
2012-11-16,208.6999969482422,208.9499969482422,200.3000030517578,202.8000030517578,168.2259521484375,1115142.0,AMBUJACEM.NS
2012-11-19,201.6999969482422,202.8000030517578,197.10000610351562,199.39999389648438,165.40560913085938,1511628.0,AMBUJACEM.NS
2012-11-20,201.85000610351562,204.0,194.1999969482422,195.75,162.37786865234375,1662164.0,AMBUJACEM.NS
2012-11-21,197.8000030517578,200.5,194.5,199.4499969482422,165.44708251953125,1053381.0,AMBUJACEM.NS
2012-11-22,201.3000030517578,204.25,199.1999969482422,202.10000610351562,167.64527893066406,2197257.0,AMBUJACEM.NS
2012-11-23,203.0,204.14999389648438,201.10000610351562,203.25,168.5992431640625,1366359.0,AMBUJACEM.NS
2012-11-26,202.5,203.5,200.0,201.10000610351562,166.81576538085938,521617.0,AMBUJACEM.NS
2012-11-27,202.0,206.35000610351562,201.85000610351562,205.60000610351562,170.54856872558594,1331088.0,AMBUJACEM.NS
2012-11-29,205.8000030517578,209.60000610351562,205.0500030517578,207.9499969482422,172.49795532226562,1894181.0,AMBUJACEM.NS
2012-11-30,209.5,209.60000610351562,205.1999969482422,208.0,172.5394287109375,1249480.0,AMBUJACEM.NS
2012-12-03,206.60000610351562,211.9499969482422,206.60000610351562,209.5,173.78372192382812,1903286.0,AMBUJACEM.NS
2012-12-04,211.8000030517578,211.8000030517578,204.5500030517578,205.3000030517578,170.29977416992188,1579805.0,AMBUJACEM.NS
2012-12-05,206.89999389648438,208.39999389648438,205.5,207.1999969482422,171.87579345703125,1571896.0,AMBUJACEM.NS
2012-12-06,207.5,208.60000610351562,203.5,206.8000030517578,171.54403686523438,1529036.0,AMBUJACEM.NS
2012-12-07,207.0,209.64999389648438,205.25,206.25,171.08778381347656,1546803.0,AMBUJACEM.NS
2012-12-10,207.0,207.8000030517578,205.64999389648438,207.10000610351562,171.79287719726562,1389681.0,AMBUJACEM.NS
2012-12-11,207.5,214.39999389648438,207.10000610351562,211.5500030517578,175.48423767089844,4051664.0,AMBUJACEM.NS
2012-12-12,212.8000030517578,213.25,208.75,210.39999389648438,174.53025817871094,1654996.0,AMBUJACEM.NS
2012-12-13,212.89999389648438,213.89999389648438,203.1999969482422,206.5500030517578,171.3366241455078,2501325.0,AMBUJACEM.NS
2012-12-14,207.25,208.5500030517578,202.5500030517578,206.4499969482422,171.25369262695312,2837140.0,AMBUJACEM.NS
2012-12-17,205.3000030517578,207.85000610351562,201.5,204.14999389648438,169.3457794189453,2673722.0,AMBUJACEM.NS
2012-12-18,204.60000610351562,206.89999389648438,203.0500030517578,206.0500030517578,170.921875,2421972.0,AMBUJACEM.NS
2012-12-19,207.0,212.0,206.5,211.10000610351562,175.11093139648438,2668417.0,AMBUJACEM.NS
2012-12-20,211.0,211.10000610351562,204.14999389648438,205.3000030517578,170.29977416992188,2340505.0,AMBUJACEM.NS
2012-12-21,204.0,204.6999969482422,198.89999389648438,199.75,165.69590759277344,2884791.0,AMBUJACEM.NS
2012-12-24,199.75,201.8000030517578,198.10000610351562,200.14999389648438,166.02774047851562,1514967.0,AMBUJACEM.NS
2012-12-26,200.60000610351562,203.75,200.39999389648438,201.3000030517578,166.98167419433594,1640192.0,AMBUJACEM.NS
2012-12-27,202.89999389648438,203.25,198.8000030517578,199.6999969482422,165.65443420410156,2047483.0,AMBUJACEM.NS
2012-12-28,200.1999969482422,203.8000030517578,200.14999389648438,201.3000030517578,166.98167419433594,2146068.0,AMBUJACEM.NS
2012-12-31,201.5,203.3000030517578,200.5,200.89999389648438,166.64987182617188,1636005.0,AMBUJACEM.NS
2013-01-01,201.75,203.85000610351562,201.35000610351562,201.8000030517578,167.39645385742188,1634669.0,AMBUJACEM.NS
2013-01-02,202.6999969482422,205.89999389648438,202.6999969482422,204.25,169.42872619628906,2310561.0,AMBUJACEM.NS
2013-01-03,204.5500030517578,208.5,204.5500030517578,206.4499969482422,171.25369262695312,2794708.0,AMBUJACEM.NS
2013-01-04,206.5,208.25,204.5500030517578,206.10000610351562,170.96334838867188,3021358.0,AMBUJACEM.NS
2013-01-07,206.14999389648438,207.3000030517578,201.39999389648438,203.85000610351562,169.09698486328125,2317712.0,AMBUJACEM.NS
2013-01-08,203.85000610351562,205.9499969482422,201.3000030517578,202.0,167.5623321533203,1963118.0,AMBUJACEM.NS
2013-01-09,202.89999389648438,202.89999389648438,196.10000610351562,197.0,163.41476440429688,1557815.0,AMBUJACEM.NS
2013-01-10,197.85000610351562,197.85000610351562,191.39999389648438,191.75,159.059814453125,3741034.0,AMBUJACEM.NS
2013-01-11,191.25,193.0,185.0,186.39999389648438,154.6218719482422,4490861.0,AMBUJACEM.NS
2013-01-14,187.10000610351562,191.3000030517578,184.60000610351562,190.0500030517578,157.6496124267578,3753425.0,AMBUJACEM.NS
2013-01-15,190.25,199.14999389648438,190.0500030517578,198.0,164.24424743652344,4921498.0,AMBUJACEM.NS
2013-01-16,197.60000610351562,201.9499969482422,196.0,197.60000610351562,163.91246032714844,3753492.0,AMBUJACEM.NS
2013-01-17,198.0,201.1999969482422,197.0,199.9499969482422,165.86183166503906,4511317.0,AMBUJACEM.NS
2013-01-18,199.9499969482422,200.3000030517578,196.5,198.6999969482422,164.82492065429688,2119837.0,AMBUJACEM.NS
2013-01-21,198.6999969482422,200.3000030517578,194.5,199.5,165.488525390625,2301698.0,AMBUJACEM.NS
2013-01-22,199.25,201.25,196.89999389648438,198.3000030517578,164.4931182861328,1185355.0,AMBUJACEM.NS
2013-01-23,198.5500030517578,199.3000030517578,196.60000610351562,197.0500030517578,163.4562225341797,2435921.0,AMBUJACEM.NS
2013-01-24,197.89999389648438,199.8000030517578,196.35000610351562,197.25,163.6221466064453,1153222.0,AMBUJACEM.NS
2013-01-25,196.1999969482422,200.6999969482422,193.6999969482422,199.14999389648438,165.1981964111328,1134142.0,AMBUJACEM.NS
2013-01-28,199.5500030517578,200.8000030517578,194.5,197.0500030517578,163.4562225341797,2094102.0,AMBUJACEM.NS
2013-01-29,197.14999389648438,199.60000610351562,193.9499969482422,197.0500030517578,163.4562225341797,1539314.0,AMBUJACEM.NS
2013-01-30,197.0500030517578,202.39999389648438,196.5,200.25,166.11068725585938,2181662.0,AMBUJACEM.NS
2013-01-31,201.0,204.75,200.0,203.89999389648438,169.13839721679688,3606914.0,AMBUJACEM.NS
2013-02-01,203.89999389648438,205.4499969482422,198.0,198.8000030517578,164.9078826904297,3083284.0,AMBUJACEM.NS
2013-02-04,199.0,201.3000030517578,195.60000610351562,197.0,163.41476440429688,2462324.0,AMBUJACEM.NS
2013-02-05,193.5,203.60000610351562,192.0,202.0500030517578,167.60382080078125,4550558.0,AMBUJACEM.NS
2013-02-06,203.0,206.85000610351562,202.6999969482422,206.3000030517578,171.12925720214844,4347680.0,AMBUJACEM.NS
2013-02-07,205.8000030517578,205.8000030517578,199.0,199.9499969482422,165.86183166503906,1915201.0,AMBUJACEM.NS
2013-02-08,193.5,196.25,188.0500030517578,189.5500030517578,157.23486328125,6564252.0,AMBUJACEM.NS
2013-02-11,189.85000610351562,191.5,186.39999389648438,188.39999389648438,156.28089904785156,1966209.0,AMBUJACEM.NS
2013-02-12,188.5,190.5,187.10000610351562,188.89999389648438,156.6956787109375,2375288.0,AMBUJACEM.NS
2013-02-13,190.0,193.6999969482422,188.9499969482422,189.89999389648438,157.5251922607422,2622264.0,AMBUJACEM.NS
2013-02-14,190.1999969482422,192.35000610351562,189.0,190.8000030517578,158.2717742919922,1739029.0,AMBUJACEM.NS
2013-02-15,189.64999389648438,192.85000610351562,188.0,192.14999389648438,159.39161682128906,1480421.0,AMBUJACEM.NS
2013-02-18,190.10000610351562,193.8000030517578,187.9499969482422,190.89999389648438,160.1887969970703,1983652.0,AMBUJACEM.NS
2013-02-19,190.89999389648438,194.3000030517578,190.0,193.5,162.37051391601562,1143241.0,AMBUJACEM.NS
2013-02-20,194.5,200.39999389648438,194.5,199.8000030517578,167.656982421875,3331492.0,AMBUJACEM.NS
2013-02-21,199.5,199.75,195.5500030517578,197.1999969482422,165.47523498535156,1532828.0,AMBUJACEM.NS
2013-02-22,196.0,199.60000610351562,195.25,198.5,166.5660858154297,1456245.0,AMBUJACEM.NS
2013-02-25,199.0,201.85000610351562,198.35000610351562,200.35000610351562,168.11851501464844,2648383.0,AMBUJACEM.NS
2013-02-26,198.0,199.8000030517578,195.60000610351562,197.3000030517578,165.55917358398438,1702404.0,AMBUJACEM.NS
2013-02-27,197.5500030517578,199.35000610351562,195.0,197.5500030517578,165.7689666748047,2649094.0,AMBUJACEM.NS
2013-02-28,199.5,199.89999389648438,189.64999389648438,191.5500030517578,160.73422241210938,3098285.0,AMBUJACEM.NS
2013-03-01,191.10000610351562,194.8000030517578,189.6999969482422,192.5500030517578,161.57330322265625,1217042.0,AMBUJACEM.NS
2013-03-04,191.60000610351562,192.39999389648438,182.1999969482422,187.0500030517578,156.95814514160156,4110185.0,AMBUJACEM.NS
2013-03-05,185.75,195.9499969482422,185.60000610351562,194.5500030517578,163.25157165527344,3641383.0,AMBUJACEM.NS
2013-03-06,195.0500030517578,195.5500030517578,191.25,192.10000610351562,161.1957244873047,3678505.0,AMBUJACEM.NS
2013-03-07,192.25,192.5,188.14999389648438,190.10000610351562,159.51748657226562,2769632.0,AMBUJACEM.NS
2013-03-08,190.9499969482422,191.85000610351562,186.6999969482422,187.39999389648438,157.25184631347656,2215757.0,AMBUJACEM.NS
2013-03-11,187.6999969482422,188.1999969482422,184.89999389648438,187.10000610351562,157.00010681152344,1635817.0,AMBUJACEM.NS
2013-03-12,188.14999389648438,191.4499969482422,187.39999389648438,190.0,159.43353271484375,2607030.0,AMBUJACEM.NS
2013-03-13,189.1999969482422,189.60000610351562,187.4499969482422,188.10000610351562,157.8392333984375,1550781.0,AMBUJACEM.NS
2013-03-14,187.60000610351562,191.25,187.0,190.5500030517578,159.89508056640625,1652041.0,AMBUJACEM.NS
2013-03-15,190.0,192.4499969482422,186.5,187.85000610351562,157.62945556640625,1326303.0,AMBUJACEM.NS
2013-03-18,186.6999969482422,187.89999389648438,181.0,181.64999389648438,152.4268798828125,1260904.0,AMBUJACEM.NS
2013-03-19,182.0,183.8000030517578,178.4499969482422,178.75,149.993408203125,1734517.0,AMBUJACEM.NS
2013-03-20,178.5,179.75,173.0,175.14999389648438,146.9725799560547,2200111.0,AMBUJACEM.NS
2013-03-21,175.14999389648438,178.0,167.5500030517578,168.89999389648438,141.72802734375,2954477.0,AMBUJACEM.NS
2013-03-22,170.0,177.39999389648438,169.0500030517578,176.0,147.68582153320312,2484488.0,AMBUJACEM.NS
2013-03-25,177.4499969482422,180.0,171.39999389648438,172.8000030517578,145.00064086914062,2089708.0,AMBUJACEM.NS
2013-03-26,172.35000610351562,174.5,166.0,168.75,141.6021728515625,1191715.0,AMBUJACEM.NS
2013-03-28,167.5500030517578,176.39999389648438,167.0,174.1999969482422,146.1753692626953,5148861.0,AMBUJACEM.NS
2013-04-01,175.0,177.5,172.64999389648438,174.25,146.2173614501953,1407812.0,AMBUJACEM.NS
2013-04-02,175.10000610351562,178.3000030517578,174.1999969482422,177.0500030517578,148.56690979003906,1036868.0,AMBUJACEM.NS
2013-04-03,176.5500030517578,177.3000030517578,170.10000610351562,171.3000030517578,143.741943359375,1374583.0,AMBUJACEM.NS
2013-04-04,169.60000610351562,171.9499969482422,167.0,167.60000610351562,140.63720703125,1477430.0,AMBUJACEM.NS
2013-04-05,167.10000610351562,168.0,162.25,164.75,138.2456817626953,2616384.0,AMBUJACEM.NS
2013-04-08,164.75,169.25,163.9499969482422,168.35000610351562,141.26651000976562,1117065.0,AMBUJACEM.NS
2013-04-09,169.5,174.1999969482422,167.64999389648438,168.9499969482422,141.7699737548828,2110063.0,AMBUJACEM.NS
2013-04-10,170.4499969482422,170.9499969482422,166.4499969482422,170.10000610351562,142.7349853515625,2514824.0,AMBUJACEM.NS
2013-04-11,171.25,173.75,169.14999389648438,170.9499969482422,143.44821166992188,1696673.0,AMBUJACEM.NS
2013-04-12,169.0,177.0,169.0,175.9499969482422,147.64385986328125,1314855.0,AMBUJACEM.NS
2013-04-15,175.5,177.75,171.75,176.0500030517578,147.72779846191406,1278808.0,AMBUJACEM.NS
2013-04-16,175.0500030517578,181.8000030517578,173.0,180.4499969482422,151.41993713378906,2103227.0,AMBUJACEM.NS
2013-04-17,181.89999389648438,187.8000030517578,180.8000030517578,187.0500030517578,156.95814514160156,3415292.0,AMBUJACEM.NS
2013-04-18,187.25,190.0,184.75,189.3000030517578,158.84616088867188,1931107.0,AMBUJACEM.NS
2013-04-22,189.3000030517578,191.0,186.3000030517578,187.85000610351562,157.62945556640625,2187683.0,AMBUJACEM.NS
2013-04-23,186.5,187.39999389648438,183.64999389648438,186.0,156.07705688476562,1918140.0,AMBUJACEM.NS
2013-04-25,186.5,194.0,186.5,190.60000610351562,159.9370574951172,2350691.0,AMBUJACEM.NS
2013-04-26,189.1999969482422,192.8000030517578,186.5500030517578,187.5500030517578,157.37770080566406,1790407.0,AMBUJACEM.NS
2013-04-29,188.10000610351562,188.10000610351562,183.5500030517578,185.0500030517578,155.27989196777344,982012.0,AMBUJACEM.NS
2013-04-30,185.5500030517578,188.35000610351562,182.5,186.5500030517578,156.53857421875,1453829.0,AMBUJACEM.NS
2013-05-02,187.0,191.5500030517578,186.39999389648438,190.0500030517578,159.4755096435547,1326060.0,AMBUJACEM.NS
2013-05-03,191.4499969482422,195.0,186.5500030517578,188.8000030517578,158.42660522460938,4493825.0,AMBUJACEM.NS
2013-05-06,188.0500030517578,190.3000030517578,185.5500030517578,186.14999389648438,156.2029266357422,1422063.0,AMBUJACEM.NS
2013-05-07,186.9499969482422,187.0,183.75,185.25,155.44772338867188,5100748.0,AMBUJACEM.NS
2013-05-08,185.5500030517578,186.89999389648438,181.3000030517578,184.0500030517578,154.44078063964844,2395331.0,AMBUJACEM.NS
2013-05-09,184.0,188.39999389648438,182.6999969482422,187.14999389648438,157.0420379638672,1468840.0,AMBUJACEM.NS
2013-05-10,187.1999969482422,190.0,186.3000030517578,189.5500030517578,159.0559539794922,874631.0,AMBUJACEM.NS
2013-05-13,187.25,190.14999389648438,185.39999389648438,186.0500030517578,156.11903381347656,729033.0,AMBUJACEM.NS
2013-05-14,186.25,186.9499969482422,183.3000030517578,186.10000610351562,156.16098022460938,2457984.0,AMBUJACEM.NS
2013-05-15,186.14999389648438,187.39999389648438,184.75,186.39999389648438,156.41270446777344,4496416.0,AMBUJACEM.NS
2013-05-16,186.0,187.9499969482422,185.5,186.60000610351562,156.58055114746094,3710703.0,AMBUJACEM.NS
2013-05-17,186.64999389648438,192.5,186.10000610351562,190.5,159.8531036376953,2705574.0,AMBUJACEM.NS
2013-05-20,191.0,192.0500030517578,187.1999969482422,188.25,157.965087890625,1046386.0,AMBUJACEM.NS
2013-05-21,187.5,188.25,184.5,185.60000610351562,155.74143981933594,1966540.0,AMBUJACEM.NS
2013-05-22,185.8000030517578,187.1999969482422,183.0,186.39999389648438,156.41270446777344,1832895.0,AMBUJACEM.NS
2013-05-23,184.25,186.5,181.9499969482422,184.9499969482422,155.19598388671875,5035737.0,AMBUJACEM.NS
2013-05-24,185.5500030517578,186.60000610351562,183.0,185.60000610351562,155.74143981933594,2192600.0,AMBUJACEM.NS
2013-05-27,184.3000030517578,186.0,183.1999969482422,185.60000610351562,155.74143981933594,1238789.0,AMBUJACEM.NS
2013-05-28,184.0,186.0,183.0,184.4499969482422,154.77642822265625,2716058.0,AMBUJACEM.NS
2013-05-29,184.0,184.9499969482422,182.5,184.1999969482422,154.56661987304688,1113206.0,AMBUJACEM.NS
2013-05-30,183.8000030517578,184.25,181.64999389648438,182.10000610351562,152.8044891357422,3583503.0,AMBUJACEM.NS
2013-05-31,182.10000610351562,191.8000030517578,178.0,182.35000610351562,153.01425170898438,4134669.0,AMBUJACEM.NS
2013-06-03,183.5500030517578,183.60000610351562,176.60000610351562,178.3000030517578,149.61578369140625,1226584.0,AMBUJACEM.NS
2013-06-04,179.25,181.1999969482422,173.8000030517578,174.35000610351562,146.30128479003906,1465626.0,AMBUJACEM.NS
2013-06-05,173.14999389648438,173.5,169.9499969482422,171.39999389648438,143.8258056640625,1572013.0,AMBUJACEM.NS
2013-06-06,170.0,177.35000610351562,169.5,174.85000610351562,146.72084045410156,1406385.0,AMBUJACEM.NS
2013-06-07,174.10000610351562,176.5,171.5,171.9499969482422,144.28733825683594,1641289.0,AMBUJACEM.NS
2013-06-10,173.5,173.89999389648438,171.10000610351562,172.9499969482422,145.12648010253906,931615.0,AMBUJACEM.NS
2013-06-11,172.35000610351562,176.3000030517578,170.0,175.75,147.47604370117188,2166244.0,AMBUJACEM.NS
2013-06-12,174.60000610351562,175.35000610351562,171.3000030517578,174.3000030517578,146.2593231201172,1072975.0,AMBUJACEM.NS
2013-06-13,170.5,176.8000030517578,170.5,175.0500030517578,146.88865661621094,2041553.0,AMBUJACEM.NS
2013-06-14,177.0,179.0,174.5,178.0500030517578,149.40603637695312,3156002.0,AMBUJACEM.NS
2013-06-17,178.5500030517578,180.25,175.64999389648438,179.10000610351562,150.28712463378906,1902296.0,AMBUJACEM.NS
2013-06-18,179.10000610351562,179.75,176.0,179.10000610351562,150.28712463378906,2860948.0,AMBUJACEM.NS
2013-06-19,178.10000610351562,185.14999389648438,178.0,183.6999969482422,154.14707946777344,2397240.0,AMBUJACEM.NS
2013-06-20,182.0,185.3000030517578,176.8000030517578,184.0,154.3988037109375,5161196.0,AMBUJACEM.NS
2013-06-21,181.5500030517578,186.9499969482422,180.5,186.35000610351562,156.37074279785156,3111330.0,AMBUJACEM.NS
2013-06-24,185.0,185.75,178.8000030517578,179.60000610351562,150.7066650390625,3368975.0,AMBUJACEM.NS
2013-06-25,179.64999389648438,184.60000610351562,177.5,183.10000610351562,153.6436004638672,1232704.0,AMBUJACEM.NS
2013-06-26,183.0,183.89999389648438,176.9499969482422,177.60000610351562,149.0283966064453,1615305.0,AMBUJACEM.NS
2013-06-27,180.10000610351562,183.39999389648438,178.0,181.89999389648438,152.63662719726562,5182044.0,AMBUJACEM.NS
2013-06-28,183.3000030517578,187.8000030517578,182.60000610351562,186.85000610351562,156.79034423828125,2803700.0,AMBUJACEM.NS
2013-07-01,186.0,191.0,186.0,189.0500030517578,158.63636779785156,2941099.0,AMBUJACEM.NS
2013-07-02,187.14999389648438,188.89999389648438,185.5,186.5,156.49661254882812,3144624.0,AMBUJACEM.NS
2013-07-03,188.0,190.0,184.6999969482422,188.39999389648438,158.0909423828125,1749185.0,AMBUJACEM.NS
2013-07-04,188.5500030517578,192.0,187.10000610351562,188.64999389648438,158.30075073242188,1264049.0,AMBUJACEM.NS
2013-07-05,190.10000610351562,191.39999389648438,189.0,190.1999969482422,159.6013946533203,1342941.0,AMBUJACEM.NS
2013-07-08,188.8000030517578,194.0,186.5500030517578,193.14999389648438,162.0767822265625,2319621.0,AMBUJACEM.NS
2013-07-09,194.39999389648438,195.89999389648438,192.10000610351562,195.14999389648438,163.75503540039062,1355071.0,AMBUJACEM.NS
2013-07-10,195.25,195.9499969482422,192.0500030517578,193.9499969482422,162.7480926513672,1258428.0,AMBUJACEM.NS
2013-07-11,195.5,198.75,195.10000610351562,197.85000610351562,166.0207061767578,1716277.0,AMBUJACEM.NS
2013-07-12,197.10000610351562,198.0,193.6999969482422,197.14999389648438,165.4332733154297,1724828.0,AMBUJACEM.NS
2013-07-15,195.4499969482422,197.8000030517578,194.0,197.0,165.30743408203125,1205501.0,AMBUJACEM.NS
2013-07-16,194.89999389648438,201.3000030517578,193.25,200.3000030517578,168.07652282714844,2484420.0,AMBUJACEM.NS
2013-07-17,200.8000030517578,207.4499969482422,200.1999969482422,206.4499969482422,173.23715209960938,2453815.0,AMBUJACEM.NS
2013-07-18,206.0,212.5,204.0,211.35000610351562,177.348876953125,1971963.0,AMBUJACEM.NS
2013-07-19,211.0,211.0,204.8000030517578,207.3000030517578,173.9503936767578,2087006.0,AMBUJACEM.NS
2013-07-22,207.5,207.64999389648438,195.35000610351562,197.5500030517578,165.7689666748047,2216018.0,AMBUJACEM.NS
2013-07-23,198.0500030517578,198.1999969482422,194.3000030517578,196.5,164.8878631591797,4004244.0,AMBUJACEM.NS
2013-07-24,194.0,194.10000610351562,186.60000610351562,191.1999969482422,160.44049072265625,3395253.0,AMBUJACEM.NS
2013-07-25,172.10000610351562,176.8000030517578,162.5500030517578,171.0,143.49021911621094,20366785.0,AMBUJACEM.NS
2013-07-26,172.5,181.10000610351562,170.25,178.0500030517578,149.40603637695312,5564296.0,AMBUJACEM.NS
2013-07-29,178.0500030517578,179.64999389648438,168.39999389648438,171.14999389648438,143.61607360839844,2810933.0,AMBUJACEM.NS
2013-07-30,170.75,170.75,166.35000610351562,167.85000610351562,142.00857543945312,1920388.0,AMBUJACEM.NS
2013-07-31,167.39999389648438,169.5,164.1999969482422,167.5,141.71246337890625,2935707.0,AMBUJACEM.NS
2013-08-01,168.89999389648438,173.6999969482422,163.25,167.4499969482422,141.67013549804688,5122210.0,AMBUJACEM.NS
2013-08-02,168.0,173.89999389648438,167.10000610351562,171.3000030517578,144.9274444580078,3977223.0,AMBUJACEM.NS
2013-08-05,171.3000030517578,179.9499969482422,171.3000030517578,177.5500030517578,150.21522521972656,5669253.0,AMBUJACEM.NS
2013-08-06,176.0,185.1999969482422,175.89999389648438,179.14999389648438,151.56890869140625,5402916.0,AMBUJACEM.NS
2013-08-07,179.60000610351562,181.89999389648438,175.39999389648438,177.3000030517578,150.00369262695312,7084180.0,AMBUJACEM.NS
2013-08-08,178.3000030517578,182.6999969482422,177.5,179.0,151.44200134277344,1651251.0,AMBUJACEM.NS
2013-08-12,179.3000030517578,180.9499969482422,177.14999389648438,178.75,151.23046875,2614303.0,AMBUJACEM.NS
2013-08-13,179.0500030517578,179.25,172.3000030517578,174.35000610351562,147.50790405273438,2944413.0,AMBUJACEM.NS
2013-08-14,173.8000030517578,178.5,171.64999389648438,176.64999389648438,149.4537353515625,1660809.0,AMBUJACEM.NS
2013-08-16,175.89999389648438,177.6999969482422,171.0,173.39999389648438,146.7041015625,1674205.0,AMBUJACEM.NS
2013-08-19,171.5,173.75,162.0500030517578,165.0,139.5973663330078,1383353.0,AMBUJACEM.NS
2013-08-20,162.5,164.0,158.0,162.5,137.4822540283203,6086592.0,AMBUJACEM.NS
2013-08-21,163.0500030517578,164.6999969482422,153.89999389648438,155.75,131.7714385986328,2467447.0,AMBUJACEM.NS
2013-08-22,153.0500030517578,158.89999389648438,152.89999389648438,158.0,133.675048828125,2094748.0,AMBUJACEM.NS
2013-08-23,158.89999389648438,160.39999389648438,154.0,159.5500030517578,134.98641967773438,2132857.0,AMBUJACEM.NS
2013-08-26,160.0,167.0,159.10000610351562,163.8000030517578,138.58212280273438,2135654.0,AMBUJACEM.NS
2013-08-27,163.64999389648438,171.5,157.39999389648438,159.5,134.94407653808594,4403858.0,AMBUJACEM.NS
2013-08-28,157.0,163.6999969482422,146.75,160.10000610351562,135.4517364501953,7100297.0,AMBUJACEM.NS
2013-08-29,157.8000030517578,167.60000610351562,153.0,164.4499969482422,139.13201904296875,6217201.0,AMBUJACEM.NS
2013-08-30,163.0,174.6999969482422,158.85000610351562,171.60000610351562,145.18125915527344,2869567.0,AMBUJACEM.NS
2013-09-02,170.0,173.89999389648438,168.0500030517578,170.10000610351562,143.91220092773438,1792741.0,AMBUJACEM.NS
2013-09-03,170.25,171.9499969482422,165.1999969482422,168.60000610351562,142.6431121826172,2214193.0,AMBUJACEM.NS
2013-09-04,170.0,171.5,162.10000610351562,169.10000610351562,143.06613159179688,3463831.0,AMBUJACEM.NS
2013-09-05,172.10000610351562,176.60000610351562,168.39999389648438,170.39999389648438,144.166015625,3097921.0,AMBUJACEM.NS
2013-09-06,171.5,175.0,166.5,172.3000030517578,145.77349853515625,3008605.0,AMBUJACEM.NS
2013-09-10,171.75,188.64999389648438,171.75,186.14999389648438,157.49119567871094,2357611.0,AMBUJACEM.NS
2013-09-11,185.9499969482422,187.9499969482422,180.85000610351562,185.9499969482422,157.32200622558594,1618102.0,AMBUJACEM.NS
2013-09-12,187.0,187.8000030517578,179.0,180.85000610351562,153.0072021484375,1068055.0,AMBUJACEM.NS
2013-09-13,179.89999389648438,184.0,179.10000610351562,180.25,152.49952697753906,2746181.0,AMBUJACEM.NS
2013-09-16,183.89999389648438,184.89999389648438,177.10000610351562,178.4499969482422,150.97665405273438,1147862.0,AMBUJACEM.NS
2013-09-17,176.0,180.85000610351562,176.0,178.9499969482422,151.39968872070312,1576094.0,AMBUJACEM.NS
2013-09-18,178.25,179.89999389648438,175.3000030517578,179.3000030517578,151.69580078125,1678206.0,AMBUJACEM.NS
2013-09-19,183.0,192.5,182.1999969482422,187.3000030517578,158.46417236328125,3075465.0,AMBUJACEM.NS
2013-09-20,185.0,194.0,183.35000610351562,192.9499969482422,163.2443084716797,2539025.0,AMBUJACEM.NS
2013-09-23,191.1999969482422,195.89999389648438,188.60000610351562,190.10000610351562,160.83306884765625,1786441.0,AMBUJACEM.NS
2013-09-24,189.89999389648438,193.9499969482422,188.10000610351562,189.75,160.53692626953125,1925327.0,AMBUJACEM.NS
2013-09-25,189.6999969482422,191.5,186.35000610351562,188.89999389648438,159.8178253173828,1481739.0,AMBUJACEM.NS
2013-09-26,189.89999389648438,192.5500030517578,183.60000610351562,184.75,156.30673217773438,3189002.0,AMBUJACEM.NS
2013-09-27,185.6999969482422,187.89999389648438,183.5,184.5,156.09521484375,1017182.0,AMBUJACEM.NS
2013-09-30,184.0,185.6999969482422,181.3000030517578,182.5500030517578,154.44544982910156,1328578.0,AMBUJACEM.NS
2013-10-01,183.4499969482422,184.85000610351562,178.10000610351562,180.0,152.28802490234375,2239221.0,AMBUJACEM.NS
2013-10-03,182.9499969482422,191.6999969482422,181.4499969482422,190.6999969482422,161.3406982421875,2212299.0,AMBUJACEM.NS
2013-10-04,190.6999969482422,192.9499969482422,188.60000610351562,189.85000610351562,160.62155151367188,2347478.0,AMBUJACEM.NS
2013-10-07,190.0,193.85000610351562,186.35000610351562,192.8000030517578,163.11741638183594,1292123.0,AMBUJACEM.NS
2013-10-08,193.0,197.0,192.0500030517578,194.60000610351562,164.64028930664062,1780253.0,AMBUJACEM.NS
2013-10-09,193.89999389648438,197.0,191.6999969482422,195.85000610351562,165.69784545898438,1339995.0,AMBUJACEM.NS
2013-10-10,195.6999969482422,198.6999969482422,195.0,196.5,166.24777221679688,2316711.0,AMBUJACEM.NS
2013-10-11,198.0,198.75,193.1999969482422,194.60000610351562,164.64028930664062,1284017.0,AMBUJACEM.NS
2013-10-14,193.0,201.4499969482422,192.5,200.14999389648438,169.33584594726562,1741931.0,AMBUJACEM.NS
2013-10-15,200.14999389648438,200.5,195.5,198.1999969482422,167.68603515625,1482027.0,AMBUJACEM.NS
2013-10-17,196.0,201.5500030517578,195.0,196.5500030517578,166.29006958007812,1127377.0,AMBUJACEM.NS
2013-10-18,197.10000610351562,199.4499969482422,195.0,198.64999389648438,168.06675720214844,1977018.0,AMBUJACEM.NS
2013-10-21,197.39999389648438,205.0,193.85000610351562,198.35000610351562,167.81297302246094,4631343.0,AMBUJACEM.NS
2013-10-22,197.10000610351562,198.89999389648438,193.6999969482422,196.35000610351562,166.12088012695312,2686591.0,AMBUJACEM.NS
2013-10-23,194.25,198.1999969482422,192.3000030517578,196.6999969482422,166.41693115234375,2389020.0,AMBUJACEM.NS
2013-10-24,193.10000610351562,195.5,192.10000610351562,194.14999389648438,164.25953674316406,3067543.0,AMBUJACEM.NS
2013-10-25,192.0,193.60000610351562,191.14999389648438,191.89999389648438,162.35597229003906,1276490.0,AMBUJACEM.NS
2013-10-28,194.0,194.0,189.14999389648438,190.35000610351562,161.04458618164062,852235.0,AMBUJACEM.NS
2013-10-29,189.14999389648438,195.85000610351562,189.14999389648438,195.0500030517578,165.02098083496094,1242412.0,AMBUJACEM.NS
2013-10-30,194.75,197.3000030517578,191.35000610351562,192.89999389648438,163.2019805908203,1195487.0,AMBUJACEM.NS
2013-10-31,191.60000610351562,192.6999969482422,186.9499969482422,188.35000610351562,159.3524932861328,3278509.0,AMBUJACEM.NS
2013-11-01,188.39999389648438,190.60000610351562,187.0,188.1999969482422,159.2255859375,1583853.0,AMBUJACEM.NS
2013-11-05,188.60000610351562,190.35000610351562,185.4499969482422,186.3000030517578,157.6181182861328,1555089.0,AMBUJACEM.NS
2013-11-06,186.3000030517578,186.5,180.10000610351562,180.75,152.92254638671875,1762397.0,AMBUJACEM.NS
2013-11-07,180.75,184.35000610351562,179.14999389648438,180.5,152.71104431152344,1378963.0,AMBUJACEM.NS
2013-11-08,180.0,182.0,175.8000030517578,176.6999969482422,149.49609375,1342154.0,AMBUJACEM.NS
2013-11-11,178.5,178.5,172.85000610351562,173.4499969482422,146.74644470214844,1380583.0,AMBUJACEM.NS
2013-11-12,172.60000610351562,176.1999969482422,171.9499969482422,172.6999969482422,146.11187744140625,1078123.0,AMBUJACEM.NS
2013-11-13,173.25,176.9499969482422,171.5,175.5500030517578,148.5231170654297,1323138.0,AMBUJACEM.NS
2013-11-14,177.0,177.5,173.6999969482422,176.4499969482422,149.28457641601562,1490312.0,AMBUJACEM.NS
2013-11-18,178.0,179.9499969482422,174.5,179.25,151.6534881591797,1170613.0,AMBUJACEM.NS
2013-11-19,179.35000610351562,181.0,177.5500030517578,178.8000030517578,151.2727508544922,1038478.0,AMBUJACEM.NS
2013-11-20,177.5,181.0,176.14999389648438,177.10000610351562,149.83453369140625,1233065.0,AMBUJACEM.NS
2013-11-21,176.39999389648438,176.39999389648438,170.1999969482422,171.10000610351562,144.7582550048828,1282074.0,AMBUJACEM.NS
2013-11-22,172.39999389648438,175.75,170.75,174.5,147.63478088378906,1264684.0,AMBUJACEM.NS
2013-11-25,175.25,180.39999389648438,174.64999389648438,179.5500030517578,151.90728759765625,2278487.0,AMBUJACEM.NS
2013-11-26,178.60000610351562,180.3000030517578,177.0500030517578,178.5500030517578,151.06126403808594,1339022.0,AMBUJACEM.NS
2013-11-27,178.1999969482422,180.5,177.4499969482422,179.25,151.6534881591797,1067414.0,AMBUJACEM.NS
2013-11-28,180.14999389648438,183.89999389648438,175.64999389648438,182.64999389648438,154.53005981445312,2915192.0,AMBUJACEM.NS
2013-11-29,182.25,186.0,182.0,185.35000610351562,156.81436157226562,1287017.0,AMBUJACEM.NS
2013-12-02,185.85000610351562,188.1999969482422,183.8000030517578,184.9499969482422,156.47593688964844,1048510.0,AMBUJACEM.NS
2013-12-03,185.10000610351562,188.35000610351562,183.14999389648438,186.25,157.57579040527344,1424747.0,AMBUJACEM.NS
2013-12-04,185.8000030517578,185.89999389648438,183.14999389648438,183.85000610351562,155.54530334472656,1218185.0,AMBUJACEM.NS
2013-12-05,187.0,187.89999389648438,185.0500030517578,185.89999389648438,157.27969360351562,1129315.0,AMBUJACEM.NS
2013-12-06,186.1999969482422,186.75,184.0,185.10000610351562,156.6028594970703,930198.0,AMBUJACEM.NS
2013-12-09,189.89999389648438,194.39999389648438,186.89999389648438,193.60000610351562,163.79425048828125,1837978.0,AMBUJACEM.NS
2013-12-10,194.25,195.8000030517578,189.0,189.5,160.32545471191406,1636838.0,AMBUJACEM.NS
2013-12-11,189.8000030517578,190.64999389648438,187.0,188.1999969482422,159.2255859375,734490.0,AMBUJACEM.NS
2013-12-12,185.25,186.39999389648438,181.4499969482422,182.10000610351562,154.06471252441406,1635631.0,AMBUJACEM.NS
2013-12-13,181.75,183.39999389648438,178.0500030517578,178.60000610351562,151.10357666015625,1226200.0,AMBUJACEM.NS
2013-12-16,179.5,179.5,173.6999969482422,175.3000030517578,148.31161499023438,1783859.0,AMBUJACEM.NS
2013-12-17,176.5,178.0500030517578,174.5,175.64999389648438,148.60772705078125,1141212.0,AMBUJACEM.NS
2013-12-18,175.5,180.5,174.8000030517578,179.75,152.07650756835938,1427793.0,AMBUJACEM.NS
2013-12-19,178.6999969482422,180.85000610351562,175.4499969482422,176.0500030517578,148.94613647460938,804589.0,AMBUJACEM.NS
2013-12-20,174.75,180.5500030517578,174.10000610351562,180.14999389648438,152.4149169921875,1098771.0,AMBUJACEM.NS
2013-12-23,180.25,183.60000610351562,179.0,179.60000610351562,151.94961547851562,735004.0,AMBUJACEM.NS
2013-12-24,178.25,184.10000610351562,178.25,181.5,153.5570831298828,1024214.0,AMBUJACEM.NS
2013-12-26,181.35000610351562,185.0,180.35000610351562,184.25,155.8837127685547,1864095.0,AMBUJACEM.NS
2013-12-27,185.5,185.64999389648438,183.35000610351562,184.89999389648438,156.43362426757812,807789.0,AMBUJACEM.NS
2013-12-30,185.4499969482422,185.4499969482422,180.60000610351562,181.89999389648438,153.8955078125,724349.0,AMBUJACEM.NS
2013-12-31,182.89999389648438,183.14999389648438,181.25,182.64999389648438,154.53005981445312,742334.0,AMBUJACEM.NS
2014-01-01,183.10000610351562,184.3000030517578,182.25,183.64999389648438,155.3760986328125,316632.0,AMBUJACEM.NS
2014-01-02,182.0,184.89999389648438,178.10000610351562,179.14999389648438,151.56890869140625,1208631.0,AMBUJACEM.NS
2014-01-03,178.0,179.64999389648438,176.75,177.8000030517578,150.42672729492188,1481433.0,AMBUJACEM.NS
2014-01-06,177.8000030517578,178.5500030517578,175.3000030517578,176.3000030517578,149.15768432617188,441324.0,AMBUJACEM.NS
2014-01-07,176.5,177.9499969482422,174.60000610351562,175.25,148.26930236816406,1062974.0,AMBUJACEM.NS
2014-01-08,175.25,176.89999389648438,174.3000030517578,174.6999969482422,147.80398559570312,648152.0,AMBUJACEM.NS
2014-01-09,174.5,175.5,170.0,170.64999389648438,144.37750244140625,825312.0,AMBUJACEM.NS
2014-01-10,171.0,171.89999389648438,166.0,167.25,141.50094604492188,1083244.0,AMBUJACEM.NS
2014-01-13,167.0,171.10000610351562,166.35000610351562,170.10000610351562,143.91220092773438,998357.0,AMBUJACEM.NS
2014-01-14,169.1999969482422,171.0500030517578,167.1999969482422,167.64999389648438,141.83937072753906,396928.0,AMBUJACEM.NS
2014-01-15,168.0,170.8000030517578,166.9499969482422,170.0500030517578,143.869873046875,1204831.0,AMBUJACEM.NS
2014-01-16,170.3000030517578,172.35000610351562,168.75,169.39999389648438,143.31997680664062,901454.0,AMBUJACEM.NS
2014-01-17,169.0500030517578,172.64999389648438,168.60000610351562,170.0,143.8275604248047,1565922.0,AMBUJACEM.NS
2014-01-20,170.0,172.39999389648438,168.8000030517578,172.10000610351562,145.6042938232422,605334.0,AMBUJACEM.NS
2014-01-21,173.0,173.35000610351562,170.0500030517578,170.89999389648438,144.58901977539062,644890.0,AMBUJACEM.NS
2014-01-22,170.64999389648438,171.60000610351562,168.9499969482422,171.1999969482422,144.84283447265625,608919.0,AMBUJACEM.NS
2014-01-23,171.1999969482422,173.39999389648438,170.25,171.1999969482422,144.84283447265625,979736.0,AMBUJACEM.NS
2014-01-24,169.60000610351562,171.6999969482422,162.35000610351562,162.9499969482422,137.86294555664062,3399680.0,AMBUJACEM.NS
2014-01-27,161.0,161.0,157.0,157.35000610351562,133.1251220703125,1859288.0,AMBUJACEM.NS
2014-01-28,156.4499969482422,159.64999389648438,156.0,158.0,133.675048828125,1300032.0,AMBUJACEM.NS
2014-01-29,159.25,161.89999389648438,158.0500030517578,158.60000610351562,134.18267822265625,1628813.0,AMBUJACEM.NS
2014-01-30,157.3000030517578,159.4499969482422,154.8000030517578,157.35000610351562,133.1251220703125,2793904.0,AMBUJACEM.NS
2014-01-31,158.10000610351562,160.4499969482422,157.14999389648438,159.14999389648438,134.6479949951172,1503824.0,AMBUJACEM.NS
2014-02-03,159.1999969482422,162.0,154.25,155.25,131.34841918945312,1663508.0,AMBUJACEM.NS
2014-02-04,153.39999389648438,156.8000030517578,153.10000610351562,155.8000030517578,131.8137664794922,1313097.0,AMBUJACEM.NS
2014-02-05,155.5,157.64999389648438,153.1999969482422,155.10000610351562,131.22154235839844,1342899.0,AMBUJACEM.NS
2014-02-06,153.5500030517578,156.8000030517578,152.0500030517578,155.85000610351562,131.85604858398438,2030169.0,AMBUJACEM.NS
2014-02-07,156.0,163.85000610351562,154.85000610351562,162.85000610351562,137.77838134765625,3217551.0,AMBUJACEM.NS
2014-02-10,163.89999389648438,164.6999969482422,161.3000030517578,162.14999389648438,137.18612670898438,677558.0,AMBUJACEM.NS
2014-02-11,162.5,163.35000610351562,160.10000610351562,160.6999969482422,135.95938110351562,772092.0,AMBUJACEM.NS
2014-02-12,160.25,161.10000610351562,158.0,158.39999389648438,135.87359619140625,1066826.0,AMBUJACEM.NS
2014-02-13,158.60000610351562,159.0,153.14999389648438,154.0500030517578,132.14222717285156,521918.0,AMBUJACEM.NS
2014-02-14,153.3000030517578,154.85000610351562,150.10000610351562,151.14999389648438,129.65463256835938,1607887.0,AMBUJACEM.NS
2014-02-17,151.60000610351562,153.4499969482422,150.35000610351562,151.0500030517578,129.56884765625,1576781.0,AMBUJACEM.NS
2014-02-18,150.9499969482422,153.75,150.64999389648438,152.75,131.02711486816406,1423576.0,AMBUJACEM.NS
2014-02-19,153.5,155.1999969482422,153.0,154.60000610351562,132.61398315429688,2236077.0,AMBUJACEM.NS
2014-02-20,153.89999389648438,154.5,151.6999969482422,152.75,131.02711486816406,854871.0,AMBUJACEM.NS
2014-02-21,153.0,162.8000030517578,151.6999969482422,162.0,138.96163940429688,4407604.0,AMBUJACEM.NS
2014-02-24,162.14999389648438,164.75,159.0500030517578,160.0500030517578,137.2889404296875,3730551.0,AMBUJACEM.NS
2014-02-25,162.14999389648438,165.60000610351562,161.5500030517578,164.10000610351562,140.76300048828125,3598300.0,AMBUJACEM.NS
2014-02-26,163.5,168.3000030517578,162.60000610351562,165.9499969482422,142.3498992919922,2463411.0,AMBUJACEM.NS
2014-02-28,166.0,169.0,164.0,168.0,144.10833740234375,2215083.0,AMBUJACEM.NS
2014-03-03,168.85000610351562,168.85000610351562,165.75,167.89999389648438,144.0225830078125,1161971.0,AMBUJACEM.NS
2014-03-04,166.8000030517578,169.6999969482422,166.60000610351562,168.35000610351562,144.40858459472656,1096381.0,AMBUJACEM.NS
2014-03-05,169.89999389648438,170.1999969482422,163.0,169.5,145.39505004882812,2666407.0,AMBUJACEM.NS
2014-03-06,169.64999389648438,174.5,169.64999389648438,173.8000030517578,149.08352661132812,1746129.0,AMBUJACEM.NS
2014-03-07,174.25,186.5,174.25,182.14999389648438,156.24603271484375,3318682.0,AMBUJACEM.NS
2014-03-10,181.10000610351562,185.3000030517578,180.0500030517578,182.64999389648438,156.6749267578125,1852523.0,AMBUJACEM.NS
2014-03-11,183.0,187.75,180.5500030517578,184.3000030517578,158.0902862548828,1913307.0,AMBUJACEM.NS
2014-03-12,183.75,185.0,178.0,180.64999389648438,154.95936584472656,1163132.0,AMBUJACEM.NS
2014-03-13,180.9499969482422,185.0,179.6999969482422,180.8000030517578,155.08802795410156,949948.0,AMBUJACEM.NS
2014-03-14,180.39999389648438,182.89999389648438,176.35000610351562,181.3000030517578,155.5169219970703,1403600.0,AMBUJACEM.NS
2014-03-18,181.5500030517578,186.0,181.5500030517578,184.0,157.8329620361328,1299282.0,AMBUJACEM.NS
2014-03-19,184.9499969482422,190.0,184.1999969482422,189.5,162.55079650878906,1838271.0,AMBUJACEM.NS
2014-03-20,189.39999389648438,189.8000030517578,182.25,182.75,156.76071166992188,1096306.0,AMBUJACEM.NS
2014-03-21,182.10000610351562,186.0500030517578,181.60000610351562,184.5,158.2618408203125,1890910.0,AMBUJACEM.NS
2014-03-22,,,,,,,AMBUJACEM.NS
2014-03-24,184.0,188.35000610351562,183.60000610351562,186.10000610351562,159.63433837890625,1341438.0,AMBUJACEM.NS
2014-03-25,185.0,187.10000610351562,182.5500030517578,183.39999389648438,157.3182830810547,1346206.0,AMBUJACEM.NS
2014-03-26,184.5,189.0500030517578,184.0,186.35000610351562,159.8487548828125,1998841.0,AMBUJACEM.NS
2014-03-27,186.35000610351562,193.8000030517578,184.5500030517578,192.3000030517578,164.95260620117188,3469508.0,AMBUJACEM.NS
2014-03-28,194.0,201.0,193.10000610351562,199.64999389648438,171.25733947753906,2340699.0,AMBUJACEM.NS
2014-03-31,199.64999389648438,203.5,198.4499969482422,202.1999969482422,173.44468688964844,1527313.0,AMBUJACEM.NS
2014-04-01,202.0,204.8000030517578,197.8000030517578,203.14999389648438,174.25961303710938,2083012.0,AMBUJACEM.NS
2014-04-02,203.5,204.10000610351562,197.64999389648438,200.64999389648438,172.11514282226562,1263151.0,AMBUJACEM.NS
2014-04-03,201.9499969482422,205.5,200.10000610351562,204.85000610351562,175.7178497314453,1821460.0,AMBUJACEM.NS
2014-04-04,205.0,205.3000030517578,201.4499969482422,203.35000610351562,174.43115234375,1134251.0,AMBUJACEM.NS
2014-04-07,202.9499969482422,209.89999389648438,202.64999389648438,209.39999389648438,179.62078857421875,2063047.0,AMBUJACEM.NS
2014-04-09,209.5,212.10000610351562,208.35000610351562,211.14999389648438,181.12191772460938,1378565.0,AMBUJACEM.NS
2014-04-10,212.0,216.60000610351562,209.10000610351562,212.35000610351562,182.1512451171875,1546114.0,AMBUJACEM.NS
2014-04-11,210.0,217.8000030517578,210.0,217.1999969482422,186.31149291992188,1492589.0,AMBUJACEM.NS
2014-04-15,218.0,218.75,211.64999389648438,213.85000610351562,183.43795776367188,1048409.0,AMBUJACEM.NS
2014-04-16,214.0,216.4499969482422,206.39999389648438,207.75,178.20541381835938,1621439.0,AMBUJACEM.NS
2014-04-17,208.10000610351562,217.5,208.0500030517578,216.64999389648438,185.83970642089844,1605092.0,AMBUJACEM.NS
2014-04-21,212.39999389648438,218.0,212.39999389648438,216.0,185.2821807861328,897711.0,AMBUJACEM.NS
2014-04-22,216.0,216.0500030517578,210.0500030517578,214.60000610351562,184.08126831054688,1517550.0,AMBUJACEM.NS
2014-04-23,214.0,220.0,213.3000030517578,218.75,187.64108276367188,3136465.0,AMBUJACEM.NS
2014-04-24,218.75,218.75,218.75,218.75,187.64108276367188,0.0,AMBUJACEM.NS
2014-04-25,220.0,221.0,207.35000610351562,209.0500030517578,179.32052612304688,2928718.0,AMBUJACEM.NS
2014-04-28,207.0,208.0,199.4499969482422,200.10000610351562,171.64332580566406,3655029.0,AMBUJACEM.NS
2014-04-29,202.25,204.89999389648438,198.10000610351562,202.39999389648438,173.61624145507812,1824619.0,AMBUJACEM.NS
2014-04-30,203.3000030517578,204.8000030517578,196.1999969482422,197.75,169.62753295898438,1455587.0,AMBUJACEM.NS
2014-05-02,197.8000030517578,202.64999389648438,197.8000030517578,201.89999389648438,173.18736267089844,1217678.0,AMBUJACEM.NS
2014-05-05,201.0,204.10000610351562,200.0,202.5500030517578,173.74493408203125,829999.0,AMBUJACEM.NS
2014-05-06,204.5,204.5,198.0,198.85000610351562,170.5710906982422,2215830.0,AMBUJACEM.NS
2014-05-07,197.0,198.75,193.5,194.5500030517578,166.88258361816406,1752296.0,AMBUJACEM.NS
2014-05-08,194.0500030517578,195.1999969482422,192.10000610351562,192.9499969482422,165.5101776123047,1132872.0,AMBUJACEM.NS
2014-05-09,192.14999389648438,208.0,192.14999389648438,207.14999389648438,177.6907501220703,2239453.0,AMBUJACEM.NS
2014-05-12,208.60000610351562,212.89999389648438,206.64999389648438,211.4499969482422,181.3792266845703,1678849.0,AMBUJACEM.NS
2014-05-13,212.0500030517578,222.4499969482422,212.0500030517578,221.64999389648438,190.128662109375,2207839.0,AMBUJACEM.NS
2014-05-14,222.0,224.89999389648438,219.5500030517578,223.9499969482422,192.10157775878906,1336877.0,AMBUJACEM.NS
2014-05-15,222.3000030517578,226.3000030517578,216.9499969482422,219.1999969482422,188.027099609375,2669332.0,AMBUJACEM.NS
2014-05-16,222.3000030517578,241.10000610351562,222.3000030517578,224.35000610351562,192.4447021484375,4537320.0,AMBUJACEM.NS
2014-05-19,228.0,228.9499969482422,218.10000610351562,219.39999389648438,188.1986541748047,5230200.0,AMBUJACEM.NS
2014-05-20,223.5,223.5,214.5500030517578,216.9499969482422,186.09707641601562,3406647.0,AMBUJACEM.NS
2014-05-21,217.0,221.0,211.0500030517578,214.60000610351562,184.08126831054688,2305766.0,AMBUJACEM.NS
2014-05-22,218.25,220.85000610351562,213.3000030517578,214.4499969482422,183.9525909423828,3764845.0,AMBUJACEM.NS
2014-05-23,216.0,218.5500030517578,210.6999969482422,213.1999969482422,182.88035583496094,2285243.0,AMBUJACEM.NS
2014-05-26,214.89999389648438,223.89999389648438,204.5500030517578,210.14999389648438,180.26409912109375,4876172.0,AMBUJACEM.NS
2014-05-27,212.39999389648438,213.39999389648438,202.1999969482422,208.4499969482422,178.80587768554688,1948564.0,AMBUJACEM.NS
2014-05-28,208.10000610351562,220.1999969482422,208.10000610351562,219.60000610351562,188.37020874023438,3363451.0,AMBUJACEM.NS
2014-05-29,220.0,221.0,210.0,214.0500030517578,183.6094970703125,3726626.0,AMBUJACEM.NS
2014-05-30,213.1999969482422,218.75,209.5500030517578,217.60000610351562,186.6546173095703,2609535.0,AMBUJACEM.NS
2014-06-02,217.9499969482422,224.64999389648438,217.60000610351562,222.85000610351562,191.1580047607422,3757670.0,AMBUJACEM.NS
2014-06-03,223.39999389648438,233.39999389648438,223.0,231.0,198.1490020751953,4695297.0,AMBUJACEM.NS
2014-06-04,231.35000610351562,232.75,228.60000610351562,229.85000610351562,197.16250610351562,1802138.0,AMBUJACEM.NS
2014-06-05,230.0,235.39999389648438,228.0500030517578,229.9499969482422,197.24832153320312,2907320.0,AMBUJACEM.NS
2014-06-06,232.0,232.5500030517578,227.5,231.0,198.1490020751953,2136333.0,AMBUJACEM.NS
2014-06-09,231.9499969482422,243.8000030517578,231.5500030517578,237.0500030517578,203.33860778808594,5818920.0,AMBUJACEM.NS
2014-06-10,238.0,238.0,228.5500030517578,230.14999389648438,197.41986083984375,2697129.0,AMBUJACEM.NS
2014-06-11,232.39999389648438,232.39999389648438,224.5,228.1999969482422,195.7471923828125,2179468.0,AMBUJACEM.NS
2014-06-12,227.89999389648438,229.1999969482422,223.5500030517578,225.60000610351562,193.5169219970703,1349391.0,AMBUJACEM.NS
2014-06-13,225.5,232.39999389648438,221.3000030517578,222.89999389648438,191.20091247558594,2816893.0,AMBUJACEM.NS
2014-06-16,220.89999389648438,224.9499969482422,218.10000610351562,222.5500030517578,190.90069580078125,1797676.0,AMBUJACEM.NS
2014-06-17,220.89999389648438,227.1999969482422,220.35000610351562,224.89999389648438,192.9164581298828,3145589.0,AMBUJACEM.NS
2014-06-18,223.10000610351562,228.9499969482422,220.1999969482422,221.5,189.99998474121094,3043814.0,AMBUJACEM.NS
2014-06-19,224.0,225.64999389648438,218.0,219.5,188.28443908691406,2118961.0,AMBUJACEM.NS
2014-06-20,218.60000610351562,221.0,216.60000610351562,218.1999969482422,187.16929626464844,2349643.0,AMBUJACEM.NS
2014-06-23,216.5500030517578,224.1999969482422,216.0500030517578,222.85000610351562,191.1580047607422,2353795.0,AMBUJACEM.NS
2014-06-24,221.5,223.75,220.60000610351562,222.89999389648438,191.20091247558594,1535103.0,AMBUJACEM.NS
2014-06-25,223.89999389648438,223.89999389648438,220.1999969482422,221.3000030517578,189.8284454345703,1119775.0,AMBUJACEM.NS
2014-06-26,220.10000610351562,223.5,217.39999389648438,218.35000610351562,187.29800415039062,2566615.0,AMBUJACEM.NS
2014-06-27,219.25,221.9499969482422,216.0,216.64999389648438,185.83970642089844,1591965.0,AMBUJACEM.NS
2014-06-30,214.60000610351562,221.1999969482422,214.60000610351562,220.60000610351562,189.22801208496094,1370497.0,AMBUJACEM.NS
2014-07-01,222.10000610351562,225.39999389648438,220.60000610351562,223.75,191.9300079345703,2461424.0,AMBUJACEM.NS
2014-07-02,225.25,227.35000610351562,224.14999389648438,226.3000030517578,194.1173858642578,1929768.0,AMBUJACEM.NS
2014-07-03,226.1999969482422,227.10000610351562,222.5,225.25,193.2167205810547,1334580.0,AMBUJACEM.NS
2014-07-04,225.0,227.89999389648438,220.5500030517578,223.6999969482422,191.88714599609375,1566506.0,AMBUJACEM.NS
2014-07-07,223.89999389648438,226.39999389648438,221.5,223.60000610351562,191.80136108398438,1548606.0,AMBUJACEM.NS
2014-07-08,225.0,227.89999389648438,216.75,218.25,187.21218872070312,1965050.0,AMBUJACEM.NS
2014-07-09,219.9499969482422,222.9499969482422,215.4499969482422,218.9499969482422,187.8126220703125,1472643.0,AMBUJACEM.NS
2014-07-10,219.6999969482422,224.60000610351562,215.14999389648438,219.85000610351562,188.5846710205078,1904099.0,AMBUJACEM.NS
2014-07-11,219.10000610351562,221.85000610351562,212.89999389648438,214.5,183.99546813964844,941250.0,AMBUJACEM.NS
2014-07-14,214.5,217.0,212.14999389648438,215.35000610351562,184.72462463378906,628159.0,AMBUJACEM.NS
2014-07-15,215.5500030517578,221.10000610351562,215.39999389648438,219.89999389648438,188.6275177001953,849697.0,AMBUJACEM.NS
2014-07-16,221.8000030517578,223.4499969482422,217.6999969482422,221.64999389648438,190.128662109375,872080.0,AMBUJACEM.NS
2014-07-17,223.10000610351562,225.75,222.0,224.8000030517578,192.83071899414062,2077083.0,AMBUJACEM.NS
2014-07-18,224.75,224.75,219.0,219.75,188.49887084960938,1459715.0,AMBUJACEM.NS
2014-07-21,219.60000610351562,223.0,218.1999969482422,220.9499969482422,189.5281982421875,2093698.0,AMBUJACEM.NS
2014-07-22,224.0,224.60000610351562,220.14999389648438,223.10000610351562,191.3724822998047,2311734.0,AMBUJACEM.NS
2014-07-23,224.0,224.5500030517578,215.0500030517578,215.85000610351562,185.1535186767578,1994396.0,AMBUJACEM.NS
2014-07-24,217.39999389648438,220.39999389648438,215.60000610351562,218.14999389648438,187.1264190673828,2255068.0,AMBUJACEM.NS
2014-07-25,220.9499969482422,221.5,210.3000030517578,211.89999389648438,181.76522827148438,2395966.0,AMBUJACEM.NS
2014-07-28,212.0,212.0,205.0,206.0500030517578,176.7471923828125,3661797.0,AMBUJACEM.NS
2014-07-30,204.1999969482422,209.89999389648438,202.35000610351562,209.14999389648438,180.98736572265625,3422239.0,AMBUJACEM.NS
2014-07-31,208.3000030517578,212.0,205.60000610351562,206.39999389648438,178.60768127441406,3677595.0,AMBUJACEM.NS
2014-08-01,205.25,208.5,202.5,203.35000610351562,175.9683837890625,3340883.0,AMBUJACEM.NS
2014-08-04,203.5,205.5,202.5,204.39999389648438,176.87696838378906,2671232.0,AMBUJACEM.NS
2014-08-05,204.39999389648438,213.5500030517578,204.39999389648438,212.75,184.10263061523438,3318066.0,AMBUJACEM.NS
2014-08-06,211.5,212.5,207.25,208.25,180.20852661132812,2712771.0,AMBUJACEM.NS
2014-08-07,207.0500030517578,212.25,207.0500030517578,210.25,181.9392547607422,2780907.0,AMBUJACEM.NS
2014-08-08,208.0,208.25,202.64999389648438,203.4499969482422,176.0548858642578,2305221.0,AMBUJACEM.NS
2014-08-11,205.35000610351562,206.5,204.4499969482422,205.25,177.61253356933594,1020831.0,AMBUJACEM.NS
2014-08-12,206.9499969482422,209.5,205.1999969482422,208.89999389648438,180.77102661132812,1680792.0,AMBUJACEM.NS
2014-08-13,206.8000030517578,210.25,203.6999969482422,205.6999969482422,178.00193786621094,1927424.0,AMBUJACEM.NS
2014-08-14,205.10000610351562,212.8000030517578,205.10000610351562,210.89999389648438,182.50173950195312,2366201.0,AMBUJACEM.NS
2014-08-18,209.35000610351562,215.89999389648438,209.35000610351562,214.0,185.184326171875,2711212.0,AMBUJACEM.NS
2014-08-19,214.60000610351562,218.0,214.14999389648438,216.5,187.34765625,3640252.0,AMBUJACEM.NS
2014-08-20,217.0,218.4499969482422,214.6999969482422,215.6999969482422,186.6553955078125,1910974.0,AMBUJACEM.NS
2014-08-21,215.0,216.5,212.0500030517578,213.9499969482422,185.14100646972656,1299230.0,AMBUJACEM.NS
2014-08-22,214.25,215.0,210.10000610351562,211.25,182.8046112060547,1366362.0,AMBUJACEM.NS
2014-08-25,212.0,215.0,210.6999969482422,212.4499969482422,183.84303283691406,1783626.0,AMBUJACEM.NS
2014-08-26,212.0,212.5,207.85000610351562,208.9499969482422,180.81431579589844,1286224.0,AMBUJACEM.NS
2014-08-27,208.75,210.39999389648438,205.6999969482422,206.9499969482422,179.08360290527344,1930517.0,AMBUJACEM.NS
2014-08-28,206.5,208.75,205.89999389648438,206.3000030517578,178.5211181640625,2357210.0,AMBUJACEM.NS
2014-09-01,207.1999969482422,209.3000030517578,207.1999969482422,208.4499969482422,180.38165283203125,2848915.0,AMBUJACEM.NS
2014-09-02,208.4499969482422,216.3000030517578,208.4499969482422,215.75,186.6986846923828,5106207.0,AMBUJACEM.NS
2014-09-03,216.5,217.39999389648438,213.5500030517578,214.5,185.61697387695312,3755289.0,AMBUJACEM.NS
2014-09-04,214.0,214.85000610351562,208.5,211.75,183.23728942871094,1405156.0,AMBUJACEM.NS
2014-09-05,211.9499969482422,214.60000610351562,210.60000610351562,212.75,184.10263061523438,1331652.0,AMBUJACEM.NS
2014-09-08,213.5500030517578,220.1999969482422,212.6999969482422,219.3000030517578,189.77066040039062,4922851.0,AMBUJACEM.NS
2014-09-09,220.25,221.14999389648438,217.0,219.0,189.5110626220703,2160271.0,AMBUJACEM.NS
2014-09-10,217.89999389648438,219.0,215.5,216.85000610351562,187.65054321289062,1690221.0,AMBUJACEM.NS
2014-09-11,217.10000610351562,218.5,213.89999389648438,215.0,186.04965209960938,2074341.0,AMBUJACEM.NS
2014-09-12,214.4499969482422,216.0,212.8000030517578,214.8000030517578,185.8765869140625,1376048.0,AMBUJACEM.NS
2014-09-15,213.1999969482422,214.8000030517578,210.0500030517578,210.75,182.37193298339844,931278.0,AMBUJACEM.NS
2014-09-16,210.75,213.0,205.5,206.89999389648438,179.04034423828125,1562805.0,AMBUJACEM.NS
2014-09-17,208.39999389648438,209.6999969482422,206.0500030517578,209.1999969482422,181.0306396484375,1811753.0,AMBUJACEM.NS
2014-09-18,207.60000610351562,214.0,207.60000610351562,213.4499969482422,184.70834350585938,2044598.0,AMBUJACEM.NS
2014-09-19,213.4499969482422,216.85000610351562,211.35000610351562,215.0500030517578,186.09292602539062,2886447.0,AMBUJACEM.NS
2014-09-22,214.0500030517578,216.6999969482422,211.60000610351562,214.14999389648438,185.31411743164062,1771298.0,AMBUJACEM.NS
2014-09-23,213.5500030517578,214.89999389648438,211.5500030517578,213.8000030517578,185.01126098632812,2638843.0,AMBUJACEM.NS
2014-09-24,213.8000030517578,216.60000610351562,210.0,212.0500030517578,183.4968719482422,3201491.0,AMBUJACEM.NS
2014-09-25,212.10000610351562,213.35000610351562,205.0,206.9499969482422,179.08360290527344,3671677.0,AMBUJACEM.NS
2014-09-26,207.6999969482422,213.25,205.1999969482422,212.0500030517578,183.4968719482422,2017565.0,AMBUJACEM.NS
2014-09-29,213.3000030517578,215.5,210.4499969482422,214.75,185.83331298828125,1623501.0,AMBUJACEM.NS
2014-09-30,214.14999389648438,215.89999389648438,212.1999969482422,213.6999969482422,184.9246826171875,2077299.0,AMBUJACEM.NS
2014-10-01,213.89999389648438,214.3000030517578,210.0,210.64999389648438,182.28538513183594,1639405.0,AMBUJACEM.NS
2014-10-07,210.0,210.6999969482422,207.14999389648438,209.5,181.29026794433594,2395090.0,AMBUJACEM.NS
2014-10-08,209.0500030517578,212.0,207.10000610351562,208.1999969482422,180.165283203125,1416812.0,AMBUJACEM.NS
2014-10-09,209.89999389648438,216.89999389648438,209.8000030517578,215.8000030517578,186.74195861816406,1645939.0,AMBUJACEM.NS
2014-10-10,214.5500030517578,215.5500030517578,211.0,211.4499969482422,182.97767639160156,1477593.0,AMBUJACEM.NS
2014-10-13,210.5500030517578,211.8000030517578,207.14999389648438,208.85000610351562,180.72775268554688,873800.0,AMBUJACEM.NS
2014-10-14,210.10000610351562,212.60000610351562,207.5,208.14999389648438,180.1220245361328,1488939.0,AMBUJACEM.NS
2014-10-15,208.14999389648438,208.14999389648438,208.14999389648438,208.14999389648438,180.1220245361328,0.0,AMBUJACEM.NS
2014-10-16,208.3000030517578,209.4499969482422,203.85000610351562,206.1999969482422,178.4346160888672,2404733.0,AMBUJACEM.NS
2014-10-17,206.5500030517578,209.1999969482422,204.1999969482422,207.35000610351562,179.4297332763672,1352502.0,AMBUJACEM.NS
2014-10-20,210.0,213.39999389648438,209.0500030517578,212.89999389648438,184.23243713378906,991358.0,AMBUJACEM.NS
2014-10-21,213.3000030517578,214.89999389648438,212.25,213.60000610351562,184.83815002441406,1458956.0,AMBUJACEM.NS
2014-10-22,214.5,218.0,214.5,216.89999389648438,187.6938018798828,1173083.0,AMBUJACEM.NS
2014-10-27,217.64999389648438,222.0,216.89999389648438,221.35000610351562,191.5446014404297,1848749.0,AMBUJACEM.NS
2014-10-28,221.35000610351562,226.14999389648438,221.0500030517578,224.9499969482422,194.65985107421875,1693826.0,AMBUJACEM.NS
2014-10-29,225.8000030517578,227.3000030517578,223.0500030517578,226.14999389648438,195.69830322265625,1537540.0,AMBUJACEM.NS
2014-10-30,227.3000030517578,228.35000610351562,222.6999969482422,223.6999969482422,193.5781707763672,2990018.0,AMBUJACEM.NS
2014-10-31,227.9499969482422,229.0,224.39999389648438,227.64999389648438,196.9962921142578,1778364.0,AMBUJACEM.NS
2014-11-03,228.0500030517578,229.39999389648438,226.10000610351562,227.85000610351562,197.1693572998047,1210270.0,AMBUJACEM.NS
2014-11-05,227.0,227.85000610351562,221.25,223.0,192.97244262695312,1290941.0,AMBUJACEM.NS
2014-11-07,224.0,227.6999969482422,220.8000030517578,221.9499969482422,192.06381225585938,2327935.0,AMBUJACEM.NS
2014-11-10,222.60000610351562,223.89999389648438,219.5,221.5500030517578,191.7176971435547,600992.0,AMBUJACEM.NS
2014-11-11,221.5500030517578,225.89999389648438,221.0500030517578,225.35000610351562,195.00599670410156,999460.0,AMBUJACEM.NS
2014-11-12,226.10000610351562,230.5,226.10000610351562,229.4499969482422,198.55392456054688,2822676.0,AMBUJACEM.NS
2014-11-13,230.8000030517578,231.39999389648438,223.60000610351562,226.1999969482422,195.7415313720703,948102.0,AMBUJACEM.NS
2014-11-14,226.0,230.75,224.0,230.10000610351562,199.1164093017578,1023093.0,AMBUJACEM.NS
2014-11-17,229.6999969482422,230.75,223.0,227.75,197.0828399658203,1812566.0,AMBUJACEM.NS
2014-11-18,227.0500030517578,229.75,225.4499969482422,226.60000610351562,196.0876922607422,1668001.0,AMBUJACEM.NS
2014-11-19,226.60000610351562,228.60000610351562,221.6999969482422,222.14999389648438,192.2368927001953,858316.0,AMBUJACEM.NS
2014-11-20,222.6999969482422,223.4499969482422,217.64999389648438,221.64999389648438,191.80419921875,869797.0,AMBUJACEM.NS
2014-11-21,221.0500030517578,226.5500030517578,221.0500030517578,225.9499969482422,195.5251922607422,1399093.0,AMBUJACEM.NS
2014-11-24,225.3000030517578,230.89999389648438,225.3000030517578,230.0500030517578,199.07315063476562,2407768.0,AMBUJACEM.NS
2014-11-25,229.14999389648438,230.0,223.0,228.39999389648438,197.6453399658203,2086193.0,AMBUJACEM.NS
2014-11-26,227.14999389648438,230.39999389648438,225.25,228.8000030517578,197.99143981933594,1549824.0,AMBUJACEM.NS
2014-11-27,228.5,230.25,224.25,225.35000610351562,195.00599670410156,1140793.0,AMBUJACEM.NS
2014-11-28,225.9499969482422,232.5500030517578,224.60000610351562,229.89999389648438,198.9433135986328,2036912.0,AMBUJACEM.NS
2014-12-01,229.25,233.5,228.5500030517578,230.35000610351562,199.33274841308594,1512068.0,AMBUJACEM.NS
2014-12-02,230.0,231.14999389648438,226.0500030517578,228.5,197.73184204101562,1844672.0,AMBUJACEM.NS
2014-12-03,228.6999969482422,230.9499969482422,226.60000610351562,230.0500030517578,199.07315063476562,1735933.0,AMBUJACEM.NS
2014-12-04,230.4499969482422,231.35000610351562,227.25,230.0500030517578,199.07315063476562,1719867.0,AMBUJACEM.NS
2014-12-05,229.89999389648438,237.75,229.0500030517578,236.9499969482422,205.04400634765625,3317412.0,AMBUJACEM.NS
2014-12-08,238.25,239.6999969482422,229.3000030517578,231.5,200.32789611816406,3207123.0,AMBUJACEM.NS
2014-12-09,230.39999389648438,231.39999389648438,225.0,225.85000610351562,195.43869018554688,2361458.0,AMBUJACEM.NS
2014-12-10,227.5,227.89999389648438,222.8000030517578,225.64999389648438,195.26560974121094,1396517.0,AMBUJACEM.NS
2014-12-11,226.0,226.4499969482422,222.25,223.0500030517578,193.01568603515625,1006839.0,AMBUJACEM.NS
2014-12-12,223.6999969482422,228.25,223.3000030517578,225.8000030517578,195.3954315185547,1420248.0,AMBUJACEM.NS
2014-12-15,225.0500030517578,229.89999389648438,224.10000610351562,228.3000030517578,197.55874633789062,1292666.0,AMBUJACEM.NS
2014-12-16,228.0500030517578,228.85000610351562,218.10000610351562,218.89999389648438,189.42449951171875,2062150.0,AMBUJACEM.NS
2014-12-17,218.0500030517578,224.60000610351562,215.35000610351562,220.6999969482422,190.9821319580078,1632038.0,AMBUJACEM.NS
2014-12-18,221.35000610351562,225.6999969482422,221.35000610351562,223.9499969482422,193.7945098876953,1612940.0,AMBUJACEM.NS
2014-12-19,224.6999969482422,227.5,222.0,225.14999389648438,194.8329315185547,2410322.0,AMBUJACEM.NS
2014-12-22,224.35000610351562,229.64999389648438,224.35000610351562,228.85000610351562,198.03469848632812,1636467.0,AMBUJACEM.NS
2014-12-23,228.60000610351562,229.75,226.1999969482422,227.4499969482422,196.82322692871094,1766844.0,AMBUJACEM.NS
2014-12-24,228.14999389648438,231.8000030517578,226.0,226.85000610351562,196.3040313720703,2950266.0,AMBUJACEM.NS
2014-12-26,227.60000610351562,229.6999969482422,224.10000610351562,226.0500030517578,195.6117401123047,435096.0,AMBUJACEM.NS
2014-12-29,226.3000030517578,231.60000610351562,226.3000030517578,230.3000030517578,199.28945922851562,956375.0,AMBUJACEM.NS
2014-12-30,230.0500030517578,230.8000030517578,229.14999389648438,229.9499969482422,198.98660278320312,653042.0,AMBUJACEM.NS
2014-12-31,230.0,231.8000030517578,228.14999389648438,228.85000610351562,198.03469848632812,840389.0,AMBUJACEM.NS
2015-01-01,229.0,229.4499969482422,227.5,227.75,197.0828399658203,208341.0,AMBUJACEM.NS
2015-01-02,228.0,231.6999969482422,228.0,230.9499969482422,199.85195922851562,582581.0,AMBUJACEM.NS
2015-01-05,230.9499969482422,233.3000030517578,229.5500030517578,230.64999389648438,199.59234619140625,967248.0,AMBUJACEM.NS
2015-01-06,230.0,230.0,220.75,222.14999389648438,192.2368927001953,1479156.0,AMBUJACEM.NS
2015-01-07,222.0,222.9499969482422,218.10000610351562,220.10000610351562,190.46295166015625,1172388.0,AMBUJACEM.NS
2015-01-08,221.9499969482422,227.5,221.1999969482422,226.39999389648438,195.91461181640625,1084102.0,AMBUJACEM.NS
2015-01-09,226.6999969482422,228.39999389648438,222.0500030517578,223.8000030517578,193.6647186279297,1225314.0,AMBUJACEM.NS
2015-01-12,223.89999389648438,228.60000610351562,223.0500030517578,228.0,197.2991485595703,1035171.0,AMBUJACEM.NS
2015-01-13,228.0,232.75,226.1999969482422,230.10000610351562,199.1164093017578,2105508.0,AMBUJACEM.NS
2015-01-14,231.25,233.85000610351562,230.0500030517578,232.85000610351562,201.49607849121094,3179578.0,AMBUJACEM.NS
2015-01-15,235.14999389648438,243.5,233.89999389648438,240.4499969482422,208.07272338867188,3732809.0,AMBUJACEM.NS
2015-01-16,239.5,242.10000610351562,237.0500030517578,239.35000610351562,207.12086486816406,1204955.0,AMBUJACEM.NS
2015-01-19,239.3000030517578,247.5,238.5,246.8000030517578,213.5677032470703,2395181.0,AMBUJACEM.NS
2015-01-20,247.0,248.9499969482422,245.5,247.1999969482422,213.91384887695312,1960237.0,AMBUJACEM.NS
2015-01-21,248.0,248.39999389648438,243.35000610351562,246.64999389648438,213.4379119873047,1033591.0,AMBUJACEM.NS
2015-01-22,247.10000610351562,249.9499969482422,245.10000610351562,249.0,215.471435546875,2518070.0,AMBUJACEM.NS
2015-01-23,250.10000610351562,253.39999389648438,245.3000030517578,252.5,218.50018310546875,2926698.0,AMBUJACEM.NS
2015-01-27,250.5,251.5,245.1999969482422,250.1999969482422,216.50985717773438,2395358.0,AMBUJACEM.NS
2015-01-28,248.25,252.0,247.0,249.0500030517578,215.5147247314453,2733606.0,AMBUJACEM.NS
2015-01-29,248.10000610351562,257.04998779296875,247.35000610351562,255.9499969482422,221.485595703125,2751278.0,AMBUJACEM.NS
2015-01-30,255.0,256.29998779296875,241.0,248.75,215.25511169433594,2568740.0,AMBUJACEM.NS
2015-02-02,250.0,250.8000030517578,243.5500030517578,249.25,215.68783569335938,845482.0,AMBUJACEM.NS
2015-02-03,249.75,252.39999389648438,242.5,245.0500030517578,212.05335998535156,2247358.0,AMBUJACEM.NS
2015-02-04,246.0500030517578,250.9499969482422,243.0,248.75,215.25511169433594,2304210.0,AMBUJACEM.NS
2015-02-05,248.0,251.5,245.8000030517578,247.5500030517578,214.21669006347656,1218994.0,AMBUJACEM.NS
2015-02-06,246.10000610351562,250.25,246.0,248.25,214.82244873046875,864075.0,AMBUJACEM.NS
2015-02-09,247.14999389648438,251.3000030517578,244.0,246.0,212.87545776367188,807547.0,AMBUJACEM.NS
2015-02-10,245.0,252.5,245.0,249.60000610351562,215.9906463623047,1479339.0,AMBUJACEM.NS
2015-02-11,250.0,252.0,248.85000610351562,250.85000610351562,217.07235717773438,1570176.0,AMBUJACEM.NS
2015-02-12,251.5500030517578,262.0,251.39999389648438,259.70001220703125,224.73069763183594,2027412.0,AMBUJACEM.NS
2015-02-13,261.79998779296875,266.0,259.0,265.1000061035156,229.40357971191406,1674012.0,AMBUJACEM.NS
2015-02-16,264.95001220703125,268.0,263.3999938964844,266.20001220703125,230.3554229736328,955073.0,AMBUJACEM.NS
2015-02-18,265.0,271.5,265.0,270.1000061035156,233.73025512695312,2423402.0,AMBUJACEM.NS
2015-02-19,273.0,273.0,262.1000061035156,265.04998779296875,229.36029052734375,2789435.0,AMBUJACEM.NS
2015-02-20,265.25,266.0,261.1499938964844,263.1000061035156,227.67288208007812,830196.0,AMBUJACEM.NS
2015-02-23,264.04998779296875,265.0,259.25,262.1499938964844,226.85079956054688,1068181.0,AMBUJACEM.NS
2015-02-24,262.25,263.45001220703125,254.0,257.29998779296875,222.65383911132812,1165496.0,AMBUJACEM.NS
2015-02-25,259.8999938964844,264.79998779296875,258.3500061035156,261.04998779296875,225.89889526367188,1385462.0,AMBUJACEM.NS
2015-02-26,262.0,264.0,255.5500030517578,259.75,224.77392578125,3015768.0,AMBUJACEM.NS
2015-02-27,260.5,270.3500061035156,260.5,269.45001220703125,233.16781616210938,1907559.0,AMBUJACEM.NS
2015-02-28,,,,,,,AMBUJACEM.NS
2015-03-02,272.0,287.0,270.3999938964844,285.45001220703125,247.0133819580078,2832881.0,AMBUJACEM.NS
2015-03-03,285.54998779296875,286.0,277.25,281.0,243.16258239746094,1657278.0,AMBUJACEM.NS
2015-03-04,282.1000061035156,283.75,273.0,274.6499938964844,237.6676025390625,3325192.0,AMBUJACEM.NS
2015-03-05,275.0,276.0,269.04998779296875,273.3500061035156,236.54266357421875,1196807.0,AMBUJACEM.NS
2015-03-09,274.6000061035156,275.0,261.54998779296875,263.75,228.23533630371094,1477604.0,AMBUJACEM.NS
2015-03-10,264.79998779296875,266.04998779296875,258.5,259.5,224.55758666992188,1755355.0,AMBUJACEM.NS
2015-03-11,260.8500061035156,263.79998779296875,256.1499938964844,259.8500061035156,224.86048889160156,1390394.0,AMBUJACEM.NS
2015-03-12,261.0,268.70001220703125,261.0,264.04998779296875,228.4949188232422,1700626.0,AMBUJACEM.NS
2015-03-13,268.0,268.75,254.0,256.0,221.52891540527344,1480291.0,AMBUJACEM.NS
2015-03-16,257.8999938964844,259.6499938964844,255.14999389648438,256.6499938964844,222.0913543701172,976672.0,AMBUJACEM.NS
2015-03-17,259.6499938964844,260.6000061035156,254.14999389648438,258.70001220703125,223.86532592773438,1014172.0,AMBUJACEM.NS
2015-03-18,259.95001220703125,259.95001220703125,251.0,252.6999969482422,218.67327880859375,1030832.0,AMBUJACEM.NS
2015-03-19,256.79998779296875,256.79998779296875,250.1999969482422,251.6999969482422,217.80792236328125,1354373.0,AMBUJACEM.NS
2015-03-20,254.1999969482422,258.5,243.0,255.1999969482422,220.83660888671875,1780884.0,AMBUJACEM.NS
2015-03-23,256.04998779296875,259.0,252.1999969482422,256.1499938964844,221.65869140625,1117431.0,AMBUJACEM.NS
2015-03-24,254.89999389648438,258.5,251.85000610351562,253.35000610351562,219.23570251464844,662042.0,AMBUJACEM.NS
2015-03-25,254.89999389648438,255.5,246.5500030517578,248.8000030517578,215.29840087890625,1470418.0,AMBUJACEM.NS
2015-03-26,246.9499969482422,251.9499969482422,245.39999389648438,250.10000610351562,216.42335510253906,1416055.0,AMBUJACEM.NS
2015-03-27,251.25,252.89999389648438,247.0500030517578,250.4499969482422,216.72621154785156,769766.0,AMBUJACEM.NS
2015-03-30,252.85000610351562,257.8999938964844,249.85000610351562,257.1000061035156,222.4807891845703,789976.0,AMBUJACEM.NS
2015-03-31,257.6000061035156,258.70001220703125,254.0,255.3000030517578,220.92315673828125,1383023.0,AMBUJACEM.NS
2015-04-01,254.9499969482422,261.3999938964844,253.39999389648438,260.25,225.2066192626953,1346375.0,AMBUJACEM.NS
2015-04-06,263.70001220703125,264.45001220703125,259.20001220703125,261.5,226.28826904296875,2100720.0,AMBUJACEM.NS
2015-04-07,261.5,263.54998779296875,254.25,260.1000061035156,225.0768280029297,1385846.0,AMBUJACEM.NS
2015-04-08,260.29998779296875,266.3500061035156,256.6000061035156,257.6499938964844,222.95669555664062,1722699.0,AMBUJACEM.NS
2015-04-09,260.0,260.0,253.5500030517578,256.1499938964844,221.65869140625,1162924.0,AMBUJACEM.NS
2015-04-10,256.20001220703125,259.29998779296875,255.35000610351562,258.29998779296875,223.51919555664062,771330.0,AMBUJACEM.NS
2015-04-13,259.79998779296875,260.20001220703125,254.5,257.6000061035156,222.9134521484375,1109353.0,AMBUJACEM.NS
2015-04-15,260.3999938964844,262.0,257.6000061035156,259.95001220703125,224.94700622558594,2877879.0,AMBUJACEM.NS
2015-04-16,260.8999938964844,260.8999938964844,250.0,252.5,218.50018310546875,3346874.0,AMBUJACEM.NS
2015-04-17,250.39999389648438,250.9499969482422,245.75,246.85000610351562,213.61097717285156,1579668.0,AMBUJACEM.NS
2015-04-20,246.25,253.25,243.8000030517578,248.0500030517578,214.64938354492188,1651654.0,AMBUJACEM.NS
2015-04-21,247.0,247.9499969482422,239.25,240.0,207.68331909179688,1187332.0,AMBUJACEM.NS
2015-04-22,240.6999969482422,243.60000610351562,236.14999389648438,242.0500030517578,209.4573211669922,2817535.0,AMBUJACEM.NS
2015-04-23,243.85000610351562,246.89999389648438,236.10000610351562,237.60000610351562,205.60650634765625,1605610.0,AMBUJACEM.NS
2015-04-24,238.0,238.0,231.6999969482422,233.35000610351562,201.92877197265625,1431828.0,AMBUJACEM.NS
2015-04-27,234.4499969482422,234.4499969482422,228.6999969482422,230.14999389648438,199.15965270996094,1045609.0,AMBUJACEM.NS
2015-04-28,229.89999389648438,231.9499969482422,224.0500030517578,230.5500030517578,199.50579833984375,3076993.0,AMBUJACEM.NS
2015-04-29,230.0,241.5,228.1999969482422,238.3000030517578,206.21229553222656,4216759.0,AMBUJACEM.NS
2015-04-30,235.5500030517578,240.8000030517578,231.5,232.39999389648438,201.10670471191406,2718627.0,AMBUJACEM.NS
2015-05-04,234.3000030517578,243.0,232.0,241.3000030517578,208.8082733154297,1225037.0,AMBUJACEM.NS
2015-05-05,241.0,241.0,235.8000030517578,239.1999969482422,206.99107360839844,1425990.0,AMBUJACEM.NS
2015-05-06,239.1999969482422,239.39999389648438,224.5500030517578,226.8000030517578,196.26072692871094,1784868.0,AMBUJACEM.NS
2015-05-07,225.0,232.4499969482422,222.3000030517578,231.39999389648438,200.2413330078125,1204512.0,AMBUJACEM.NS
2015-05-08,232.75,239.9499969482422,231.64999389648438,233.1999969482422,201.7989501953125,1726625.0,AMBUJACEM.NS
2015-05-11,233.9499969482422,239.39999389648438,230.5500030517578,238.5,206.3852996826172,966021.0,AMBUJACEM.NS
2015-05-12,239.39999389648438,239.39999389648438,227.5500030517578,228.85000610351562,198.03469848632812,1408233.0,AMBUJACEM.NS
2015-05-13,230.75,236.25,228.0,235.14999389648438,203.48638916015625,1485322.0,AMBUJACEM.NS
2015-05-14,234.5500030517578,237.5500030517578,231.14999389648438,235.0500030517578,203.3998565673828,1388619.0,AMBUJACEM.NS
2015-05-15,234.9499969482422,236.9499969482422,232.35000610351562,234.6999969482422,203.0969696044922,688530.0,AMBUJACEM.NS
2015-05-18,235.4499969482422,242.89999389648438,233.60000610351562,240.6999969482422,208.28909301757812,1454344.0,AMBUJACEM.NS
2015-05-19,241.6999969482422,242.9499969482422,237.10000610351562,239.0,206.81797790527344,1281230.0,AMBUJACEM.NS
2015-05-20,239.3000030517578,241.8000030517578,237.5,238.8000030517578,206.6449432373047,1327514.0,AMBUJACEM.NS
2015-05-21,238.8000030517578,241.60000610351562,235.39999389648438,241.1999969482422,208.72174072265625,1900169.0,AMBUJACEM.NS
2015-05-22,241.1999969482422,244.64999389648438,240.10000610351562,241.60000610351562,209.0679168701172,1215616.0,AMBUJACEM.NS
2015-05-25,241.5,241.6999969482422,231.1999969482422,232.3000030517578,201.02017211914062,1474372.0,AMBUJACEM.NS
2015-05-26,233.25,233.89999389648438,226.10000610351562,226.8000030517578,196.26072692871094,2058074.0,AMBUJACEM.NS
2015-05-27,225.6999969482422,230.4499969482422,225.0,227.60000610351562,196.95303344726562,1051814.0,AMBUJACEM.NS
2015-05-28,228.14999389648438,232.10000610351562,225.8000030517578,229.9499969482422,198.98660278320312,1925339.0,AMBUJACEM.NS
2015-05-29,230.4499969482422,239.8000030517578,229.75,237.60000610351562,205.60650634765625,3367891.0,AMBUJACEM.NS
2015-06-01,237.60000610351562,241.0500030517578,237.5500030517578,239.89999389648438,207.59677124023438,896412.0,AMBUJACEM.NS
2015-06-02,239.0500030517578,240.10000610351562,229.0500030517578,231.3000030517578,200.15481567382812,1281246.0,AMBUJACEM.NS
2015-06-03,230.1999969482422,230.85000610351562,224.25,225.8000030517578,195.3954315185547,1280160.0,AMBUJACEM.NS
2015-06-04,225.8000030517578,229.8000030517578,221.10000610351562,229.0,198.16452026367188,1682455.0,AMBUJACEM.NS
2015-06-05,228.39999389648438,228.89999389648438,220.1999969482422,221.8000030517578,191.9340362548828,2306031.0,AMBUJACEM.NS
2015-06-08,221.1999969482422,225.35000610351562,220.1999969482422,223.0500030517578,193.01568603515625,1452746.0,AMBUJACEM.NS
2015-06-09,222.60000610351562,226.75,221.39999389648438,225.75,195.3521270751953,1635006.0,AMBUJACEM.NS
2015-06-10,225.60000610351562,227.89999389648438,222.5,225.85000610351562,195.43869018554688,1326034.0,AMBUJACEM.NS
2015-06-11,227.1999969482422,232.89999389648438,220.1999969482422,221.89999389648438,192.0205535888672,2285209.0,AMBUJACEM.NS
2015-06-12,220.0,221.5,214.8000030517578,218.4499969482422,189.0350799560547,2071964.0,AMBUJACEM.NS
2015-06-15,218.5,219.8000030517578,215.10000610351562,215.64999389648438,186.61212158203125,1311042.0,AMBUJACEM.NS
2015-06-16,215.64999389648438,221.0,214.3000030517578,219.5500030517578,189.98703002929688,1211923.0,AMBUJACEM.NS
2015-06-17,219.10000610351562,224.0,216.5,222.0500030517578,192.15036010742188,1548357.0,AMBUJACEM.NS
2015-06-18,221.6999969482422,224.5,220.5,222.14999389648438,192.2368927001953,1018469.0,AMBUJACEM.NS
2015-06-19,222.5500030517578,228.0,221.60000610351562,226.60000610351562,196.0876922607422,1392473.0,AMBUJACEM.NS
2015-06-22,227.85000610351562,230.85000610351562,225.3000030517578,228.4499969482422,197.68856811523438,1162719.0,AMBUJACEM.NS
2015-06-23,228.4499969482422,231.35000610351562,227.0,230.64999389648438,199.59234619140625,1256867.0,AMBUJACEM.NS
2015-06-24,229.89999389648438,232.60000610351562,225.8000030517578,227.0,196.43380737304688,1613338.0,AMBUJACEM.NS
2015-06-25,227.0,228.60000610351562,224.39999389648438,226.60000610351562,196.0876922607422,2082661.0,AMBUJACEM.NS
2015-06-26,226.5,229.8000030517578,225.0500030517578,227.0,196.43380737304688,1388968.0,AMBUJACEM.NS
2015-06-29,224.0,228.25,220.25,227.4499969482422,196.82322692871094,980547.0,AMBUJACEM.NS
2015-06-30,227.0,230.85000610351562,225.0,229.89999389648438,198.9433135986328,1597249.0,AMBUJACEM.NS
2015-07-01,230.0,239.8000030517578,229.0,238.14999389648438,206.0824432373047,2913864.0,AMBUJACEM.NS
2015-07-02,238.25,241.89999389648438,235.8000030517578,239.85000610351562,207.55352783203125,2573710.0,AMBUJACEM.NS
2015-07-03,239.0500030517578,243.0,239.0,242.35000610351562,209.71690368652344,1396131.0,AMBUJACEM.NS
2015-07-06,237.10000610351562,246.6999969482422,237.0,245.75,212.6591033935547,1515391.0,AMBUJACEM.NS
2015-07-07,245.5,247.6999969482422,243.60000610351562,245.8000030517578,212.7023468017578,2317825.0,AMBUJACEM.NS
2015-07-08,244.64999389648438,244.64999389648438,237.10000610351562,241.0,208.54867553710938,1262638.0,AMBUJACEM.NS
2015-07-09,239.5,244.64999389648438,239.5,242.14999389648438,209.54383850097656,634397.0,AMBUJACEM.NS
2015-07-10,242.14999389648438,244.5,238.60000610351562,241.9499969482422,209.37075805664062,1117210.0,AMBUJACEM.NS
2015-07-13,241.0,248.39999389648438,240.60000610351562,247.85000610351562,214.47633361816406,882744.0,AMBUJACEM.NS
2015-07-14,248.39999389648438,253.85000610351562,246.4499969482422,252.35000610351562,218.37039184570312,1491806.0,AMBUJACEM.NS
2015-07-15,252.64999389648438,257.29998779296875,250.1999969482422,255.1999969482422,220.83660888671875,1257139.0,AMBUJACEM.NS
2015-07-16,255.0,255.9499969482422,250.85000610351562,254.3000030517578,220.0578155517578,821358.0,AMBUJACEM.NS
2015-07-17,256.6000061035156,256.6000061035156,250.0500030517578,250.60000610351562,216.85604858398438,6722087.0,AMBUJACEM.NS
2015-07-20,250.0,252.39999389648438,245.39999389648438,251.35000610351562,217.50503540039062,2520171.0,AMBUJACEM.NS
2015-07-21,251.0,253.1999969482422,241.14999389648438,242.10000610351562,209.5006103515625,1874950.0,AMBUJACEM.NS
2015-07-22,241.3000030517578,247.35000610351562,239.0500030517578,246.5500030517578,213.35134887695312,928326.0,AMBUJACEM.NS
2015-07-23,247.5,247.60000610351562,242.89999389648438,244.4499969482422,211.5341339111328,609596.0,AMBUJACEM.NS
2015-07-24,242.60000610351562,245.6999969482422,239.0,240.14999389648438,207.81314086914062,1229746.0,AMBUJACEM.NS
2015-07-27,237.10000610351562,241.64999389648438,232.14999389648438,234.0500030517578,202.53451538085938,2260013.0,AMBUJACEM.NS
2015-07-28,229.75,237.6999969482422,228.10000610351562,230.1999969482422,199.2029266357422,3148609.0,AMBUJACEM.NS
2015-07-29,230.3000030517578,234.89999389648438,226.75,233.5500030517578,202.1018524169922,1599267.0,AMBUJACEM.NS
2015-07-30,233.5,235.8000030517578,229.6999969482422,231.0500030517578,199.9384765625,2314400.0,AMBUJACEM.NS
2015-07-31,231.5,234.39999389648438,230.89999389648438,232.3000030517578,201.02017211914062,1135189.0,AMBUJACEM.NS
2015-08-03,231.25,232.60000610351562,228.5,229.60000610351562,198.68373107910156,1027084.0,AMBUJACEM.NS
2015-08-04,230.5,231.39999389648438,226.0,229.10000610351562,198.2510528564453,985064.0,AMBUJACEM.NS
2015-08-05,230.0,232.5,228.89999389648438,229.64999389648438,198.72698974609375,741013.0,AMBUJACEM.NS
2015-08-06,230.1999969482422,233.14999389648438,227.9499969482422,230.35000610351562,199.33274841308594,1552864.0,AMBUJACEM.NS
2015-08-07,231.3000030517578,231.64999389648438,227.9499969482422,228.5,197.73184204101562,1059600.0,AMBUJACEM.NS
2015-08-10,228.89999389648438,230.39999389648438,225.0,226.64999389648438,196.13096618652344,833181.0,AMBUJACEM.NS
2015-08-11,226.0500030517578,226.5,221.1999969482422,222.60000610351562,192.62631225585938,1663784.0,AMBUJACEM.NS
2015-08-12,222.0500030517578,224.8000030517578,219.25,223.25,193.1887969970703,1937108.0,AMBUJACEM.NS
2015-08-13,223.8000030517578,225.8000030517578,205.0,222.10000610351562,192.19363403320312,1686056.0,AMBUJACEM.NS
2015-08-14,222.64999389648438,227.1999969482422,221.0500030517578,226.3000030517578,195.8280792236328,754609.0,AMBUJACEM.NS
2015-08-17,225.85000610351562,227.6999969482422,221.4499969482422,226.3000030517578,195.8280792236328,1935464.0,AMBUJACEM.NS
2015-08-18,226.10000610351562,228.6999969482422,225.10000610351562,227.10000610351562,196.52037048339844,930090.0,AMBUJACEM.NS
2015-08-19,226.5500030517578,232.3000030517578,225.3000030517578,231.0,199.89524841308594,2290638.0,AMBUJACEM.NS
2015-08-20,228.10000610351562,230.5,222.0,223.9499969482422,193.7945098876953,1763388.0,AMBUJACEM.NS
2015-08-21,221.1999969482422,237.89999389648438,220.89999389648438,227.0500030517578,196.47708129882812,3353922.0,AMBUJACEM.NS
2015-08-24,223.4499969482422,223.4499969482422,209.5,212.14999389648438,183.58338928222656,3420210.0,AMBUJACEM.NS
2015-08-25,213.0,216.0,202.10000610351562,207.60000610351562,179.64610290527344,5337022.0,AMBUJACEM.NS
2015-08-26,207.0,207.5,197.39999389648438,198.1999969482422,171.5118408203125,13203158.0,AMBUJACEM.NS
2015-08-27,204.0,211.0,200.3000030517578,209.89999389648438,181.63638305664062,9588672.0,AMBUJACEM.NS
2015-08-28,212.0,212.89999389648438,204.85000610351562,206.10000610351562,178.3480682373047,2305680.0,AMBUJACEM.NS
2015-08-31,206.0,211.5,202.39999389648438,207.1999969482422,179.2999725341797,2519792.0,AMBUJACEM.NS
2015-09-01,207.0,209.64999389648438,203.5500030517578,207.60000610351562,179.64610290527344,2862960.0,AMBUJACEM.NS
2015-09-02,209.0500030517578,214.5,208.14999389648438,209.89999389648438,181.63638305664062,3979719.0,AMBUJACEM.NS
2015-09-03,212.25,221.5,212.25,218.4499969482422,189.0350799560547,3757279.0,AMBUJACEM.NS
2015-09-04,216.85000610351562,218.10000610351562,209.60000610351562,211.5,183.0209503173828,4209879.0,AMBUJACEM.NS
2015-09-07,212.0,213.5500030517578,206.5,206.89999389648438,179.04034423828125,2205149.0,AMBUJACEM.NS
2015-09-08,207.5500030517578,209.60000610351562,205.0500030517578,208.5500030517578,180.46817016601562,2767023.0,AMBUJACEM.NS
2015-09-09,211.0,216.5,209.5500030517578,212.14999389648438,183.58338928222656,2977388.0,AMBUJACEM.NS
2015-09-10,209.9499969482422,213.10000610351562,206.25,211.3000030517578,182.84786987304688,3337613.0,AMBUJACEM.NS
2015-09-11,213.89999389648438,213.89999389648438,206.35000610351562,207.0,179.12689208984375,3237366.0,AMBUJACEM.NS
2015-09-14,207.89999389648438,212.0,205.8000030517578,211.25,182.8046112060547,3455014.0,AMBUJACEM.NS
2015-09-15,211.0500030517578,211.60000610351562,203.10000610351562,204.39999389648438,176.87696838378906,5716055.0,AMBUJACEM.NS
2015-09-16,207.6999969482422,211.39999389648438,206.0,210.4499969482422,182.1123504638672,3528310.0,AMBUJACEM.NS
2015-09-18,212.0,212.4499969482422,208.14999389648438,209.75,181.50657653808594,3986002.0,AMBUJACEM.NS
2015-09-21,208.6999969482422,210.64999389648438,203.5500030517578,209.89999389648438,181.63638305664062,2320677.0,AMBUJACEM.NS
2015-09-22,210.25,211.75,205.10000610351562,207.85000610351562,179.8624267578125,2351761.0,AMBUJACEM.NS
2015-09-23,204.0500030517578,209.35000610351562,204.0500030517578,208.6999969482422,180.5979461669922,2097301.0,AMBUJACEM.NS
2015-09-24,206.3000030517578,208.89999389648438,204.5500030517578,207.0,179.12689208984375,4214954.0,AMBUJACEM.NS
2015-09-28,206.9499969482422,206.9499969482422,202.10000610351562,203.0500030517578,175.70877075195312,816802.0,AMBUJACEM.NS
2015-09-29,200.5,207.64999389648438,196.25,203.0,175.66546630859375,2655447.0,AMBUJACEM.NS
2015-09-30,204.0,206.5,203.64999389648438,205.8000030517578,178.08843994140625,1873748.0,AMBUJACEM.NS
2015-10-01,207.1999969482422,211.0,206.8000030517578,209.9499969482422,181.6796417236328,3720910.0,AMBUJACEM.NS
2015-10-05,211.0,212.60000610351562,209.1999969482422,209.9499969482422,181.6796417236328,2664054.0,AMBUJACEM.NS
2015-10-06,212.0,212.85000610351562,207.60000610351562,209.8000030517578,181.54986572265625,2279449.0,AMBUJACEM.NS
2015-10-07,210.10000610351562,210.14999389648438,207.64999389648438,209.14999389648438,180.98736572265625,1205766.0,AMBUJACEM.NS
2015-10-08,209.0,211.35000610351562,208.14999389648438,209.89999389648438,181.63638305664062,2837012.0,AMBUJACEM.NS
2015-10-09,211.14999389648438,211.8000030517578,206.25,209.14999389648438,180.98736572265625,4634135.0,AMBUJACEM.NS
2015-10-12,209.39999389648438,210.5,208.35000610351562,209.9499969482422,181.6796417236328,1486928.0,AMBUJACEM.NS
2015-10-13,210.0,210.75,209.5,209.9499969482422,181.6796417236328,2682919.0,AMBUJACEM.NS
2015-10-14,210.10000610351562,210.75,209.0,209.9499969482422,181.6796417236328,2170530.0,AMBUJACEM.NS
2015-10-15,210.5,211.1999969482422,209.10000610351562,209.64999389648438,181.42002868652344,2993217.0,AMBUJACEM.NS
2015-10-16,210.9499969482422,214.75,209.35000610351562,212.14999389648438,183.58338928222656,3865670.0,AMBUJACEM.NS
2015-10-19,214.5,214.5,209.5500030517578,210.0500030517578,181.76620483398438,3187045.0,AMBUJACEM.NS
2015-10-20,210.39999389648438,210.39999389648438,208.89999389648438,209.9499969482422,181.6796417236328,2407020.0,AMBUJACEM.NS
2015-10-21,208.14999389648438,210.0500030517578,208.14999389648438,209.1999969482422,181.0306396484375,1299281.0,AMBUJACEM.NS
2015-10-23,210.5,211.5,208.0,208.9499969482422,180.81431579589844,1604359.0,AMBUJACEM.NS
2015-10-26,209.85000610351562,209.85000610351562,206.3000030517578,208.64999389648438,180.55471801757812,874211.0,AMBUJACEM.NS
2015-10-27,208.60000610351562,210.0,204.10000610351562,205.39999389648438,177.74229431152344,4472757.0,AMBUJACEM.NS
2015-10-28,204.0,209.5,203.10000610351562,208.75,180.64122009277344,3866274.0,AMBUJACEM.NS
2015-10-29,204.0,210.0,202.6999969482422,207.4499969482422,179.51629638671875,4392554.0,AMBUJACEM.NS
2015-10-30,207.4499969482422,210.39999389648438,206.14999389648438,206.9499969482422,179.08360290527344,2865884.0,AMBUJACEM.NS
2015-11-02,207.64999389648438,210.25,205.0,210.0,181.72293090820312,965211.0,AMBUJACEM.NS
2015-11-03,211.1999969482422,231.0,208.85000610351562,209.6999969482422,181.4633026123047,4046742.0,AMBUJACEM.NS
2015-11-04,211.0,211.4499969482422,208.0,209.0500030517578,180.9008331298828,2195061.0,AMBUJACEM.NS
2015-11-05,209.0,209.6999969482422,206.8000030517578,208.14999389648438,180.1220245361328,1127252.0,AMBUJACEM.NS
2015-11-06,208.10000610351562,210.0,205.85000610351562,209.85000610351562,181.5931396484375,1717509.0,AMBUJACEM.NS
2015-11-09,203.3000030517578,207.60000610351562,203.3000030517578,205.0,177.3961944580078,3763169.0,AMBUJACEM.NS
2015-11-10,204.0,204.39999389648438,195.6999969482422,196.6999969482422,170.21377563476562,5616108.0,AMBUJACEM.NS
2015-11-13,195.25,196.85000610351562,191.5,192.64999389648438,166.70913696289062,3043549.0,AMBUJACEM.NS
2015-11-16,192.3000030517578,196.0,188.75,194.14999389648438,168.00717163085938,3882134.0,AMBUJACEM.NS
2015-11-17,195.10000610351562,199.6999969482422,194.8000030517578,199.0,172.2041015625,3433667.0,AMBUJACEM.NS
2015-11-18,198.6999969482422,202.75,196.10000610351562,197.4499969482422,170.86279296875,3293580.0,AMBUJACEM.NS
2015-11-19,198.14999389648438,199.0,195.3000030517578,198.0500030517578,171.3820343017578,1583080.0,AMBUJACEM.NS
2015-11-20,198.0,203.75,197.9499969482422,201.9499969482422,174.75686645507812,1408094.0,AMBUJACEM.NS
2015-11-23,203.89999389648438,203.89999389648438,199.64999389648438,200.6999969482422,173.67518615722656,825259.0,AMBUJACEM.NS
2015-11-24,200.10000610351562,205.0500030517578,200.0500030517578,202.60000610351562,175.31936645507812,2351546.0,AMBUJACEM.NS
2015-11-26,201.6999969482422,204.5,201.10000610351562,203.1999969482422,175.8385772705078,2387706.0,AMBUJACEM.NS
2015-11-27,203.5,205.0,201.3000030517578,202.60000610351562,175.31936645507812,772024.0,AMBUJACEM.NS
2015-11-30,202.60000610351562,203.0,198.10000610351562,198.89999389648438,172.1175537109375,3352994.0,AMBUJACEM.NS
2015-12-01,200.10000610351562,203.5,200.0,200.8000030517578,173.76171875,1088925.0,AMBUJACEM.NS
2015-12-02,203.35000610351562,203.75,199.14999389648438,200.14999389648438,173.1992645263672,2388672.0,AMBUJACEM.NS
2015-12-03,199.1999969482422,200.4499969482422,197.1999969482422,197.6999969482422,171.07913208007812,1969587.0,AMBUJACEM.NS
2015-12-04,197.0,197.5500030517578,194.5,195.0500030517578,168.7860107421875,2711059.0,AMBUJACEM.NS
2015-12-07,196.5,198.5,195.14999389648438,195.89999389648438,169.5215301513672,1962362.0,AMBUJACEM.NS
2015-12-08,195.0,195.10000610351562,193.25,194.64999389648438,168.4398193359375,1650962.0,AMBUJACEM.NS
2015-12-09,194.10000610351562,195.0,188.25,189.39999389648438,163.896728515625,2732209.0,AMBUJACEM.NS
2015-12-10,190.5500030517578,191.89999389648438,188.10000610351562,189.89999389648438,164.32943725585938,1553164.0,AMBUJACEM.NS
2015-12-11,190.0,194.4499969482422,187.60000610351562,189.0,163.55064392089844,2526945.0,AMBUJACEM.NS
2015-12-14,190.4499969482422,194.5,189.0500030517578,193.25,167.2283477783203,1484031.0,AMBUJACEM.NS
2015-12-15,194.0,194.10000610351562,190.14999389648438,193.35000610351562,167.31488037109375,955636.0,AMBUJACEM.NS
2015-12-16,194.0,194.75,192.0500030517578,194.35000610351562,168.1802520751953,1968396.0,AMBUJACEM.NS
2015-12-17,194.5500030517578,198.85000610351562,194.1999969482422,198.14999389648438,171.46853637695312,1386966.0,AMBUJACEM.NS
2015-12-18,198.0,202.5,195.0,199.5,172.6367645263672,2885447.0,AMBUJACEM.NS
2015-12-21,200.0,202.39999389648438,198.14999389648438,200.8000030517578,173.76171875,928789.0,AMBUJACEM.NS
2015-12-22,200.0,202.0,199.3000030517578,200.0,173.0694580078125,1053432.0,AMBUJACEM.NS
2015-12-23,200.9499969482422,201.6999969482422,200.4499969482422,201.4499969482422,174.32420349121094,810750.0,AMBUJACEM.NS
2015-12-24,201.85000610351562,204.1999969482422,200.6999969482422,203.3000030517578,175.92510986328125,494077.0,AMBUJACEM.NS
2015-12-28,203.0,204.5,201.60000610351562,202.6999969482422,175.40589904785156,1402316.0,AMBUJACEM.NS
2015-12-29,202.8000030517578,206.3000030517578,201.89999389648438,205.5500030517578,177.8721160888672,1357720.0,AMBUJACEM.NS
2015-12-30,205.89999389648438,206.0,204.3000030517578,204.9499969482422,177.3529052734375,685334.0,AMBUJACEM.NS
2015-12-31,205.0,205.89999389648438,202.39999389648438,203.0500030517578,175.70877075195312,1177258.0,AMBUJACEM.NS
2016-01-01,203.5,206.39999389648438,203.0,205.64999389648438,177.95864868164062,553703.0,AMBUJACEM.NS
2016-01-04,204.0500030517578,205.60000610351562,200.25,202.14999389648438,174.92994689941406,1079102.0,AMBUJACEM.NS
2016-01-05,203.0,204.6999969482422,201.8000030517578,204.0,176.53082275390625,1097743.0,AMBUJACEM.NS
2016-01-06,204.9499969482422,204.9499969482422,200.5,203.0500030517578,175.70877075195312,1593489.0,AMBUJACEM.NS
2016-01-07,202.0,202.5,195.75,197.60000610351562,170.99261474609375,2114333.0,AMBUJACEM.NS
2016-01-08,199.0,199.64999389648438,194.10000610351562,198.35000610351562,171.6416473388672,1860881.0,AMBUJACEM.NS
2016-01-11,196.0,198.8000030517578,194.5500030517578,197.9499969482422,171.2954864501953,1818961.0,AMBUJACEM.NS
2016-01-12,198.39999389648438,199.1999969482422,194.1999969482422,195.1999969482422,168.91575622558594,1601848.0,AMBUJACEM.NS
2016-01-13,196.9499969482422,198.85000610351562,194.0500030517578,197.9499969482422,171.2954864501953,1692489.0,AMBUJACEM.NS
2016-01-14,194.10000610351562,199.5,192.5,197.9499969482422,171.2954864501953,1391517.0,AMBUJACEM.NS
2016-01-15,196.5500030517578,198.9499969482422,192.60000610351562,193.89999389648438,167.79083251953125,1561732.0,AMBUJACEM.NS
2016-01-18,194.39999389648438,194.8000030517578,189.0500030517578,191.10000610351562,165.36785888671875,2315714.0,AMBUJACEM.NS
2016-01-19,190.0,192.60000610351562,189.0,191.35000610351562,165.58419799804688,2220899.0,AMBUJACEM.NS
2016-01-20,189.0,196.0,185.1999969482422,186.9499969482422,161.7766876220703,1976025.0,AMBUJACEM.NS
2016-01-21,189.0,194.39999389648438,187.3000030517578,192.10000610351562,166.2332305908203,1546722.0,AMBUJACEM.NS
2016-01-22,193.8000030517578,196.64999389648438,191.64999389648438,193.0,167.0120391845703,1064284.0,AMBUJACEM.NS
2016-01-25,194.1999969482422,199.35000610351562,193.5500030517578,196.9499969482422,170.43014526367188,1102255.0,AMBUJACEM.NS
2016-01-27,196.9499969482422,197.39999389648438,190.89999389648438,191.89999389648438,166.06011962890625,1409030.0,AMBUJACEM.NS
2016-01-28,191.89999389648438,195.0,191.0,193.1999969482422,167.18507385253906,2728142.0,AMBUJACEM.NS
2016-01-29,193.9499969482422,196.5,193.0,195.35000610351562,169.04559326171875,1857531.0,AMBUJACEM.NS
2016-02-01,196.5,200.8000030517578,195.35000610351562,199.9499969482422,173.0261993408203,1699676.0,AMBUJACEM.NS
2016-02-02,200.8000030517578,201.9499969482422,195.60000610351562,196.60000610351562,170.12725830078125,1122874.0,AMBUJACEM.NS
2016-02-03,195.8000030517578,197.5500030517578,191.10000610351562,191.89999389648438,166.06011962890625,954604.0,AMBUJACEM.NS
2016-02-04,192.75,197.0,192.75,195.64999389648438,169.30517578125,802383.0,AMBUJACEM.NS
2016-02-05,194.10000610351562,199.39999389648438,194.10000610351562,195.5,169.17538452148438,1742979.0,AMBUJACEM.NS
2016-02-08,195.5,201.0,195.39999389648438,197.14999389648438,170.60317993164062,924357.0,AMBUJACEM.NS
2016-02-09,196.5,198.3000030517578,195.0,197.64999389648438,171.03587341308594,962190.0,AMBUJACEM.NS
2016-02-10,197.0,197.0,191.0,195.60000610351562,169.26194763183594,2357622.0,AMBUJACEM.NS
2016-02-11,188.5,195.75,188.10000610351562,193.35000610351562,167.31488037109375,3151319.0,AMBUJACEM.NS
2016-02-12,195.0,196.35000610351562,190.39999389648438,194.64999389648438,168.4398193359375,1650757.0,AMBUJACEM.NS
2016-02-15,196.0,199.35000610351562,195.3000030517578,198.0,171.33876037597656,1061877.0,AMBUJACEM.NS
2016-02-16,198.89999389648438,199.1999969482422,192.39999389648438,194.0,167.8773651123047,704409.0,AMBUJACEM.NS
2016-02-17,194.0,194.60000610351562,188.5,193.39999389648438,167.35813903808594,986654.0,AMBUJACEM.NS
2016-02-18,195.0,196.39999389648438,192.6999969482422,195.35000610351562,169.04559326171875,1106473.0,AMBUJACEM.NS
2016-02-19,194.6999969482422,195.64999389648438,194.0,194.9499969482422,168.69944763183594,1086947.0,AMBUJACEM.NS
2016-02-22,195.75,197.0,195.0,196.0,170.65853881835938,1609745.0,AMBUJACEM.NS
2016-02-23,195.8000030517578,196.35000610351562,192.6999969482422,193.60000610351562,168.56886291503906,1271281.0,AMBUJACEM.NS
2016-02-24,193.0,194.3000030517578,190.75,191.39999389648438,166.6532440185547,905452.0,AMBUJACEM.NS
2016-02-25,190.85000610351562,192.64999389648438,187.89999389648438,188.8000030517578,164.38943481445312,2832446.0,AMBUJACEM.NS
2016-02-26,190.89999389648438,192.35000610351562,186.39999389648438,189.0,164.5635986328125,1864015.0,AMBUJACEM.NS
2016-02-29,190.0,192.0,185.0,187.9499969482422,163.64935302734375,2396243.0,AMBUJACEM.NS
2016-03-01,189.25,191.4499969482422,188.1999969482422,190.39999389648438,165.78256225585938,1759654.0,AMBUJACEM.NS
2016-03-02,193.0,197.0,191.64999389648438,195.64999389648438,170.35377502441406,1346291.0,AMBUJACEM.NS
2016-03-03,197.89999389648438,200.6999969482422,195.8000030517578,199.64999389648438,173.83660888671875,2223554.0,AMBUJACEM.NS
2016-03-04,201.8000030517578,203.1999969482422,199.5500030517578,202.39999389648438,176.23106384277344,1767133.0,AMBUJACEM.NS
2016-03-08,202.0,204.4499969482422,199.75,201.64999389648438,175.57801818847656,3088272.0,AMBUJACEM.NS
2016-03-09,201.8000030517578,205.35000610351562,201.5,204.35000610351562,177.92892456054688,4723889.0,AMBUJACEM.NS
2016-03-10,204.39999389648438,204.60000610351562,200.75,201.5,175.44740295410156,5056909.0,AMBUJACEM.NS
2016-03-11,200.0,202.64999389648438,199.64999389648438,200.6999969482422,174.7508544921875,3751968.0,AMBUJACEM.NS
2016-03-14,201.89999389648438,206.0,201.89999389648438,203.6999969482422,177.36297607421875,2540418.0,AMBUJACEM.NS
2016-03-15,204.0500030517578,206.39999389648438,202.5500030517578,204.89999389648438,178.40780639648438,2283229.0,AMBUJACEM.NS
2016-03-16,205.0,207.6999969482422,203.14999389648438,206.1999969482422,179.53976440429688,2060089.0,AMBUJACEM.NS
2016-03-17,207.5,219.89999389648438,207.5,218.14999389648438,189.94468688964844,4253989.0,AMBUJACEM.NS
2016-03-18,219.0,223.14999389648438,216.64999389648438,222.0500030517578,193.3404541015625,2980833.0,AMBUJACEM.NS
2016-03-21,222.3000030517578,233.9499969482422,221.5,231.9499969482422,201.96046447753906,5598530.0,AMBUJACEM.NS
2016-03-22,231.25,231.89999389648438,224.39999389648438,229.85000610351562,200.1319580078125,4129162.0,AMBUJACEM.NS
2016-03-23,229.8000030517578,232.89999389648438,226.25,228.25,198.73883056640625,2525210.0,AMBUJACEM.NS
2016-03-28,228.0,235.64999389648438,225.14999389648438,229.6999969482422,200.00137329101562,4176299.0,AMBUJACEM.NS
2016-03-29,231.0,233.5,226.3000030517578,230.89999389648438,201.04617309570312,2206647.0,AMBUJACEM.NS
2016-03-30,231.75,234.60000610351562,230.10000610351562,231.39999389648438,201.48153686523438,2195098.0,AMBUJACEM.NS
2016-03-31,231.6999969482422,234.0,229.6999969482422,232.5500030517578,202.4828643798828,3951966.0,AMBUJACEM.NS
2016-04-01,231.89999389648438,236.39999389648438,229.14999389648438,235.35000610351562,204.92086791992188,1438907.0,AMBUJACEM.NS
2016-04-04,236.35000610351562,236.89999389648438,230.5500030517578,231.1999969482422,201.3074188232422,1587549.0,AMBUJACEM.NS
2016-04-05,230.0,231.10000610351562,225.25,226.10000610351562,196.8668212890625,2201058.0,AMBUJACEM.NS
2016-04-06,226.85000610351562,231.0,225.75,229.0500030517578,199.43540954589844,1630990.0,AMBUJACEM.NS
2016-04-07,229.0500030517578,230.3000030517578,225.10000610351562,226.4499969482422,197.17156982421875,1036460.0,AMBUJACEM.NS
2016-04-08,225.6999969482422,231.35000610351562,223.0500030517578,225.75,196.5620574951172,2292188.0,AMBUJACEM.NS
2016-04-11,226.9499969482422,227.64999389648438,221.5,224.5500030517578,195.5172119140625,1953589.0,AMBUJACEM.NS
2016-04-12,224.5500030517578,226.35000610351562,221.5,223.75,194.82064819335938,1992521.0,AMBUJACEM.NS
2016-04-13,227.0,232.5,226.0500030517578,231.10000610351562,201.22036743164062,4045604.0,AMBUJACEM.NS
2016-04-18,234.64999389648438,234.64999389648438,227.89999389648438,228.60000610351562,199.04359436035156,2161949.0,AMBUJACEM.NS
2016-04-20,228.6999969482422,231.4499969482422,225.5500030517578,226.25,196.99742126464844,2229815.0,AMBUJACEM.NS
2016-04-21,228.10000610351562,228.39999389648438,220.10000610351562,221.14999389648438,192.55679321289062,1539176.0,AMBUJACEM.NS
2016-04-22,219.75,222.25,216.5,220.89999389648438,192.33914184570312,2644190.0,AMBUJACEM.NS
2016-04-25,223.0,224.39999389648438,221.35000610351562,223.35000610351562,194.47238159179688,1167120.0,AMBUJACEM.NS
2016-04-26,224.89999389648438,226.5,222.25,224.4499969482422,195.43014526367188,1853159.0,AMBUJACEM.NS
2016-04-27,225.60000610351562,227.6999969482422,224.0500030517578,225.3000030517578,196.1702423095703,1052496.0,AMBUJACEM.NS
2016-04-28,225.8000030517578,228.6999969482422,219.10000610351562,219.85000610351562,191.42489624023438,2041651.0,AMBUJACEM.NS
2016-04-29,223.0,224.39999389648438,219.5500030517578,221.0,192.42620849609375,2815037.0,AMBUJACEM.NS
2016-05-02,221.0500030517578,224.35000610351562,218.9499969482422,223.8000030517578,194.86419677734375,1083922.0,AMBUJACEM.NS
2016-05-03,224.35000610351562,225.9499969482422,217.8000030517578,218.60000610351562,190.33651733398438,2144066.0,AMBUJACEM.NS
2016-05-04,217.89999389648438,218.4499969482422,214.0500030517578,214.89999389648438,187.11488342285156,1684800.0,AMBUJACEM.NS
2016-05-05,214.75,217.39999389648438,212.75,215.85000610351562,187.9420623779297,1192764.0,AMBUJACEM.NS
2016-05-06,216.9499969482422,221.0500030517578,215.5,219.9499969482422,191.511962890625,2109197.0,AMBUJACEM.NS
2016-05-09,221.25,222.5,219.60000610351562,220.3000030517578,191.81671142578125,2535941.0,AMBUJACEM.NS
2016-05-10,219.25,222.75,217.5,220.39999389648438,191.90377807617188,2697582.0,AMBUJACEM.NS
2016-05-11,218.25,221.85000610351562,217.0,220.5500030517578,192.03439331054688,1385627.0,AMBUJACEM.NS
2016-05-12,220.3000030517578,222.60000610351562,219.14999389648438,221.0,192.42620849609375,702627.0,AMBUJACEM.NS
2016-05-13,220.0,221.6999969482422,216.89999389648438,217.25,189.1610565185547,1070227.0,AMBUJACEM.NS
2016-05-16,217.75,219.0,215.1999969482422,217.25,189.1610565185547,965999.0,AMBUJACEM.NS
2016-05-17,218.0,218.85000610351562,215.0,216.89999389648438,188.85629272460938,2549385.0,AMBUJACEM.NS
2016-05-18,216.1999969482422,217.25,214.35000610351562,216.64999389648438,188.6386260986328,816161.0,AMBUJACEM.NS
2016-05-19,217.0,217.0,212.14999389648438,213.64999389648438,186.02650451660156,1695453.0,AMBUJACEM.NS
2016-05-20,213.85000610351562,214.89999389648438,207.5500030517578,208.85000610351562,181.8470916748047,1384674.0,AMBUJACEM.NS
2016-05-23,210.3000030517578,213.4499969482422,208.85000610351562,212.60000610351562,185.1122589111328,1347184.0,AMBUJACEM.NS
2016-05-24,213.60000610351562,216.8000030517578,212.0,215.4499969482422,187.59378051757812,2405753.0,AMBUJACEM.NS
2016-05-25,217.25,223.25,216.1999969482422,222.39999389648438,193.6451873779297,2306509.0,AMBUJACEM.NS
2016-05-26,223.0,229.5,223.0,224.60000610351562,195.56076049804688,8149868.0,AMBUJACEM.NS
2016-05-27,226.0,232.0,226.0,230.25,200.48023986816406,5155370.0,AMBUJACEM.NS
2016-05-30,232.0,232.60000610351562,228.10000610351562,229.14999389648438,199.5224609375,1338209.0,AMBUJACEM.NS
2016-05-31,228.5,232.85000610351562,227.25,228.39999389648438,198.8694610595703,4144610.0,AMBUJACEM.NS
2016-06-01,229.0,232.8000030517578,228.5500030517578,231.35000610351562,201.43801879882812,5666522.0,AMBUJACEM.NS
2016-06-02,231.35000610351562,231.35000610351562,229.0,229.75,200.04489135742188,1578557.0,AMBUJACEM.NS
2016-06-03,230.14999389648438,233.75,228.10000610351562,228.64999389648438,199.0871124267578,2388282.0,AMBUJACEM.NS
2016-06-06,228.6999969482422,231.75,228.0500030517578,228.89999389648438,199.30477905273438,1874667.0,AMBUJACEM.NS
2016-06-07,230.0,235.0,228.64999389648438,234.25,203.96307373046875,2061597.0,AMBUJACEM.NS
2016-06-08,235.35000610351562,239.0,233.1999969482422,238.1999969482422,207.40237426757812,2491761.0,AMBUJACEM.NS
2016-06-09,239.0500030517578,239.89999389648438,231.5500030517578,231.89999389648438,201.91688537597656,1986233.0,AMBUJACEM.NS
2016-06-10,231.0,235.89999389648438,230.89999389648438,235.3000030517578,204.8773193359375,4770107.0,AMBUJACEM.NS
2016-06-13,232.0,238.8000030517578,231.5,237.35000610351562,206.66226196289062,7155871.0,AMBUJACEM.NS
2016-06-14,237.3000030517578,238.10000610351562,233.4499969482422,233.89999389648438,203.6583251953125,2441739.0,AMBUJACEM.NS
2016-06-15,234.60000610351562,239.4499969482422,233.89999389648438,238.60000610351562,207.7506561279297,2439469.0,AMBUJACEM.NS
2016-06-16,238.39999389648438,239.35000610351562,233.89999389648438,234.5,204.18077087402344,1589162.0,AMBUJACEM.NS
2016-06-17,235.10000610351562,237.1999969482422,234.0,235.89999389648438,205.39971923828125,978870.0,AMBUJACEM.NS
2016-06-20,234.75,242.6999969482422,234.39999389648438,242.0,210.71104431152344,3103000.0,AMBUJACEM.NS
2016-06-21,242.35000610351562,242.85000610351562,238.10000610351562,240.1999969482422,209.143798828125,2247740.0,AMBUJACEM.NS
2016-06-22,240.4499969482422,243.8000030517578,239.5,242.85000610351562,211.451171875,5593979.0,AMBUJACEM.NS
2016-06-23,242.8000030517578,250.89999389648438,242.75,249.89999389648438,217.58963012695312,10068647.0,AMBUJACEM.NS
2016-06-24,244.5,249.25,237.8000030517578,248.10000610351562,216.02235412597656,2400680.0,AMBUJACEM.NS
2016-06-27,247.89999389648438,255.4499969482422,247.85000610351562,254.39999389648438,221.50779724121094,3601057.0,AMBUJACEM.NS
2016-06-28,253.0,255.35000610351562,250.9499969482422,251.89999389648438,219.33102416992188,2876613.0,AMBUJACEM.NS
2016-06-29,252.8000030517578,258.5,251.75,255.89999389648438,222.81385803222656,3730629.0,AMBUJACEM.NS
2016-06-30,255.10000610351562,257.3999938964844,252.39999389648438,254.8000030517578,221.8560791015625,2354039.0,AMBUJACEM.NS
2016-07-01,255.6999969482422,257.3999938964844,252.14999389648438,252.9499969482422,220.24526977539062,1201416.0,AMBUJACEM.NS
2016-07-04,253.0,255.6999969482422,252.3000030517578,253.14999389648438,220.41944885253906,1619285.0,AMBUJACEM.NS
2016-07-05,252.60000610351562,255.9499969482422,251.75,253.5500030517578,220.7677001953125,2790794.0,AMBUJACEM.NS
2016-07-07,255.0,259.0,253.0,256.95001220703125,223.72811889648438,2048744.0,AMBUJACEM.NS
2016-07-08,257.1000061035156,261.0,256.8500061035156,258.1000061035156,224.72943115234375,1621615.0,AMBUJACEM.NS
2016-07-11,261.70001220703125,261.75,259.54998779296875,260.6499938964844,226.94970703125,1927776.0,AMBUJACEM.NS
2016-07-12,260.1000061035156,263.8500061035156,259.20001220703125,260.79998779296875,227.08030700683594,1576218.0,AMBUJACEM.NS
2016-07-13,260.79998779296875,262.95001220703125,258.79998779296875,260.6000061035156,226.90621948242188,1366007.0,AMBUJACEM.NS
2016-07-14,260.04998779296875,263.5,258.6499938964844,262.6499938964844,228.69113159179688,790661.0,AMBUJACEM.NS
2016-07-15,263.95001220703125,265.0,259.79998779296875,260.8500061035156,227.12391662597656,1179457.0,AMBUJACEM.NS
2016-07-18,261.5,262.75,258.8999938964844,259.95001220703125,226.34024047851562,1575126.0,AMBUJACEM.NS
2016-07-19,260.25,264.0,258.6499938964844,262.70001220703125,228.73468017578125,1137771.0,AMBUJACEM.NS
2016-07-20,263.20001220703125,267.1499938964844,259.6499938964844,262.0,228.12518310546875,2450710.0,AMBUJACEM.NS
2016-07-21,263.0,267.70001220703125,262.79998779296875,265.8999938964844,231.52093505859375,2164365.0,AMBUJACEM.NS
2016-07-22,267.0,267.04998779296875,262.29998779296875,265.04998779296875,230.7808380126953,628541.0,AMBUJACEM.NS
2016-07-25,265.45001220703125,269.3999938964844,264.29998779296875,269.0,234.2201690673828,983068.0,AMBUJACEM.NS
2016-07-26,271.20001220703125,274.0,268.20001220703125,269.79998779296875,234.91668701171875,2261427.0,AMBUJACEM.NS
2016-07-27,278.0,278.0,266.3999938964844,268.0,233.3494415283203,5029755.0,AMBUJACEM.NS
2016-07-28,269.0,273.8500061035156,266.20001220703125,271.54998779296875,236.4404296875,2946512.0,AMBUJACEM.NS
2016-07-29,272.3999938964844,274.8999938964844,269.1499938964844,271.25,236.17921447753906,1313996.0,AMBUJACEM.NS
2016-08-01,271.6499938964844,272.95001220703125,269.3500061035156,271.0,235.9615478515625,1126254.0,AMBUJACEM.NS
2016-08-02,269.79998779296875,270.6000061035156,262.95001220703125,263.8500061035156,231.10043334960938,1581110.0,AMBUJACEM.NS
2016-08-03,265.20001220703125,266.95001220703125,259.8500061035156,262.5,229.91798400878906,2730261.0,AMBUJACEM.NS
2016-08-04,265.8999938964844,265.8999938964844,261.8999938964844,264.3999938964844,231.58212280273438,1128677.0,AMBUJACEM.NS
2016-08-05,265.1000061035156,276.6499938964844,265.1000061035156,275.8999938964844,241.65475463867188,2703051.0,AMBUJACEM.NS
2016-08-08,275.3999938964844,277.75,271.8999938964844,276.5,242.18028259277344,2391360.0,AMBUJACEM.NS
2016-08-09,277.0,277.0,267.70001220703125,270.5,236.9250030517578,2564563.0,AMBUJACEM.NS
2016-08-10,271.20001220703125,271.20001220703125,259.0,260.45001220703125,228.12245178222656,3625493.0,AMBUJACEM.NS
2016-08-11,263.0,264.0,256.25,259.70001220703125,227.46554565429688,3841083.0,AMBUJACEM.NS
2016-08-12,260.45001220703125,265.5,260.45001220703125,264.5,231.66973876953125,1527202.0,AMBUJACEM.NS
2016-08-16,265.25,270.45001220703125,263.20001220703125,269.6499938964844,236.1805419921875,7699939.0,AMBUJACEM.NS
2016-08-17,268.0,271.95001220703125,264.8999938964844,269.75,236.2681121826172,1319046.0,AMBUJACEM.NS
2016-08-18,272.25,274.8500061035156,269.6499938964844,272.1000061035156,238.326416015625,1825211.0,AMBUJACEM.NS
2016-08-19,272.75,277.6000061035156,272.0,276.45001220703125,242.1365203857422,2054831.0,AMBUJACEM.NS
2016-08-22,275.3500061035156,277.3500061035156,270.0,271.29998779296875,237.62570190429688,1097012.0,AMBUJACEM.NS
2016-08-23,269.79998779296875,273.95001220703125,265.3999938964844,271.0,237.36294555664062,1487494.0,AMBUJACEM.NS
2016-08-24,270.79998779296875,270.95001220703125,265.0,267.1000061035156,233.94703674316406,1248576.0,AMBUJACEM.NS
2016-08-25,267.6000061035156,270.5,262.54998779296875,265.0,232.1077117919922,5272138.0,AMBUJACEM.NS
2016-08-26,265.0,268.8999938964844,262.20001220703125,266.1499938964844,233.1149444580078,1427315.0,AMBUJACEM.NS
2016-08-29,265.0,265.8999938964844,262.45001220703125,264.20001220703125,231.40701293945312,804577.0,AMBUJACEM.NS
2016-08-30,265.79998779296875,278.3999938964844,264.79998779296875,275.04998779296875,240.91024780273438,3635226.0,AMBUJACEM.NS
2016-08-31,275.04998779296875,281.70001220703125,275.0,277.95001220703125,243.4503173828125,8488820.0,AMBUJACEM.NS
2016-09-01,273.70001220703125,278.8500061035156,272.3999938964844,277.0,242.61822509765625,3369272.0,AMBUJACEM.NS
2016-09-02,275.1000061035156,278.75,273.3500061035156,276.3500061035156,242.04891967773438,1481785.0,AMBUJACEM.NS
2016-09-06,279.0,279.3500061035156,275.70001220703125,277.3999938964844,242.9685821533203,1601423.0,AMBUJACEM.NS
2016-09-07,277.5,278.8500061035156,273.20001220703125,274.0,239.99057006835938,3232463.0,AMBUJACEM.NS
2016-09-08,274.04998779296875,278.0,273.6499938964844,275.95001220703125,241.69854736328125,2096981.0,AMBUJACEM.NS
2016-09-09,275.5,276.1000061035156,271.5,272.6499938964844,238.80813598632812,1727563.0,AMBUJACEM.NS
2016-09-12,269.1000061035156,269.8500061035156,259.0,259.8500061035156,227.596923828125,1068330.0,AMBUJACEM.NS
2016-09-14,260.0,266.0,260.0,264.04998779296875,231.2755889892578,2426881.0,AMBUJACEM.NS
2016-09-15,263.20001220703125,264.79998779296875,257.6000061035156,260.6499938964844,228.297607421875,1956420.0,AMBUJACEM.NS
2016-09-16,262.75,266.95001220703125,261.54998779296875,262.3999938964844,229.8303985595703,2048885.0,AMBUJACEM.NS
2016-09-19,263.5,268.6000061035156,262.75,267.1000061035156,233.94703674316406,1626067.0,AMBUJACEM.NS
2016-09-20,267.3500061035156,269.29998779296875,264.54998779296875,267.20001220703125,234.03460693359375,1718370.0,AMBUJACEM.NS
2016-09-21,267.1000061035156,269.29998779296875,263.0,264.3999938964844,231.58212280273438,1487530.0,AMBUJACEM.NS
2016-09-22,266.6000061035156,268.6000061035156,263.6000061035156,265.54998779296875,232.58938598632812,1727116.0,AMBUJACEM.NS
2016-09-23,266.0,266.0,258.1499938964844,259.0,226.85240173339844,2209059.0,AMBUJACEM.NS
2016-09-26,256.3999938964844,257.70001220703125,253.4499969482422,254.85000610351562,223.217529296875,2197248.0,AMBUJACEM.NS
2016-09-27,254.85000610351562,261.3999938964844,252.3000030517578,258.1499938964844,226.10791015625,3217108.0,AMBUJACEM.NS
2016-09-28,256.79998779296875,262.0,256.79998779296875,260.79998779296875,228.42898559570312,1300572.0,AMBUJACEM.NS
2016-09-29,263.0,263.0,253.35000610351562,254.5,222.91098022460938,3691665.0,AMBUJACEM.NS
2016-09-30,255.8000030517578,255.8000030517578,249.5500030517578,251.75,220.50233459472656,2507938.0,AMBUJACEM.NS
2016-10-03,253.39999389648438,259.5,253.0,258.8999938964844,226.76483154296875,1887091.0,AMBUJACEM.NS
2016-10-04,261.0,261.0,254.35000610351562,256.1499938964844,224.35614013671875,1959624.0,AMBUJACEM.NS
2016-10-05,257.0,257.75,253.0500030517578,256.1499938964844,224.35614013671875,2378894.0,AMBUJACEM.NS
2016-10-06,258.04998779296875,258.79998779296875,250.25,252.64999389648438,221.29058837890625,2156677.0,AMBUJACEM.NS
2016-10-07,252.0,254.0,249.25,252.8000030517578,221.4219970703125,944786.0,AMBUJACEM.NS
2016-10-10,254.0,258.29998779296875,253.5500030517578,257.0,225.10067749023438,2052030.0,AMBUJACEM.NS
2016-10-13,255.0,255.64999389648438,250.3000030517578,252.5500030517578,221.2030029296875,1326731.0,AMBUJACEM.NS
2016-10-14,252.5,254.9499969482422,251.75,252.9499969482422,221.5533447265625,741714.0,AMBUJACEM.NS
2016-10-17,253.1999969482422,253.75,245.10000610351562,246.39999389648438,215.8163604736328,1089984.0,AMBUJACEM.NS
2016-10-18,246.1999969482422,252.3000030517578,244.10000610351562,251.10000610351562,219.93299865722656,2689051.0,AMBUJACEM.NS
2016-10-19,251.5,253.6999969482422,249.0,251.14999389648438,219.97677612304688,1045041.0,AMBUJACEM.NS
2016-10-20,252.39999389648438,255.3000030517578,251.10000610351562,253.0500030517578,221.64096069335938,2187759.0,AMBUJACEM.NS
2016-10-21,252.0500030517578,253.89999389648438,245.10000610351562,247.0,216.3418731689453,1340192.0,AMBUJACEM.NS
2016-10-24,247.9499969482422,249.3000030517578,245.8000030517578,247.39999389648438,216.69224548339844,764022.0,AMBUJACEM.NS
2016-10-25,248.25,249.5,246.25,248.35000610351562,217.52432250976562,868665.0,AMBUJACEM.NS
2016-10-26,248.0,249.5500030517578,246.3000030517578,248.64999389648438,217.78707885742188,1378812.0,AMBUJACEM.NS
2016-10-27,249.25,249.25,242.5500030517578,243.35000610351562,213.1449432373047,9951930.0,AMBUJACEM.NS
2016-10-28,243.1999969482422,243.1999969482422,240.39999389648438,241.39999389648438,211.4369659423828,8345630.0,AMBUJACEM.NS
2016-11-01,239.6999969482422,245.6999969482422,238.5,244.5,214.1521759033203,4536782.0,AMBUJACEM.NS
2016-11-02,242.75,244.5,239.89999389648438,240.60000610351562,210.7362823486328,2117728.0,AMBUJACEM.NS
2016-11-03,240.0,245.39999389648438,235.5500030517578,243.10000610351562,212.92599487304688,8480593.0,AMBUJACEM.NS
2016-11-04,242.9499969482422,245.89999389648438,238.0500030517578,240.85000610351562,210.9552459716797,3607951.0,AMBUJACEM.NS
2016-11-07,242.4499969482422,247.4499969482422,241.14999389648438,241.6999969482422,211.69972229003906,1864133.0,AMBUJACEM.NS
2016-11-08,242.4499969482422,245.35000610351562,241.8000030517578,244.64999389648438,214.2835693359375,1154383.0,AMBUJACEM.NS
2016-11-09,230.0,235.0,221.0,230.8000030517578,202.15264892578125,3758610.0,AMBUJACEM.NS
2016-11-10,234.5,236.0,230.0500030517578,230.9499969482422,202.2840576171875,2307162.0,AMBUJACEM.NS
2016-11-11,229.39999389648438,229.39999389648438,218.64999389648438,219.5500030517578,192.29905700683594,3015979.0,AMBUJACEM.NS
2016-11-15,222.1999969482422,228.0,207.60000610351562,208.5500030517578,182.6643829345703,6762551.0,AMBUJACEM.NS
2016-11-16,212.5,213.0,201.25,202.25,177.14633178710938,6974899.0,AMBUJACEM.NS
2016-11-17,200.75,201.64999389648438,192.60000610351562,194.0500030517578,169.9641571044922,5780478.0,AMBUJACEM.NS
2016-11-18,195.25,199.9499969482422,191.85000610351562,198.8000030517578,174.1245574951172,3710895.0,AMBUJACEM.NS
2016-11-21,200.9499969482422,200.9499969482422,193.0,193.60000610351562,169.5700225830078,2867373.0,AMBUJACEM.NS
2016-11-22,196.64999389648438,197.0500030517578,191.0,195.4499969482422,171.1903533935547,1928825.0,AMBUJACEM.NS
2016-11-23,198.0500030517578,199.3000030517578,193.75,198.0500030517578,173.46768188476562,2378798.0,AMBUJACEM.NS
2016-11-24,196.0,207.0,195.10000610351562,201.25,176.27047729492188,4846094.0,AMBUJACEM.NS
2016-11-25,200.5,204.0,198.5,203.0,177.80323791503906,3346339.0,AMBUJACEM.NS
2016-11-28,203.0,205.8000030517578,200.0,204.1999969482422,178.85430908203125,2608101.0,AMBUJACEM.NS
2016-11-29,205.39999389648438,207.3000030517578,203.9499969482422,205.0500030517578,179.5988006591797,3137705.0,AMBUJACEM.NS
2016-11-30,208.0,211.4499969482422,205.39999389648438,210.8000030517578,184.6350860595703,5187692.0,AMBUJACEM.NS
2016-12-01,211.89999389648438,212.64999389648438,206.0500030517578,206.89999389648438,181.21914672851562,1385541.0,AMBUJACEM.NS
2016-12-02,205.0,207.8000030517578,204.0,205.0500030517578,179.5988006591797,2361842.0,AMBUJACEM.NS
2016-12-05,205.39999389648438,211.35000610351562,204.3000030517578,210.14999389648438,184.06576538085938,1735522.0,AMBUJACEM.NS
2016-12-06,210.89999389648438,212.0,209.3000030517578,210.60000610351562,184.45993041992188,1484899.0,AMBUJACEM.NS
2016-12-07,211.0,214.39999389648438,208.39999389648438,209.25,183.27748107910156,1400139.0,AMBUJACEM.NS
2016-12-08,210.25,216.6999969482422,210.25,213.89999389648438,187.35031127929688,1977604.0,AMBUJACEM.NS
2016-12-09,214.5,217.1999969482422,212.0,216.0500030517578,189.23345947265625,1771357.0,AMBUJACEM.NS
2016-12-12,212.9499969482422,214.8000030517578,207.3000030517578,208.35000610351562,182.48919677734375,1120383.0,AMBUJACEM.NS
2016-12-13,209.0,209.85000610351562,205.89999389648438,206.39999389648438,180.78123474121094,1061287.0,AMBUJACEM.NS
2016-12-14,206.14999389648438,207.0,204.6999969482422,205.25,179.7740020751953,1515452.0,AMBUJACEM.NS
2016-12-15,203.8000030517578,206.4499969482422,200.5500030517578,201.85000610351562,176.7960205078125,1431281.0,AMBUJACEM.NS
2016-12-16,202.60000610351562,203.4499969482422,199.89999389648438,202.4499969482422,177.32150268554688,1623830.0,AMBUJACEM.NS
2016-12-19,201.10000610351562,204.0,200.3000030517578,201.14999389648438,176.182861328125,1049084.0,AMBUJACEM.NS
2016-12-20,201.6999969482422,206.0,201.14999389648438,205.35000610351562,179.86155700683594,1657227.0,AMBUJACEM.NS
2016-12-21,205.0,205.89999389648438,201.60000610351562,202.14999389648438,177.05874633789062,933162.0,AMBUJACEM.NS
2016-12-22,201.6999969482422,203.4499969482422,198.14999389648438,199.9499969482422,175.13182067871094,855815.0,AMBUJACEM.NS
2016-12-23,199.89999389648438,202.14999389648438,198.60000610351562,200.0500030517578,175.21939086914062,1270774.0,AMBUJACEM.NS
2016-12-26,199.8000030517578,200.89999389648438,197.0,198.35000610351562,173.7304229736328,688512.0,AMBUJACEM.NS
2016-12-27,198.39999389648438,203.25,198.0,202.89999389648438,177.71566772460938,811268.0,AMBUJACEM.NS
2016-12-28,203.10000610351562,204.75,200.8000030517578,201.25,176.27047729492188,1319957.0,AMBUJACEM.NS
2016-12-29,202.25,204.6999969482422,200.60000610351562,203.89999389648438,178.59153747558594,1088592.0,AMBUJACEM.NS
2016-12-30,202.5,207.64999389648438,202.5,206.3000030517578,180.69363403320312,835096.0,AMBUJACEM.NS
2017-01-02,209.0,215.4499969482422,209.0,214.60000610351562,187.9634246826172,1715063.0,AMBUJACEM.NS
2017-01-03,215.0,216.85000610351562,214.0,215.1999969482422,188.4889678955078,1544119.0,AMBUJACEM.NS
2017-01-04,215.6999969482422,218.1999969482422,211.25,212.14999389648438,185.81752014160156,2063229.0,AMBUJACEM.NS
2017-01-05,213.10000610351562,214.85000610351562,210.89999389648438,214.35000610351562,187.74449157714844,1267500.0,AMBUJACEM.NS
2017-01-06,214.6999969482422,215.4499969482422,212.0,212.60000610351562,186.211669921875,836675.0,AMBUJACEM.NS
2017-01-09,214.60000610351562,214.60000610351562,210.35000610351562,210.6999969482422,184.54751586914062,484422.0,AMBUJACEM.NS
2017-01-10,212.64999389648438,212.64999389648438,208.10000610351562,209.39999389648438,183.40884399414062,1300113.0,AMBUJACEM.NS
2017-01-11,211.5,216.5,210.35000610351562,215.85000610351562,189.05828857421875,2074058.0,AMBUJACEM.NS
2017-01-12,217.10000610351562,217.89999389648438,213.3000030517578,214.25,187.65687561035156,1073953.0,AMBUJACEM.NS
2017-01-13,213.9499969482422,215.0,211.6999969482422,213.25,186.781005859375,498983.0,AMBUJACEM.NS
2017-01-16,216.0,216.0,211.60000610351562,212.5,186.12408447265625,851558.0,AMBUJACEM.NS
2017-01-17,213.10000610351562,213.60000610351562,210.5500030517578,212.89999389648438,186.4744415283203,1035770.0,AMBUJACEM.NS
2017-01-18,213.60000610351562,219.5,213.3000030517578,217.5500030517578,190.54730224609375,2843646.0,AMBUJACEM.NS
2017-01-19,218.3000030517578,221.35000610351562,216.75,220.35000610351562,192.99974060058594,2242082.0,AMBUJACEM.NS
2017-01-20,218.10000610351562,220.64999389648438,216.0,217.6999969482422,190.67864990234375,3285021.0,AMBUJACEM.NS
2017-01-23,217.39999389648438,221.8000030517578,217.0500030517578,220.10000610351562,192.78079223632812,1106903.0,AMBUJACEM.NS
2017-01-24,221.8000030517578,224.0,220.25,223.39999389648438,195.67115783691406,2036543.0,AMBUJACEM.NS
2017-01-25,225.4499969482422,230.0,223.89999389648438,229.14999389648438,200.7074432373047,2727761.0,AMBUJACEM.NS
2017-01-27,229.6999969482422,233.5,229.60000610351562,232.8000030517578,203.90440368652344,2174191.0,AMBUJACEM.NS
2017-01-30,231.35000610351562,233.14999389648438,228.10000610351562,229.4499969482422,200.97021484375,874850.0,AMBUJACEM.NS
2017-01-31,231.14999389648438,231.14999389648438,226.14999389648438,229.0500030517578,200.619873046875,1633654.0,AMBUJACEM.NS
2017-02-01,229.35000610351562,236.5,229.0,234.39999389648438,205.30581665039062,2228274.0,AMBUJACEM.NS
2017-02-02,235.0,235.60000610351562,230.5,231.60000610351562,202.8533477783203,1488349.0,AMBUJACEM.NS
2017-02-03,231.5,231.9499969482422,228.1999969482422,229.25,200.79505920410156,831310.0,AMBUJACEM.NS
2017-02-06,230.3000030517578,242.8000030517578,228.5,239.60000610351562,209.8603973388672,5393544.0,AMBUJACEM.NS
2017-02-07,240.89999389648438,242.0,234.14999389648438,234.85000610351562,205.69998168945312,1433247.0,AMBUJACEM.NS
2017-02-08,235.10000610351562,242.0,235.0,238.64999389648438,209.02828979492188,2588609.0,AMBUJACEM.NS
2017-02-09,239.10000610351562,244.89999389648438,237.0,238.39999389648438,208.809326171875,1958912.0,AMBUJACEM.NS
2017-02-10,238.39999389648438,241.3000030517578,235.6999969482422,237.5500030517578,208.06484985351562,1136518.0,AMBUJACEM.NS
2017-02-13,238.0,241.6999969482422,233.5,239.1999969482422,209.51004028320312,1610639.0,AMBUJACEM.NS
2017-02-14,239.14999389648438,239.6999969482422,234.64999389648438,237.8000030517578,208.28382873535156,1109494.0,AMBUJACEM.NS
2017-02-15,237.60000610351562,238.85000610351562,232.8000030517578,235.0500030517578,205.8751220703125,1068726.0,AMBUJACEM.NS
2017-02-16,232.85000610351562,236.85000610351562,232.85000610351562,235.64999389648438,206.40065002441406,1253416.0,AMBUJACEM.NS
2017-02-17,236.1999969482422,239.8000030517578,234.39999389648438,238.1999969482422,208.63414001464844,994116.0,AMBUJACEM.NS
2017-02-20,239.0,241.39999389648438,237.25,239.39999389648438,209.68519592285156,1414109.0,AMBUJACEM.NS
2017-02-21,238.0,239.60000610351562,232.75,238.9499969482422,209.2910614013672,3463345.0,AMBUJACEM.NS
2017-02-22,238.39999389648438,239.0,232.8000030517578,233.14999389648438,204.21096801757812,1424660.0,AMBUJACEM.NS
2017-02-23,233.5500030517578,234.4499969482422,231.0500030517578,232.0,203.20372009277344,2648601.0,AMBUJACEM.NS
2017-02-27,231.8000030517578,232.0,226.60000610351562,229.89999389648438,201.36436462402344,1944289.0,AMBUJACEM.NS
2017-02-28,230.64999389648438,230.64999389648438,226.25,229.35000610351562,200.8826141357422,3643448.0,AMBUJACEM.NS
2017-03-01,228.8000030517578,230.89999389648438,228.0,228.85000610351562,200.44468688964844,1500099.0,AMBUJACEM.NS
2017-03-02,229.25,233.5,227.5500030517578,228.60000610351562,200.22573852539062,2028929.0,AMBUJACEM.NS
2017-03-03,228.0,230.1999969482422,224.5,225.39999389648438,197.42291259765625,1834150.0,AMBUJACEM.NS
2017-03-06,225.0,227.25,224.39999389648438,224.9499969482422,197.0287628173828,1354047.0,AMBUJACEM.NS
2017-03-07,224.9499969482422,225.89999389648438,223.6999969482422,224.8000030517578,196.8973846435547,1237467.0,AMBUJACEM.NS
2017-03-08,225.0,227.6999969482422,222.89999389648438,225.25,197.2915496826172,1509986.0,AMBUJACEM.NS
2017-03-09,223.89999389648438,227.6999969482422,223.10000610351562,227.14999389648438,198.95571899414062,1284718.0,AMBUJACEM.NS
2017-03-10,227.5,230.0,227.0,229.0500030517578,200.619873046875,1069153.0,AMBUJACEM.NS
2017-03-14,234.0,234.89999389648438,231.0,233.6999969482422,204.6927032470703,1695627.0,AMBUJACEM.NS
2017-03-15,233.8000030517578,235.35000610351562,232.0,233.0,204.07958984375,1878148.0,AMBUJACEM.NS
2017-03-16,233.8000030517578,236.1999969482422,232.75,235.39999389648438,207.24903869628906,1385524.0,AMBUJACEM.NS
2017-03-17,236.25,236.39999389648438,231.8000030517578,234.10000610351562,206.1045379638672,2156569.0,AMBUJACEM.NS
2017-03-20,234.1999969482422,235.14999389648438,232.3000030517578,234.1999969482422,206.19256591796875,938903.0,AMBUJACEM.NS
2017-03-21,234.1999969482422,238.35000610351562,234.1999969482422,237.14999389648438,208.78977966308594,1673926.0,AMBUJACEM.NS
2017-03-22,236.0,236.0,231.5500030517578,233.0,205.13609313964844,1517447.0,AMBUJACEM.NS
2017-03-23,233.39999389648438,234.89999389648438,230.89999389648438,232.64999389648438,204.8279266357422,1252511.0,AMBUJACEM.NS
2017-03-24,233.10000610351562,234.4499969482422,228.85000610351562,229.89999389648438,202.40679931640625,1614604.0,AMBUJACEM.NS
2017-03-27,229.8000030517578,230.0,226.9499969482422,227.60000610351562,200.38185119628906,1781771.0,AMBUJACEM.NS
2017-03-28,227.9499969482422,230.25,227.35000610351562,228.35000610351562,201.04214477539062,1396538.0,AMBUJACEM.NS
2017-03-29,228.60000610351562,231.8000030517578,228.5,230.64999389648438,203.06710815429688,1942783.0,AMBUJACEM.NS
2017-03-30,230.64999389648438,236.0,228.75,234.0,206.01651000976562,3539094.0,AMBUJACEM.NS
2017-03-31,234.0,237.4499969482422,232.5500030517578,236.64999389648438,208.34957885742188,2172143.0,AMBUJACEM.NS
2017-04-03,239.14999389648438,242.0,235.0,237.5500030517578,209.1419677734375,2178311.0,AMBUJACEM.NS
2017-04-05,238.9499969482422,240.14999389648438,236.5500030517578,238.75,210.19845581054688,1693179.0,AMBUJACEM.NS
2017-04-06,239.25,245.3000030517578,236.25,243.35000610351562,214.2483673095703,2881107.0,AMBUJACEM.NS
2017-04-07,242.60000610351562,246.5,241.0500030517578,242.4499969482422,213.45594787597656,2654510.0,AMBUJACEM.NS
2017-04-10,244.25,245.60000610351562,242.0,244.89999389648438,215.6129913330078,1886939.0,AMBUJACEM.NS
2017-04-11,243.5,250.5,242.85000610351562,248.89999389648438,219.1346435546875,1952615.0,AMBUJACEM.NS
2017-04-12,249.39999389648438,252.75,246.5,249.10000610351562,219.3107147216797,3115592.0,AMBUJACEM.NS
2017-04-13,248.0,250.6999969482422,244.39999389648438,245.1999969482422,215.87710571289062,1148283.0,AMBUJACEM.NS
2017-04-17,244.60000610351562,247.75,240.64999389648438,246.85000610351562,217.32980346679688,1336022.0,AMBUJACEM.NS
2017-04-18,247.1999969482422,248.85000610351562,239.5500030517578,240.75,211.9592742919922,1923359.0,AMBUJACEM.NS
2017-04-19,240.6999969482422,241.89999389648438,236.8000030517578,240.14999389648438,211.43104553222656,3524341.0,AMBUJACEM.NS
2017-04-20,241.10000610351562,246.1999969482422,240.14999389648438,241.10000610351562,212.26744079589844,4090611.0,AMBUJACEM.NS
2017-04-21,241.5,243.0,238.0,239.39999389648438,210.77072143554688,2063116.0,AMBUJACEM.NS
2017-04-24,240.35000610351562,250.0,240.35000610351562,246.6999969482422,217.19773864746094,8783579.0,AMBUJACEM.NS
2017-04-25,248.0,250.0,245.5,246.39999389648438,216.93359375,3652900.0,AMBUJACEM.NS
2017-04-26,247.3000030517578,251.0,243.39999389648438,246.0,216.5814666748047,3337224.0,AMBUJACEM.NS
2017-04-27,246.35000610351562,250.5500030517578,243.64999389648438,249.5,219.6628875732422,4294652.0,AMBUJACEM.NS
2017-04-28,249.8000030517578,249.8000030517578,243.8000030517578,245.89999389648438,216.493408203125,5255357.0,AMBUJACEM.NS
2017-05-02,244.60000610351562,245.0,235.5500030517578,241.8000030517578,212.88369750976562,4524291.0,AMBUJACEM.NS
2017-05-03,242.75,247.5,240.8000030517578,242.5500030517578,213.54400634765625,2293214.0,AMBUJACEM.NS
2017-05-04,243.0,245.0,240.10000610351562,243.89999389648438,214.73255920410156,1670754.0,AMBUJACEM.NS
2017-05-05,243.35000610351562,247.89999389648438,240.25,246.5500030517578,217.06565856933594,2543955.0,AMBUJACEM.NS
2017-05-08,258.8999938964844,270.8500061035156,258.0,260.75,229.56752014160156,24262308.0,AMBUJACEM.NS
2017-05-09,259.0,262.3999938964844,256.3999938964844,257.54998779296875,226.7501983642578,5049653.0,AMBUJACEM.NS
2017-05-10,258.8500061035156,260.3999938964844,255.14999389648438,259.70001220703125,228.64309692382812,3553905.0,AMBUJACEM.NS
2017-05-11,260.20001220703125,264.20001220703125,257.29998779296875,260.29998779296875,229.1713409423828,3705195.0,AMBUJACEM.NS
2017-05-12,260.0,260.0,255.85000610351562,258.3999938964844,227.49856567382812,1880787.0,AMBUJACEM.NS
2017-05-15,258.29998779296875,263.5,255.60000610351562,258.1499938964844,227.2784423828125,8669217.0,AMBUJACEM.NS
2017-05-16,258.5,262.54998779296875,258.5,260.6499938964844,229.47947692871094,3788577.0,AMBUJACEM.NS
2017-05-17,260.25,260.25,257.0,258.0,227.1464080810547,4352685.0,AMBUJACEM.NS
2017-05-18,256.1000061035156,256.1499938964844,251.10000610351562,252.1999969482422,222.04000854492188,1506862.0,AMBUJACEM.NS
2017-05-19,252.3000030517578,256.0,250.25,251.25,221.20361328125,2197778.0,AMBUJACEM.NS
2017-05-22,252.25,253.0,242.10000610351562,243.35000610351562,214.2483673095703,2517117.0,AMBUJACEM.NS
2017-05-23,244.0,244.6999969482422,237.64999389648438,239.8000030517578,211.12289428710938,2556514.0,AMBUJACEM.NS
2017-05-24,239.8000030517578,240.39999389648438,233.0500030517578,235.3000030517578,207.16104125976562,2125257.0,AMBUJACEM.NS
2017-05-25,235.3000030517578,241.89999389648438,233.14999389648438,240.0500030517578,211.343017578125,1912885.0,AMBUJACEM.NS
2017-05-26,240.0,243.0,238.1999969482422,240.39999389648438,211.651123046875,2050152.0,AMBUJACEM.NS
2017-05-29,240.10000610351562,243.75,239.10000610351562,240.25,211.51907348632812,1067127.0,AMBUJACEM.NS
2017-05-30,240.0,244.25,237.3000030517578,242.4499969482422,213.45594787597656,2348911.0,AMBUJACEM.NS
2017-05-31,243.64999389648438,244.8000030517578,240.0,241.25,212.3994598388672,3097509.0,AMBUJACEM.NS
2017-06-01,240.0,243.3000030517578,239.75,240.35000610351562,211.60711669921875,1610540.0,AMBUJACEM.NS
2017-06-02,241.60000610351562,243.0,239.5,240.4499969482422,211.69512939453125,2142258.0,AMBUJACEM.NS
2017-06-05,241.9499969482422,241.9499969482422,239.5500030517578,240.35000610351562,211.60711669921875,966410.0,AMBUJACEM.NS
2017-06-06,241.14999389648438,241.1999969482422,234.0,235.0500030517578,206.94090270996094,1884219.0,AMBUJACEM.NS
2017-06-07,234.1999969482422,237.89999389648438,234.1999969482422,236.60000610351562,208.30557250976562,1376882.0,AMBUJACEM.NS
2017-06-08,237.10000610351562,239.14999389648438,234.60000610351562,235.0,206.89691162109375,1605121.0,AMBUJACEM.NS
2017-06-09,235.39999389648438,236.0,232.0500030517578,235.0500030517578,206.94090270996094,1013263.0,AMBUJACEM.NS
2017-06-12,234.5500030517578,236.14999389648438,230.0500030517578,230.64999389648438,203.06710815429688,2245461.0,AMBUJACEM.NS
2017-06-13,231.5500030517578,233.9499969482422,230.4499969482422,231.25,203.59536743164062,1295348.0,AMBUJACEM.NS
2017-06-14,231.89999389648438,234.6999969482422,228.6999969482422,234.0500030517578,206.0605010986328,1635872.0,AMBUJACEM.NS
2017-06-15,236.0,236.60000610351562,231.3000030517578,236.10000610351562,207.8653564453125,4396221.0,AMBUJACEM.NS
2017-06-16,235.5,238.5500030517578,234.0,237.25,208.87782287597656,4001169.0,AMBUJACEM.NS
2017-06-19,238.3000030517578,239.64999389648438,237.14999389648438,237.8000030517578,209.36209106445312,865666.0,AMBUJACEM.NS
2017-06-20,238.0,242.10000610351562,236.5,241.1999969482422,212.35546875,2335353.0,AMBUJACEM.NS
2017-06-21,240.0,241.35000610351562,237.5,240.35000610351562,211.60711669921875,2413141.0,AMBUJACEM.NS
2017-06-22,240.85000610351562,246.89999389648438,240.85000610351562,244.9499969482422,215.65701293945312,4917780.0,AMBUJACEM.NS
2017-06-23,243.5,245.25,240.4499969482422,243.3000030517578,214.20431518554688,2469136.0,AMBUJACEM.NS
2017-06-27,243.1999969482422,244.64999389648438,237.9499969482422,240.75,211.9592742919922,2654226.0,AMBUJACEM.NS
2017-06-28,240.8000030517578,246.4499969482422,237.0500030517578,245.64999389648438,216.27328491210938,3461166.0,AMBUJACEM.NS
2017-06-29,245.64999389648438,248.89999389648438,244.1999969482422,246.89999389648438,217.3738250732422,6508472.0,AMBUJACEM.NS
2017-06-30,246.39999389648438,247.75,244.39999389648438,246.5500030517578,217.06565856933594,3444695.0,AMBUJACEM.NS
2017-07-03,246.39999389648438,249.64999389648438,245.60000610351562,247.4499969482422,217.85806274414062,3166023.0,AMBUJACEM.NS
2017-07-04,252.0,252.6999969482422,248.10000610351562,249.10000610351562,219.3107147216797,3624710.0,AMBUJACEM.NS
2017-07-05,249.64999389648438,254.5,248.5500030517578,253.25,222.9644317626953,2653067.0,AMBUJACEM.NS
2017-07-06,254.8000030517578,258.20001220703125,253.1999969482422,256.6000061035156,225.913818359375,2680640.0,AMBUJACEM.NS
2017-07-07,256.5,256.5,251.35000610351562,253.4499969482422,223.14051818847656,1668483.0,AMBUJACEM.NS
2017-07-10,254.0,255.3000030517578,230.75,254.39999389648438,223.9768829345703,179284.0,AMBUJACEM.NS
2017-07-11,254.60000610351562,257.29998779296875,253.14999389648438,255.14999389648438,224.63720703125,2464271.0,AMBUJACEM.NS
2017-07-12,256.0,261.79998779296875,256.0,261.0,229.78759765625,1859209.0,AMBUJACEM.NS
2017-07-13,262.0,263.95001220703125,260.3500061035156,263.1499938964844,231.6805419921875,2101852.0,AMBUJACEM.NS
2017-07-14,262.8999938964844,263.8999938964844,259.70001220703125,261.8999938964844,230.57998657226562,2298401.0,AMBUJACEM.NS
2017-07-17,262.54998779296875,267.5,262.29998779296875,266.1499938964844,234.32174682617188,1049035.0,AMBUJACEM.NS
2017-07-18,268.3999938964844,271.0,265.0,266.25,234.40977478027344,2615130.0,AMBUJACEM.NS
2017-07-19,267.04998779296875,268.0,262.0,264.6000061035156,232.95712280273438,2569184.0,AMBUJACEM.NS
2017-07-20,265.0,270.79998779296875,260.5,261.6000061035156,230.31588745117188,3702155.0,AMBUJACEM.NS
2017-07-21,262.1000061035156,268.3999938964844,260.1000061035156,266.1000061035156,234.27774047851562,1399985.0,AMBUJACEM.NS
2017-07-24,267.70001220703125,269.0,264.75,268.1000061035156,236.03857421875,1786012.0,AMBUJACEM.NS
2017-07-25,275.0,275.0,265.3999938964844,267.79998779296875,235.7744140625,5705127.0,AMBUJACEM.NS
2017-07-26,267.45001220703125,267.6499938964844,264.0,264.8999938964844,233.2212371826172,1699994.0,AMBUJACEM.NS
2017-07-27,264.8999938964844,266.5,263.79998779296875,264.6000061035156,232.95712280273438,2277932.0,AMBUJACEM.NS
2017-07-28,264.25,267.70001220703125,260.8500061035156,262.6000061035156,231.19630432128906,1754006.0,AMBUJACEM.NS
2017-07-31,262.5,265.0,261.5,263.1499938964844,231.6805419921875,1524550.0,AMBUJACEM.NS
2017-08-01,264.3999938964844,266.5,259.79998779296875,260.79998779296875,229.6115264892578,2370928.0,AMBUJACEM.NS
2017-08-02,259.8999938964844,267.8999938964844,258.1000061035156,266.6000061035156,236.16683959960938,2324968.0,AMBUJACEM.NS
2017-08-03,266.5,273.0,264.0,272.1000061035156,241.03897094726562,3813836.0,AMBUJACEM.NS
2017-08-04,271.3500061035156,278.20001220703125,269.29998779296875,277.45001220703125,245.77825927734375,4142004.0,AMBUJACEM.NS
2017-08-07,276.70001220703125,281.45001220703125,272.5,279.5,247.59422302246094,1632831.0,AMBUJACEM.NS
2017-08-08,278.0,280.75,273.3500061035156,274.1499938964844,242.85494995117188,921821.0,AMBUJACEM.NS
2017-08-09,272.8999938964844,274.79998779296875,270.25,273.20001220703125,242.01341247558594,949202.0,AMBUJACEM.NS
2017-08-10,272.0,273.6000061035156,266.04998779296875,267.45001220703125,236.9197998046875,1402846.0,AMBUJACEM.NS
2017-08-11,263.1000061035156,268.5,262.54998779296875,263.3500061035156,233.28782653808594,1515060.0,AMBUJACEM.NS
2017-08-14,264.8500061035156,266.3999938964844,262.75,265.1000061035156,234.83804321289062,2162725.0,AMBUJACEM.NS
2017-08-16,265.6000061035156,270.75,264.29998779296875,270.04998779296875,239.22296142578125,1804763.0,AMBUJACEM.NS
2017-08-17,273.25,274.8999938964844,269.3500061035156,270.8999938964844,239.97596740722656,2464131.0,AMBUJACEM.NS
2017-08-18,270.20001220703125,276.75,267.1000061035156,274.95001220703125,243.5636749267578,2173179.0,AMBUJACEM.NS
2017-08-21,274.70001220703125,277.70001220703125,272.54998779296875,274.3999938964844,243.07643127441406,1420376.0,AMBUJACEM.NS
2017-08-22,276.8999938964844,276.8999938964844,271.5,273.1499938964844,241.9691162109375,1561082.0,AMBUJACEM.NS
2017-08-23,274.0,277.3999938964844,272.6000061035156,276.6499938964844,245.069580078125,1018756.0,AMBUJACEM.NS
2017-08-24,277.20001220703125,278.0,273.20001220703125,275.3999938964844,243.9622802734375,1073190.0,AMBUJACEM.NS
2017-08-28,277.20001220703125,281.8999938964844,274.6000061035156,279.3500061035156,247.4613800048828,2031129.0,AMBUJACEM.NS
2017-08-29,278.70001220703125,278.8500061035156,273.6000061035156,275.0,243.60789489746094,2313805.0,AMBUJACEM.NS
2017-08-30,278.04998779296875,281.8500061035156,277.1499938964844,280.1499938964844,248.1700439453125,1271563.0,AMBUJACEM.NS
2017-08-31,282.0,282.0,278.5,280.3500061035156,248.34719848632812,2076018.0,AMBUJACEM.NS
2017-09-01,281.8999938964844,284.95001220703125,280.54998779296875,282.6000061035156,250.34036254882812,1197940.0,AMBUJACEM.NS
2017-09-04,282.3500061035156,283.3999938964844,275.1000061035156,276.79998779296875,245.2024688720703,2196967.0,AMBUJACEM.NS
2017-09-05,276.8500061035156,283.04998779296875,274.5,282.45001220703125,250.20753479003906,2029499.0,AMBUJACEM.NS
2017-09-06,281.3999938964844,286.79998779296875,280.1499938964844,282.6000061035156,250.34036254882812,2217173.0,AMBUJACEM.NS
2017-09-07,283.6000061035156,285.3999938964844,280.3999938964844,281.04998779296875,248.96730041503906,1675064.0,AMBUJACEM.NS
2017-09-08,284.54998779296875,284.54998779296875,280.3500061035156,282.54998779296875,250.2960662841797,1275740.0,AMBUJACEM.NS
2017-09-11,282.1000061035156,288.0,282.1000061035156,285.1000061035156,252.5550079345703,1599816.0,AMBUJACEM.NS
2017-09-12,285.5,289.3999938964844,284.6499938964844,288.79998779296875,255.8325958251953,1258233.0,AMBUJACEM.NS
2017-09-13,288.5,291.5,283.75,285.75,253.1308135986328,1322504.0,AMBUJACEM.NS
2017-09-14,285.0,287.79998779296875,283.54998779296875,284.70001220703125,252.20066833496094,791428.0,AMBUJACEM.NS
2017-09-15,283.8999938964844,286.5,280.5,284.3500061035156,251.890625,1184804.0,AMBUJACEM.NS
2017-09-18,285.5,286.95001220703125,281.5,282.29998779296875,250.07461547851562,916191.0,AMBUJACEM.NS
2017-09-19,285.5,287.0,281.5,285.1000061035156,252.5550079345703,1731903.0,AMBUJACEM.NS
2017-09-20,286.0,286.0,278.3500061035156,279.8999938964844,247.9485626220703,2413483.0,AMBUJACEM.NS
2017-09-21,279.5,279.70001220703125,274.1000061035156,276.75,245.1581573486328,2685318.0,AMBUJACEM.NS
2017-09-22,275.25,275.25,268.0,269.8999938964844,239.09011840820312,3292766.0,AMBUJACEM.NS
2017-09-25,269.0,269.8999938964844,260.1000061035156,262.25,232.3134002685547,3633108.0,AMBUJACEM.NS
2017-09-26,263.0,263.70001220703125,260.0,261.29998779296875,231.4718475341797,1308037.0,AMBUJACEM.NS
2017-09-27,262.95001220703125,268.0,260.1000061035156,262.3999938964844,232.4462432861328,4003318.0,AMBUJACEM.NS
2017-09-28,261.1000061035156,270.6499938964844,260.0,268.04998779296875,237.4512939453125,5296128.0,AMBUJACEM.NS
2017-09-29,268.1499938964844,274.0,265.0,266.45001220703125,236.033935546875,2334479.0,AMBUJACEM.NS
2017-10-03,268.29998779296875,271.70001220703125,266.04998779296875,268.3500061035156,237.7170867919922,1314526.0,AMBUJACEM.NS
2017-10-04,268.20001220703125,271.0,266.3500061035156,269.54998779296875,238.78005981445312,1029485.0,AMBUJACEM.NS
2017-10-05,270.04998779296875,275.0,269.6499938964844,273.95001220703125,242.6778106689453,2205375.0,AMBUJACEM.NS
2017-10-06,275.1000061035156,280.5,273.79998779296875,278.75,246.9298553466797,2113361.0,AMBUJACEM.NS
2017-10-09,276.1000061035156,282.3500061035156,276.1000061035156,280.25,248.2586212158203,2399561.0,AMBUJACEM.NS
2017-10-10,280.3999938964844,280.8999938964844,276.6000061035156,277.6499938964844,245.95541381835938,1111212.0,AMBUJACEM.NS
2017-10-11,279.1499938964844,279.5,272.0,274.0,242.7220916748047,915071.0,AMBUJACEM.NS
2017-10-12,274.95001220703125,277.8999938964844,272.45001220703125,277.3999938964844,245.7339630126953,773049.0,AMBUJACEM.NS
2017-10-13,276.0,279.6000061035156,275.6499938964844,277.54998779296875,245.86683654785156,1798301.0,AMBUJACEM.NS
2017-10-16,279.3999938964844,281.3999938964844,277.6499938964844,279.79998779296875,247.86000061035156,1535618.0,AMBUJACEM.NS
2017-10-17,279.0,283.3999938964844,277.75,280.8500061035156,248.79014587402344,1548583.0,AMBUJACEM.NS
2017-10-18,281.25,282.1499938964844,276.3999938964844,277.8999938964844,246.1768798828125,1225832.0,AMBUJACEM.NS
2017-10-19,277.5,279.70001220703125,271.95001220703125,274.04998779296875,242.766357421875,143094.0,AMBUJACEM.NS
2017-10-23,274.20001220703125,282.95001220703125,274.20001220703125,281.79998779296875,249.63169860839844,3075417.0,AMBUJACEM.NS
2017-10-24,284.0,286.8999938964844,281.3500061035156,282.20001220703125,249.9860382080078,2847254.0,AMBUJACEM.NS
2017-10-25,284.04998779296875,285.79998779296875,280.3999938964844,281.75,249.58738708496094,2019634.0,AMBUJACEM.NS
2017-10-26,282.1000061035156,282.79998779296875,273.3500061035156,276.45001220703125,244.89242553710938,2537382.0,AMBUJACEM.NS
2017-10-27,278.45001220703125,280.0,276.45001220703125,278.8999938964844,247.06275939941406,1799125.0,AMBUJACEM.NS
2017-10-30,279.0,286.3500061035156,278.5,283.54998779296875,251.181884765625,1982624.0,AMBUJACEM.NS
2017-10-31,282.95001220703125,288.79998779296875,280.75,281.5,249.3659210205078,3084319.0,AMBUJACEM.NS
2017-11-01,282.1000061035156,287.5,282.04998779296875,283.04998779296875,250.7389678955078,2056294.0,AMBUJACEM.NS
2017-11-02,284.45001220703125,285.70001220703125,278.95001220703125,279.54998779296875,247.6385498046875,1519341.0,AMBUJACEM.NS
2017-11-03,280.0,283.6000061035156,280.0,282.6000061035156,250.34036254882812,1336410.0,AMBUJACEM.NS
2017-11-06,282.0,282.45001220703125,277.6499938964844,280.04998779296875,248.0814208984375,2012960.0,AMBUJACEM.NS
2017-11-07,280.54998779296875,283.3999938964844,274.6499938964844,276.6499938964844,245.069580078125,2025509.0,AMBUJACEM.NS
2017-11-08,276.5,279.70001220703125,272.45001220703125,273.5,242.27915954589844,1707405.0,AMBUJACEM.NS
2017-11-09,272.8500061035156,277.45001220703125,270.1000061035156,271.0,240.0645751953125,1331818.0,AMBUJACEM.NS
2017-11-10,269.5,274.0,268.5,270.1000061035156,239.26730346679688,1686868.0,AMBUJACEM.NS
2017-11-13,270.8999938964844,274.3500061035156,269.04998779296875,271.20001220703125,240.24172973632812,1685529.0,AMBUJACEM.NS
2017-11-14,271.0,275.3500061035156,269.20001220703125,271.3500061035156,240.37460327148438,1691237.0,AMBUJACEM.NS
2017-11-15,271.3500061035156,278.0,271.29998779296875,276.1499938964844,244.6266326904297,3970046.0,AMBUJACEM.NS
2017-11-16,279.45001220703125,281.79998779296875,274.54998779296875,275.1499938964844,243.74082946777344,2588111.0,AMBUJACEM.NS
2017-11-17,278.1499938964844,279.8999938964844,273.5,274.5,243.16500854492188,1670648.0,AMBUJACEM.NS
2017-11-20,272.79998779296875,272.79998779296875,263.0,264.70001220703125,234.48373413085938,3261832.0,AMBUJACEM.NS
2017-11-21,264.5,267.3999938964844,260.8500061035156,261.6499938964844,231.78187561035156,3037842.0,AMBUJACEM.NS
2017-11-22,263.3999938964844,267.3999938964844,262.1499938964844,265.6000061035156,235.28097534179688,2773825.0,AMBUJACEM.NS
2017-11-23,267.25,269.5,264.1000061035156,264.95001220703125,234.70518493652344,2837249.0,AMBUJACEM.NS
2017-11-24,265.95001220703125,268.1000061035156,264.5,264.95001220703125,234.70518493652344,1999089.0,AMBUJACEM.NS
2017-11-27,264.5,266.0,261.6499938964844,262.3999938964844,232.4462432861328,2787181.0,AMBUJACEM.NS
2017-11-28,263.04998779296875,265.6499938964844,262.0,263.04998779296875,233.0220489501953,1485419.0,AMBUJACEM.NS
2017-11-29,263.29998779296875,265.79998779296875,262.29998779296875,263.04998779296875,233.0220489501953,1398926.0,AMBUJACEM.NS
2017-11-30,262.45001220703125,264.8500061035156,259.25,262.5,232.53485107421875,2858463.0,AMBUJACEM.NS
2017-12-01,263.6499938964844,268.25,262.29998779296875,263.54998779296875,233.46495056152344,2069676.0,AMBUJACEM.NS
2017-12-04,265.0,266.1000061035156,259.45001220703125,261.1000061035156,231.294677734375,1260611.0,AMBUJACEM.NS
2017-12-05,261.0,262.0,256.25,260.45001220703125,230.7188720703125,2016019.0,AMBUJACEM.NS
2017-12-06,259.8999938964844,263.25,257.70001220703125,261.70001220703125,231.82618713378906,3182304.0,AMBUJACEM.NS
2017-12-07,262.70001220703125,266.70001220703125,261.45001220703125,265.8500061035156,235.50244140625,1345304.0,AMBUJACEM.NS
2017-12-08,265.70001220703125,270.0,263.70001220703125,268.1000061035156,237.49560546875,1272951.0,AMBUJACEM.NS
2017-12-11,269.5,270.95001220703125,268.5,269.1000061035156,238.38145446777344,1199568.0,AMBUJACEM.NS
2017-12-12,268.5,269.6499938964844,264.1499938964844,265.29998779296875,235.0151824951172,2006310.0,AMBUJACEM.NS
2017-12-13,265.79998779296875,270.29998779296875,263.25,264.1000061035156,233.9521942138672,3204666.0,AMBUJACEM.NS
2017-12-14,266.3999938964844,267.0,259.6000061035156,264.75,234.5279541015625,1666551.0,AMBUJACEM.NS
2017-12-15,267.0,267.54998779296875,263.29998779296875,264.3999938964844,234.21795654296875,1808962.0,AMBUJACEM.NS
2017-12-18,262.95001220703125,266.54998779296875,255.0,264.0,233.86361694335938,1221276.0,AMBUJACEM.NS
2017-12-19,264.0,272.0,264.0,270.6499938964844,239.7544708251953,1565382.0,AMBUJACEM.NS
2017-12-20,272.3999938964844,272.3999938964844,267.1499938964844,267.45001220703125,236.9197998046875,1553248.0,AMBUJACEM.NS
2017-12-21,268.0,272.0,266.1000061035156,268.6000061035156,237.93849182128906,1597801.0,AMBUJACEM.NS
2017-12-22,269.6000061035156,269.6000061035156,266.6499938964844,267.6000061035156,237.05267333984375,1112049.0,AMBUJACEM.NS
2017-12-26,267.5,274.0,266.70001220703125,273.29998779296875,242.10195922851562,2217661.0,AMBUJACEM.NS
2017-12-27,273.5,273.75,268.3999938964844,271.29998779296875,240.33029174804688,1652849.0,AMBUJACEM.NS
2017-12-28,272.0,273.5,268.79998779296875,271.6000061035156,240.59605407714844,1463113.0,AMBUJACEM.NS
2017-12-29,272.3999938964844,274.0,270.54998779296875,272.04998779296875,240.9946746826172,1948608.0,AMBUJACEM.NS
2018-01-01,271.1000061035156,273.1000061035156,264.3500061035156,268.04998779296875,237.4512939453125,1408955.0,AMBUJACEM.NS
2018-01-02,270.0,270.29998779296875,265.1000061035156,268.1499938964844,237.53990173339844,981714.0,AMBUJACEM.NS
2018-01-03,268.3999938964844,273.29998779296875,267.3500061035156,272.6000061035156,241.48190307617188,1906004.0,AMBUJACEM.NS
2018-01-04,271.6000061035156,274.3999938964844,270.70001220703125,273.45001220703125,242.23489379882812,2142231.0,AMBUJACEM.NS
2018-01-05,274.5,277.6000061035156,272.25,273.8999938964844,242.63351440429688,1304360.0,AMBUJACEM.NS
2018-01-08,272.25,275.3999938964844,271.3500061035156,274.6000061035156,243.2535858154297,1215089.0,AMBUJACEM.NS
2018-01-09,275.3999938964844,279.3500061035156,272.6000061035156,277.1499938964844,245.5124969482422,3305059.0,AMBUJACEM.NS
2018-01-10,278.0,278.0,273.3999938964844,276.1000061035156,244.5823516845703,1860881.0,AMBUJACEM.NS
2018-01-11,278.5,278.8999938964844,271.0,271.75,240.72894287109375,2869673.0,AMBUJACEM.NS
2018-01-12,271.1000061035156,274.3999938964844,267.70001220703125,269.3999938964844,238.64718627929688,2131954.0,AMBUJACEM.NS
2018-01-15,270.1000061035156,278.20001220703125,269.3999938964844,276.95001220703125,245.33534240722656,2520552.0,AMBUJACEM.NS
2018-01-16,278.1000061035156,280.0,275.1000061035156,277.8500061035156,246.1326141357422,2689358.0,AMBUJACEM.NS
2018-01-17,275.3500061035156,278.95001220703125,272.8500061035156,277.1499938964844,245.5124969482422,2384660.0,AMBUJACEM.NS
2018-01-18,277.5,278.0,273.54998779296875,275.6499938964844,244.1837158203125,1271915.0,AMBUJACEM.NS
2018-01-19,276.0,276.54998779296875,266.3999938964844,268.6000061035156,237.93849182128906,1942776.0,AMBUJACEM.NS
2018-01-22,269.0,269.20001220703125,265.29998779296875,268.45001220703125,237.80564880371094,1955296.0,AMBUJACEM.NS
2018-01-23,268.45001220703125,269.3999938964844,262.0,262.70001220703125,232.71200561523438,3127752.0,AMBUJACEM.NS
2018-01-24,262.95001220703125,265.5,259.3500061035156,260.1499938964844,230.45310974121094,2345935.0,AMBUJACEM.NS
2018-01-25,260.79998779296875,264.5,259.6000061035156,263.0,232.97776794433594,3313959.0,AMBUJACEM.NS
2018-01-29,263.95001220703125,266.3999938964844,260.6000061035156,263.6499938964844,233.55357360839844,1420895.0,AMBUJACEM.NS
2018-01-30,261.79998779296875,263.75,258.3999938964844,261.5,231.6490020751953,1787102.0,AMBUJACEM.NS
2018-01-31,261.70001220703125,263.29998779296875,257.1499938964844,261.79998779296875,231.9147491455078,2708846.0,AMBUJACEM.NS
2018-02-01,263.3999938964844,269.5,260.8999938964844,266.45001220703125,236.033935546875,3355964.0,AMBUJACEM.NS
2018-02-02,264.29998779296875,265.45001220703125,257.1000061035156,259.54998779296875,229.92160034179688,3017102.0,AMBUJACEM.NS
2018-02-05,257.0,260.0,252.0500030517578,259.1000061035156,229.52296447753906,2745947.0,AMBUJACEM.NS
2018-02-06,250.0500030517578,256.3999938964844,247.5,255.3000030517578,226.15673828125,1907347.0,AMBUJACEM.NS
2018-02-07,255.3000030517578,257.95001220703125,246.5500030517578,248.3000030517578,219.95582580566406,3906454.0,AMBUJACEM.NS
2018-02-08,247.8000030517578,266.3999938964844,245.5500030517578,261.8999938964844,232.0033416748047,4063203.0,AMBUJACEM.NS
2018-02-09,258.5,261.70001220703125,255.10000610351562,258.8999938964844,229.3457794189453,1742418.0,AMBUJACEM.NS
2018-02-12,260.20001220703125,263.1000061035156,255.64999389648438,256.8999938964844,227.5740966796875,1200752.0,AMBUJACEM.NS
2018-02-14,257.6000061035156,258.3999938964844,252.8000030517578,254.14999389648438,225.13803100585938,1060437.0,AMBUJACEM.NS
2018-02-15,254.89999389648438,257.8500061035156,251.6999969482422,253.39999389648438,224.47364807128906,1620357.0,AMBUJACEM.NS
2018-02-16,254.3000030517578,261.5,254.3000030517578,257.04998779296875,227.7069549560547,4870752.0,AMBUJACEM.NS
2018-02-19,257.5,260.8500061035156,255.10000610351562,257.54998779296875,228.14991760253906,2519233.0,AMBUJACEM.NS
2018-02-20,259.3999938964844,269.70001220703125,257.1000061035156,263.70001220703125,233.59786987304688,7529895.0,AMBUJACEM.NS
2018-02-21,268.0,268.8500061035156,260.1000061035156,261.70001220703125,231.82618713378906,6498774.0,AMBUJACEM.NS
2018-02-22,258.29998779296875,259.0,254.8000030517578,256.8999938964844,227.5740966796875,3842909.0,AMBUJACEM.NS
2018-02-23,257.1000061035156,262.0,255.60000610351562,260.20001220703125,230.49742126464844,2201036.0,AMBUJACEM.NS
2018-02-26,261.1499938964844,265.0,260.3500061035156,262.95001220703125,232.9334716796875,1668982.0,AMBUJACEM.NS
2018-02-27,258.29998779296875,260.8999938964844,249.5500030517578,251.39999389648438,222.7019500732422,10403386.0,AMBUJACEM.NS
2018-02-28,250.0,253.5,247.0,252.35000610351562,223.5435028076172,3500262.0,AMBUJACEM.NS
2018-03-01,252.89999389648438,256.25,251.35000610351562,253.14999389648438,224.25218200683594,3184053.0,AMBUJACEM.NS
2018-03-05,252.5,252.5,244.0,246.10000610351562,218.0069580078125,2291003.0,AMBUJACEM.NS
2018-03-06,247.5,249.0,239.9499969482422,240.64999389648438,213.17906188964844,2727521.0,AMBUJACEM.NS
2018-03-07,240.0,240.0,234.4499969482422,235.1999969482422,208.35121154785156,3023002.0,AMBUJACEM.NS
2018-03-08,236.0,237.5,231.5500030517578,236.25,209.28135681152344,2111425.0,AMBUJACEM.NS
2018-03-09,237.5,237.9499969482422,234.1999969482422,235.39999389648438,208.5283966064453,1257500.0,AMBUJACEM.NS
2018-03-12,237.0,242.3000030517578,232.5,240.85000610351562,213.35626220703125,1926518.0,AMBUJACEM.NS
2018-03-13,242.0500030517578,244.39999389648438,237.6999969482422,238.8000030517578,211.54026794433594,1942169.0,AMBUJACEM.NS
2018-03-14,238.89999389648438,245.0,238.5500030517578,243.89999389648438,216.05810546875,2973976.0,AMBUJACEM.NS
2018-03-15,244.10000610351562,245.5500030517578,241.5500030517578,242.3000030517578,214.6407470703125,3060758.0,AMBUJACEM.NS
2018-03-16,242.3000030517578,243.10000610351562,234.0500030517578,234.75,207.9525909423828,3348952.0,AMBUJACEM.NS
2018-03-19,235.89999389648438,236.75,229.10000610351562,231.14999389648438,204.76353454589844,2932815.0,AMBUJACEM.NS
2018-03-20,228.5,233.9499969482422,228.5,230.39999389648438,204.09915161132812,1711628.0,AMBUJACEM.NS
2018-03-21,230.85000610351562,234.5500030517578,228.5,229.85000610351562,203.6119384765625,2202091.0,AMBUJACEM.NS
2018-03-22,230.3000030517578,232.85000610351562,227.1999969482422,228.25,202.194580078125,3027467.0,AMBUJACEM.NS
2018-03-23,225.89999389648438,228.1999969482422,223.0,227.1999969482422,201.2644500732422,1842220.0,AMBUJACEM.NS
2018-03-26,227.35000610351562,232.85000610351562,226.9499969482422,231.10000610351562,204.71925354003906,2279430.0,AMBUJACEM.NS
2018-03-27,232.1999969482422,235.1999969482422,230.5,231.6999969482422,205.25074768066406,2987115.0,AMBUJACEM.NS
2018-03-28,230.1999969482422,236.89999389648438,228.25,232.9499969482422,206.35804748535156,17268096.0,AMBUJACEM.NS
2018-04-02,234.10000610351562,242.0,231.5500030517578,240.1999969482422,212.78045654296875,2609084.0,AMBUJACEM.NS
2018-04-03,239.60000610351562,242.60000610351562,238.64999389648438,240.64999389648438,213.17906188964844,1586599.0,AMBUJACEM.NS
2018-04-04,240.60000610351562,244.0,236.0,236.60000610351562,209.5914306640625,1640569.0,AMBUJACEM.NS
2018-04-05,238.0,239.85000610351562,235.5500030517578,238.0,212.6289520263672,2110899.0,AMBUJACEM.NS
2018-04-06,238.0,239.1999969482422,236.10000610351562,238.64999389648438,213.20968627929688,664865.0,AMBUJACEM.NS
2018-04-09,238.8000030517578,240.1999969482422,236.0500030517578,236.60000610351562,211.3782196044922,857711.0,AMBUJACEM.NS
2018-04-10,237.8000030517578,238.5,234.3000030517578,235.0,209.9487762451172,899391.0,AMBUJACEM.NS
2018-04-11,234.9499969482422,238.0500030517578,233.60000610351562,237.5,212.1822509765625,1288646.0,AMBUJACEM.NS
2018-04-12,236.75,239.9499969482422,235.5,236.0,210.8421630859375,2341840.0,AMBUJACEM.NS
2018-04-13,236.1999969482422,239.1999969482422,235.1999969482422,236.64999389648438,211.42286682128906,986965.0,AMBUJACEM.NS
2018-04-16,236.0,242.5,235.14999389648438,241.64999389648438,215.8898468017578,1117203.0,AMBUJACEM.NS
2018-04-17,242.0500030517578,245.9499969482422,240.25,244.85000610351562,218.74874877929688,2079834.0,AMBUJACEM.NS
2018-04-18,246.25,246.9499969482422,242.75,244.89999389648438,218.7934112548828,1693395.0,AMBUJACEM.NS
2018-04-19,247.0,250.60000610351562,245.35000610351562,247.0,220.6695556640625,2315449.0,AMBUJACEM.NS
2018-04-20,246.60000610351562,247.9499969482422,244.10000610351562,246.60000610351562,220.31219482421875,894175.0,AMBUJACEM.NS
2018-04-23,245.39999389648438,249.0,245.25,247.60000610351562,221.20559692382812,1051719.0,AMBUJACEM.NS
2018-04-24,247.39999389648438,249.5,245.5500030517578,247.8000030517578,221.38427734375,1321262.0,AMBUJACEM.NS
2018-04-25,247.25,249.75,243.8000030517578,245.6999969482422,219.5081329345703,1575990.0,AMBUJACEM.NS
2018-04-26,245.1999969482422,247.89999389648438,241.35000610351562,242.5,216.64926147460938,1013598.0,AMBUJACEM.NS
2018-04-27,243.0,246.0,241.8000030517578,244.89999389648438,218.7934112548828,1464396.0,AMBUJACEM.NS
2018-04-30,245.5,252.75,245.5,250.64999389648438,223.9304656982422,2454697.0,AMBUJACEM.NS
2018-05-02,250.89999389648438,251.75,244.8000030517578,245.4499969482422,219.28477478027344,1602224.0,AMBUJACEM.NS
2018-05-03,244.14999389648438,245.89999389648438,239.39999389648438,239.9499969482422,214.37109375,1148958.0,AMBUJACEM.NS
2018-05-04,241.0500030517578,244.6999969482422,233.39999389648438,236.6999969482422,211.467529296875,4083676.0,AMBUJACEM.NS
2018-05-07,235.64999389648438,238.14999389648438,233.10000610351562,235.25,210.17210388183594,2213157.0,AMBUJACEM.NS
2018-05-08,235.60000610351562,236.25,228.75,229.4499969482422,204.9904022216797,2782140.0,AMBUJACEM.NS
2018-05-09,229.60000610351562,230.64999389648438,224.14999389648438,224.64999389648438,200.70208740234375,2975035.0,AMBUJACEM.NS
2018-05-10,225.14999389648438,225.8000030517578,219.0,220.0500030517578,196.5924530029297,3566843.0,AMBUJACEM.NS
2018-05-11,220.5,221.14999389648438,216.14999389648438,217.14999389648438,194.0015869140625,3917464.0,AMBUJACEM.NS
2018-05-14,217.64999389648438,219.8000030517578,215.3000030517578,217.4499969482422,194.26959228515625,1683423.0,AMBUJACEM.NS
2018-05-15,217.6999969482422,219.4499969482422,210.8000030517578,214.10000610351562,191.2767333984375,2421775.0,AMBUJACEM.NS
2018-05-16,213.10000610351562,214.39999389648438,210.0,211.8000030517578,189.221923828125,2481091.0,AMBUJACEM.NS
2018-05-17,212.0,220.6999969482422,212.0,217.64999389648438,194.4482879638672,3620351.0,AMBUJACEM.NS
2018-05-18,217.8000030517578,217.8000030517578,209.1999969482422,210.4499969482422,188.0158233642578,1556445.0,AMBUJACEM.NS
2018-05-21,210.4499969482422,212.8000030517578,204.25,208.0500030517578,185.8716583251953,1715130.0,AMBUJACEM.NS
2018-05-22,208.5,210.3000030517578,206.35000610351562,208.0,185.82699584960938,1483612.0,AMBUJACEM.NS
2018-05-23,207.5500030517578,209.10000610351562,206.5,207.5,185.3802947998047,1418518.0,AMBUJACEM.NS
2018-05-24,209.0,214.25,204.25,212.8000030517578,190.11529541015625,2792312.0,AMBUJACEM.NS
2018-05-25,213.5,214.5,209.5500030517578,211.60000610351562,189.04324340820312,1499518.0,AMBUJACEM.NS
2018-05-28,211.89999389648438,214.4499969482422,211.5500030517578,212.10000610351562,189.48992919921875,1181241.0,AMBUJACEM.NS
2018-05-29,212.39999389648438,214.0,207.85000610351562,208.3000030517578,186.09500122070312,1459474.0,AMBUJACEM.NS
2018-05-30,207.5500030517578,210.39999389648438,205.6999969482422,206.1999969482422,184.2188720703125,1963564.0,AMBUJACEM.NS
2018-05-31,207.1999969482422,209.0,204.60000610351562,205.39999389648438,183.50416564941406,6571778.0,AMBUJACEM.NS
2018-06-01,205.4499969482422,209.25,202.6999969482422,203.5500030517578,181.8513641357422,2911603.0,AMBUJACEM.NS
2018-06-04,204.5,205.4499969482422,200.35000610351562,201.4499969482422,179.9752197265625,6313873.0,AMBUJACEM.NS
2018-06-05,201.0,203.25,199.10000610351562,202.0500030517578,180.5112762451172,2631652.0,AMBUJACEM.NS
2018-06-06,201.5,206.8000030517578,200.4499969482422,204.14999389648438,182.3874053955078,2884900.0,AMBUJACEM.NS
2018-06-07,205.0,207.3000030517578,204.75,206.0,184.04019165039062,4036226.0,AMBUJACEM.NS
2018-06-08,205.3000030517578,207.60000610351562,204.75,206.0,184.04019165039062,2601050.0,AMBUJACEM.NS
2018-06-11,206.9499969482422,210.60000610351562,205.14999389648438,206.0500030517578,184.0848846435547,4756149.0,AMBUJACEM.NS
2018-06-12,205.89999389648438,207.5,204.9499969482422,206.89999389648438,184.84423828125,2857333.0,AMBUJACEM.NS
2018-06-13,207.0,211.60000610351562,206.1999969482422,210.0,187.61378479003906,4884946.0,AMBUJACEM.NS
2018-06-14,210.6999969482422,210.6999969482422,204.8000030517578,206.0500030517578,184.0848846435547,4024884.0,AMBUJACEM.NS
2018-06-15,204.5,207.64999389648438,202.0,204.9499969482422,183.10211181640625,6832521.0,AMBUJACEM.NS
2018-06-18,204.5,205.89999389648438,202.5,202.89999389648438,181.27064514160156,803881.0,AMBUJACEM.NS
2018-06-19,202.25,203.25,198.85000610351562,200.25,178.9031524658203,1605387.0,AMBUJACEM.NS
2018-06-20,200.9499969482422,201.8000030517578,196.5500030517578,197.75,176.66966247558594,1716864.0,AMBUJACEM.NS
2018-06-21,198.0,198.25,195.5500030517578,197.0,175.99961853027344,2532830.0,AMBUJACEM.NS
2018-06-22,197.10000610351562,206.0,195.64999389648438,204.9499969482422,183.10211181640625,3167408.0,AMBUJACEM.NS
2018-06-25,205.0,209.0,204.8000030517578,206.8000030517578,184.7549285888672,3363586.0,AMBUJACEM.NS
2018-06-26,207.0,215.14999389648438,206.64999389648438,211.9499969482422,189.3559112548828,7976623.0,AMBUJACEM.NS
2018-06-27,213.39999389648438,213.39999389648438,204.0500030517578,205.3000030517578,183.41481018066406,3049747.0,AMBUJACEM.NS
2018-06-28,205.5500030517578,208.25,200.10000610351562,200.89999389648438,179.48385620117188,3785931.0,AMBUJACEM.NS
2018-06-29,201.89999389648438,208.0,201.6999969482422,207.4499969482422,185.3356170654297,3749070.0,AMBUJACEM.NS
2018-07-02,207.8000030517578,207.9499969482422,198.25,199.89999389648438,178.59046936035156,3041228.0,AMBUJACEM.NS
2018-07-03,200.35000610351562,202.3000030517578,197.85000610351562,200.89999389648438,179.48385620117188,4134828.0,AMBUJACEM.NS
2018-07-04,201.39999389648438,204.3000030517578,199.6999969482422,201.0,179.5731964111328,2262034.0,AMBUJACEM.NS
2018-07-05,201.8000030517578,208.85000610351562,201.5,207.4499969482422,185.3356170654297,4657759.0,AMBUJACEM.NS
2018-07-06,207.75,212.3000030517578,206.6999969482422,207.5500030517578,185.4249725341797,3029745.0,AMBUJACEM.NS
2018-07-09,209.0500030517578,210.0,205.39999389648438,206.14999389648438,184.1741943359375,2007632.0,AMBUJACEM.NS
2018-07-10,208.89999389648438,208.89999389648438,203.5500030517578,204.35000610351562,182.5660858154297,3550279.0,AMBUJACEM.NS
2018-07-11,204.60000610351562,205.10000610351562,201.1999969482422,202.5500030517578,180.95797729492188,2524353.0,AMBUJACEM.NS
2018-07-12,203.0,206.1999969482422,201.25,201.6999969482422,180.19857788085938,4308979.0,AMBUJACEM.NS
2018-07-13,202.89999389648438,203.5,196.3000030517578,196.89999389648438,175.91024780273438,2220084.0,AMBUJACEM.NS
2018-07-16,196.5500030517578,197.9499969482422,189.5500030517578,190.5500030517578,170.23719787597656,1994603.0,AMBUJACEM.NS
2018-07-17,191.0,195.89999389648438,189.0,195.60000610351562,174.74884033203125,1248112.0,AMBUJACEM.NS
2018-07-18,196.4499969482422,198.60000610351562,192.9499969482422,195.64999389648438,174.7935028076172,1675322.0,AMBUJACEM.NS
2018-07-19,195.4499969482422,196.0,191.39999389648438,193.35000610351562,172.7386932373047,1596782.0,AMBUJACEM.NS
2018-07-20,193.39999389648438,195.4499969482422,191.6999969482422,194.3000030517578,173.58741760253906,1105960.0,AMBUJACEM.NS
2018-07-23,194.8000030517578,200.64999389648438,194.14999389648438,198.0,176.89300537109375,3302774.0,AMBUJACEM.NS
2018-07-24,202.5,216.8000030517578,202.5,212.64999389648438,189.98129272460938,11675077.0,AMBUJACEM.NS
2018-07-25,214.25,216.8000030517578,206.60000610351562,208.4499969482422,186.22901916503906,7567233.0,AMBUJACEM.NS
2018-07-26,214.0,225.75,214.0,223.5,199.67466735839844,18529989.0,AMBUJACEM.NS
2018-07-27,223.25,227.5,222.64999389648438,225.10000610351562,201.10411071777344,4962191.0,AMBUJACEM.NS
2018-07-30,225.5,228.4499969482422,222.9499969482422,227.0,202.8015594482422,2775674.0,AMBUJACEM.NS
2018-07-31,226.0,231.6999969482422,224.14999389648438,230.6999969482422,206.10714721679688,2919886.0,AMBUJACEM.NS
2018-08-01,229.5,235.5,228.85000610351562,234.0,209.05535888671875,6542652.0,AMBUJACEM.NS
2018-08-02,233.0,233.60000610351562,228.0500030517578,228.8000030517578,204.40969848632812,1820808.0,AMBUJACEM.NS
2018-08-03,229.0,230.5500030517578,224.85000610351562,226.10000610351562,201.9975128173828,1909383.0,AMBUJACEM.NS
2018-08-06,226.6999969482422,229.9499969482422,222.35000610351562,228.5,204.1416778564453,1628672.0,AMBUJACEM.NS
2018-08-07,230.0,233.0500030517578,228.0500030517578,230.10000610351562,205.57110595703125,4307531.0,AMBUJACEM.NS
2018-08-08,229.6999969482422,233.25,226.6999969482422,230.9499969482422,206.3304901123047,2470588.0,AMBUJACEM.NS
2018-08-09,231.89999389648438,233.14999389648438,229.89999389648438,232.39999389648438,207.6259002685547,1211459.0,AMBUJACEM.NS
2018-08-10,233.0500030517578,233.1999969482422,224.0,227.6999969482422,203.42694091796875,1723589.0,AMBUJACEM.NS
2018-08-13,225.0,225.0,220.1999969482422,220.89999389648438,197.35183715820312,1728996.0,AMBUJACEM.NS
2018-08-14,222.0,227.5,221.5,226.35000610351562,202.2208709716797,1810299.0,AMBUJACEM.NS
2018-08-16,225.0,226.10000610351562,222.5,224.5,200.56805419921875,1030961.0,AMBUJACEM.NS
2018-08-17,226.25,229.64999389648438,225.10000610351562,228.64999389648438,204.2756805419922,1721617.0,AMBUJACEM.NS
2018-08-20,229.3000030517578,233.0,227.5,229.75,205.25840759277344,1591893.0,AMBUJACEM.NS
2018-08-21,231.0,241.39999389648438,230.39999389648438,239.35000610351562,213.83505249023438,6380758.0,AMBUJACEM.NS
2018-08-23,240.0,241.9499969482422,235.10000610351562,237.25,211.9589080810547,2837007.0,AMBUJACEM.NS
2018-08-24,236.5,241.25,235.10000610351562,236.6999969482422,211.467529296875,1731653.0,AMBUJACEM.NS
2018-08-27,237.0,242.5500030517578,235.10000610351562,241.6999969482422,215.93453979492188,2145678.0,AMBUJACEM.NS
2018-08-28,243.0,243.4499969482422,233.64999389648438,236.39999389648438,211.1995086669922,2900755.0,AMBUJACEM.NS
2018-08-29,237.3000030517578,238.64999389648438,232.1999969482422,233.14999389648438,208.2959747314453,1711404.0,AMBUJACEM.NS
2018-08-30,233.35000610351562,240.4499969482422,232.0500030517578,237.89999389648438,212.5396270751953,5025712.0,AMBUJACEM.NS
2018-08-31,238.0,243.39999389648438,236.60000610351562,241.35000610351562,215.62185668945312,2735230.0,AMBUJACEM.NS
2018-09-03,242.9499969482422,245.39999389648438,238.35000610351562,240.0,214.41575622558594,2393818.0,AMBUJACEM.NS
2018-09-04,230.0,239.89999389648438,225.89999389648438,227.9499969482422,203.65029907226562,3810744.0,AMBUJACEM.NS
2018-09-05,227.39999389648438,229.25,218.85000610351562,223.1999969482422,199.40664672851562,3947663.0,AMBUJACEM.NS
2018-09-06,227.0500030517578,233.0500030517578,222.75,226.60000610351562,202.4442138671875,4887812.0,AMBUJACEM.NS
2018-09-07,228.1999969482422,229.1999969482422,222.75,227.5,203.24827575683594,2406640.0,AMBUJACEM.NS
2018-09-10,226.89999389648438,228.0,219.0,219.6999969482422,196.27976989746094,2611742.0,AMBUJACEM.NS
2018-09-11,220.5500030517578,223.4499969482422,218.60000610351562,220.1999969482422,196.72645568847656,3757737.0,AMBUJACEM.NS
2018-09-12,221.0,227.5500030517578,218.85000610351562,226.60000610351562,202.4442138671875,2404591.0,AMBUJACEM.NS
2018-09-14,228.10000610351562,232.60000610351562,227.0500030517578,229.8000030517578,205.30307006835938,2588077.0,AMBUJACEM.NS
2018-09-17,228.5,231.8000030517578,225.0500030517578,225.89999389648438,201.8188018798828,1802238.0,AMBUJACEM.NS
2018-09-18,226.0,227.85000610351562,223.10000610351562,224.39999389648438,200.47872924804688,1344871.0,AMBUJACEM.NS
2018-09-19,225.0,226.39999389648438,222.0,225.0,201.01480102539062,2120702.0,AMBUJACEM.NS
2018-09-21,226.0500030517578,227.14999389648438,208.1999969482422,225.4499969482422,201.4167938232422,3464829.0,AMBUJACEM.NS
2018-09-24,223.64999389648438,228.0,216.9499969482422,218.64999389648438,195.34169006347656,1734859.0,AMBUJACEM.NS
2018-09-25,218.0,227.39999389648438,215.89999389648438,225.64999389648438,201.59548950195312,1801355.0,AMBUJACEM.NS
2018-09-26,227.64999389648438,229.1999969482422,223.4499969482422,226.10000610351562,201.9975128173828,2420982.0,AMBUJACEM.NS
2018-09-27,226.1999969482422,234.8000030517578,225.0,227.25,203.02493286132812,8039387.0,AMBUJACEM.NS
2018-09-28,226.60000610351562,230.9499969482422,221.1999969482422,223.5500030517578,199.71934509277344,4202032.0,AMBUJACEM.NS
2018-10-01,223.0,226.89999389648438,216.85000610351562,222.6999969482422,198.95994567871094,2070915.0,AMBUJACEM.NS
2018-10-03,221.5,222.1999969482422,211.0,213.3000030517578,190.56201171875,4433444.0,AMBUJACEM.NS
2018-10-04,210.75,216.4499969482422,207.25,213.6999969482422,190.91937255859375,4756385.0,AMBUJACEM.NS
2018-10-05,213.0,214.25,207.0,208.4499969482422,186.22901916503906,3007099.0,AMBUJACEM.NS
2018-10-08,206.4499969482422,210.64999389648438,202.39999389648438,208.10000610351562,185.91632080078125,2483769.0,AMBUJACEM.NS
2018-10-09,210.0,211.9499969482422,202.4499969482422,204.6999969482422,182.87876892089844,1790998.0,AMBUJACEM.NS
2018-10-10,204.10000610351562,210.60000610351562,203.14999389648438,209.89999389648438,187.5244598388672,2655944.0,AMBUJACEM.NS
2018-10-11,204.0,208.8000030517578,200.35000610351562,207.85000610351562,185.6929931640625,3596264.0,AMBUJACEM.NS
2018-10-12,210.0,220.8000030517578,208.89999389648438,219.60000610351562,196.1904296875,5695694.0,AMBUJACEM.NS
2018-10-15,218.8000030517578,218.89999389648438,209.60000610351562,217.0,193.86758422851562,5976849.0,AMBUJACEM.NS
2018-10-16,218.0,223.8000030517578,217.0,221.5,197.88787841796875,3761860.0,AMBUJACEM.NS
2018-10-17,223.5,227.85000610351562,217.39999389648438,219.3000030517578,195.92239379882812,5346216.0,AMBUJACEM.NS
2018-10-19,214.89999389648438,215.0,207.85000610351562,209.1999969482422,186.89907836914062,5427052.0,AMBUJACEM.NS
2018-10-22,212.0500030517578,213.4499969482422,204.6999969482422,206.0,184.04019165039062,3803442.0,AMBUJACEM.NS
2018-10-23,202.8000030517578,206.0,196.8000030517578,200.60000610351562,179.21583557128906,8424281.0,AMBUJACEM.NS
2018-10-24,202.0,204.4499969482422,192.9499969482422,196.39999389648438,175.46353149414062,14849782.0,AMBUJACEM.NS
2018-10-25,194.0,197.4499969482422,191.8000030517578,192.5500030517578,172.0239715576172,7180208.0,AMBUJACEM.NS
2018-10-26,193.64999389648438,193.64999389648438,188.5,190.4499969482422,170.14784240722656,16413375.0,AMBUJACEM.NS
2018-10-29,192.0,194.35000610351562,189.0500030517578,193.10000610351562,172.51535034179688,16772923.0,AMBUJACEM.NS
2018-10-30,193.10000610351562,197.10000610351562,192.0500030517578,192.4499969482422,171.9346160888672,3981871.0,AMBUJACEM.NS
2018-10-31,193.0,198.6999969482422,188.35000610351562,197.14999389648438,176.1335906982422,8628188.0,AMBUJACEM.NS
2018-11-01,197.60000610351562,201.0,197.1999969482422,199.9499969482422,178.63511657714844,3416848.0,AMBUJACEM.NS
2018-11-02,202.0,208.0,201.39999389648438,204.0500030517578,182.29806518554688,4174804.0,AMBUJACEM.NS
2018-11-05,203.89999389648438,206.10000610351562,202.39999389648438,205.4499969482422,183.54881286621094,2629132.0,AMBUJACEM.NS
2018-11-06,206.0,206.9499969482422,203.25,204.1999969482422,182.4320831298828,1757806.0,AMBUJACEM.NS
2018-11-07,205.60000610351562,206.35000610351562,204.5500030517578,205.60000610351562,183.68284606933594,172463.0,AMBUJACEM.NS
2018-11-09,207.35000610351562,207.4499969482422,204.75,205.3000030517578,183.41481018066406,1849981.0,AMBUJACEM.NS
2018-11-12,205.89999389648438,208.39999389648438,201.8000030517578,203.35000610351562,181.6726837158203,3828786.0,AMBUJACEM.NS
2018-11-13,202.9499969482422,206.39999389648438,201.39999389648438,205.85000610351562,183.90618896484375,2024625.0,AMBUJACEM.NS
2018-11-14,207.0,214.35000610351562,206.5500030517578,211.1999969482422,188.6858673095703,5341589.0,AMBUJACEM.NS
2018-11-15,211.39999389648438,219.0,208.1999969482422,217.85000610351562,194.62698364257812,3028344.0,AMBUJACEM.NS
2018-11-16,217.89999389648438,219.0,215.0,217.25,194.0909423828125,1845708.0,AMBUJACEM.NS
2018-11-19,218.0,221.64999389648438,214.9499969482422,220.39999389648438,196.90512084960938,3289421.0,AMBUJACEM.NS
2018-11-20,219.25,219.25,214.0500030517578,215.0,192.08078002929688,1207441.0,AMBUJACEM.NS
2018-11-21,216.0,218.1999969482422,214.0500030517578,217.60000610351562,194.40362548828125,1599264.0,AMBUJACEM.NS
2018-11-22,218.8000030517578,218.8000030517578,213.8000030517578,214.64999389648438,191.76809692382812,1093305.0,AMBUJACEM.NS
2018-11-26,214.1999969482422,217.0,211.64999389648438,216.4499969482422,193.37620544433594,2129029.0,AMBUJACEM.NS
2018-11-27,215.9499969482422,218.14999389648438,214.3000030517578,215.85000610351562,192.84017944335938,1843182.0,AMBUJACEM.NS
2018-11-28,216.5,217.5,213.64999389648438,214.5500030517578,191.6787567138672,1252402.0,AMBUJACEM.NS
2018-11-29,217.60000610351562,220.0,214.89999389648438,216.8000030517578,193.6889190673828,2647720.0,AMBUJACEM.NS
2018-11-30,217.60000610351562,220.89999389648438,215.6999969482422,217.4499969482422,194.26959228515625,4396332.0,AMBUJACEM.NS
2018-12-03,218.60000610351562,222.8000030517578,217.60000610351562,220.0,196.54779052734375,2823065.0,AMBUJACEM.NS
2018-12-04,220.0,223.60000610351562,217.5,219.0,195.65435791015625,1995824.0,AMBUJACEM.NS
2018-12-05,218.8000030517578,218.8000030517578,215.35000610351562,216.64999389648438,193.55487060546875,1836318.0,AMBUJACEM.NS
2018-12-06,214.6999969482422,215.5500030517578,206.85000610351562,208.14999389648438,185.96099853515625,1873533.0,AMBUJACEM.NS
2018-12-07,209.8000030517578,213.5,207.60000610351562,212.4499969482422,189.8026123046875,1040049.0,AMBUJACEM.NS
2018-12-10,209.39999389648438,209.9499969482422,204.5,204.89999389648438,183.0574493408203,1114367.0,AMBUJACEM.NS
2018-12-11,200.25,215.6999969482422,200.25,213.10000610351562,190.3833465576172,4298081.0,AMBUJACEM.NS
2018-12-12,213.0,218.60000610351562,212.64999389648438,215.9499969482422,192.92950439453125,3558108.0,AMBUJACEM.NS
2018-12-13,216.1999969482422,220.64999389648438,216.14999389648438,218.6999969482422,195.38638305664062,2819659.0,AMBUJACEM.NS
2018-12-14,223.60000610351562,224.85000610351562,218.1999969482422,219.4499969482422,196.05642700195312,5023903.0,AMBUJACEM.NS
2018-12-17,219.5500030517578,221.14999389648438,217.35000610351562,218.75,195.4310302734375,1236838.0,AMBUJACEM.NS
2018-12-18,219.25,220.9499969482422,218.0,219.64999389648438,196.23507690429688,1565567.0,AMBUJACEM.NS
2018-12-19,221.10000610351562,230.64999389648438,220.5500030517578,227.25,203.02493286132812,6142902.0,AMBUJACEM.NS
2018-12-20,225.9499969482422,229.5,223.4499969482422,225.10000610351562,201.10411071777344,2215666.0,AMBUJACEM.NS
2018-12-21,225.25,226.1999969482422,219.3000030517578,220.6999969482422,197.17315673828125,1677202.0,AMBUJACEM.NS
2018-12-24,216.0,219.60000610351562,212.5500030517578,213.25,190.51734924316406,2431010.0,AMBUJACEM.NS
2018-12-26,212.64999389648438,222.0,209.89999389648438,221.10000610351562,197.53053283691406,3303641.0,AMBUJACEM.NS
2018-12-27,217.4499969482422,222.8000030517578,216.0500030517578,216.85000610351562,193.73358154296875,1684054.0,AMBUJACEM.NS
2018-12-28,217.10000610351562,222.8000030517578,217.10000610351562,220.9499969482422,197.39649963378906,2241527.0,AMBUJACEM.NS
2018-12-31,222.0,225.85000610351562,219.60000610351562,225.10000610351562,201.10411071777344,2836456.0,AMBUJACEM.NS
2019-01-01,224.5,229.0,221.0500030517578,222.89999389648438,199.1386260986328,1594627.0,AMBUJACEM.NS
2019-01-02,222.89999389648438,223.8000030517578,218.0500030517578,218.9499969482422,195.60971069335938,1826162.0,AMBUJACEM.NS
2019-01-03,219.0,220.89999389648438,213.14999389648438,213.85000610351562,191.0533905029297,1612955.0,AMBUJACEM.NS
2019-01-04,214.5,216.9499969482422,211.1999969482422,216.5500030517578,193.46554565429688,2344100.0,AMBUJACEM.NS
2019-01-07,218.5,220.25,216.39999389648438,218.0,194.760986328125,1280088.0,AMBUJACEM.NS
2019-01-08,217.10000610351562,219.64999389648438,215.1999969482422,218.6999969482422,195.38638305664062,1678459.0,AMBUJACEM.NS
2019-01-09,219.5,219.5,211.60000610351562,212.85000610351562,190.15997314453125,2005058.0,AMBUJACEM.NS
2019-01-10,213.85000610351562,215.39999389648438,211.3000030517578,213.14999389648438,190.42799377441406,2033769.0,AMBUJACEM.NS
2019-01-11,213.85000610351562,214.14999389648438,211.5,212.85000610351562,190.15997314453125,1279076.0,AMBUJACEM.NS
2019-01-14,213.0,215.3000030517578,211.5500030517578,214.85000610351562,191.94679260253906,1231366.0,AMBUJACEM.NS
2019-01-15,215.4499969482422,217.5,214.85000610351562,216.75,193.64422607421875,1294415.0,AMBUJACEM.NS
2019-01-16,217.0,220.0,215.6999969482422,216.85000610351562,193.73358154296875,975644.0,AMBUJACEM.NS
2019-01-17,218.0,218.39999389648438,214.1999969482422,215.25,192.3041229248047,934332.0,AMBUJACEM.NS
2019-01-18,215.6999969482422,216.0,212.1999969482422,212.64999389648438,189.98129272460938,787152.0,AMBUJACEM.NS
2019-01-21,213.0,214.8000030517578,211.1999969482422,212.3000030517578,189.6686248779297,1028461.0,AMBUJACEM.NS
2019-01-22,212.1999969482422,215.0,211.39999389648438,213.85000610351562,191.0533905029297,996452.0,AMBUJACEM.NS
2019-01-23,213.0,215.5500030517578,211.5,212.39999389648438,189.7579345703125,979376.0,AMBUJACEM.NS
2019-01-24,213.8000030517578,213.8000030517578,208.75,211.1999969482422,188.6858673095703,1682064.0,AMBUJACEM.NS
2019-01-25,211.89999389648438,213.6999969482422,201.25,202.35000610351562,180.77928161621094,2945463.0,AMBUJACEM.NS
2019-01-28,201.0,204.35000610351562,197.89999389648438,199.75,178.45645141601562,3278879.0,AMBUJACEM.NS
2019-01-29,198.6999969482422,204.75,198.3000030517578,200.85000610351562,179.43919372558594,2643774.0,AMBUJACEM.NS
2019-01-30,201.85000610351562,205.8000030517578,198.5,204.64999389648438,182.83412170410156,1461921.0,AMBUJACEM.NS
2019-01-31,205.6999969482422,212.0,204.4499969482422,209.89999389648438,187.5244598388672,7669625.0,AMBUJACEM.NS
2019-02-01,210.8000030517578,215.35000610351562,209.60000610351562,212.5,189.8472900390625,3350137.0,AMBUJACEM.NS
2019-02-04,212.0,213.0,207.8000030517578,212.5,189.8472900390625,816759.0,AMBUJACEM.NS
2019-02-05,212.10000610351562,215.3000030517578,206.0500030517578,209.25,186.9437255859375,1990920.0,AMBUJACEM.NS
2019-02-06,210.3000030517578,215.5500030517578,208.64999389648438,214.5,191.63406372070312,2419386.0,AMBUJACEM.NS
2019-02-07,214.0500030517578,218.60000610351562,213.5,214.9499969482422,192.03610229492188,1560735.0,AMBUJACEM.NS
2019-02-08,215.64999389648438,217.39999389648438,212.10000610351562,213.25,190.51734924316406,1071280.0,AMBUJACEM.NS
2019-02-11,213.3000030517578,213.6999969482422,206.8000030517578,207.60000610351562,185.46963500976562,1168695.0,AMBUJACEM.NS
2019-02-12,207.5500030517578,209.0,203.75,207.4499969482422,185.3356170654297,1731437.0,AMBUJACEM.NS
2019-02-14,205.9499969482422,207.5500030517578,203.10000610351562,204.39999389648438,182.61074829101562,1234816.0,AMBUJACEM.NS
2019-02-15,203.6999969482422,205.9499969482422,200.5,204.8000030517578,182.96810913085938,1516899.0,AMBUJACEM.NS
2019-02-18,204.0500030517578,204.8000030517578,196.60000610351562,198.0,176.89300537109375,4557434.0,AMBUJACEM.NS
2019-02-19,198.60000610351562,202.8000030517578,196.64999389648438,199.60000610351562,178.32244873046875,12045263.0,AMBUJACEM.NS
2019-02-20,199.60000610351562,207.8000030517578,199.60000610351562,206.8000030517578,184.7549285888672,3528149.0,AMBUJACEM.NS
2019-02-21,206.89999389648438,210.5,205.5,209.60000610351562,187.2564239501953,2197983.0,AMBUJACEM.NS
2019-02-22,209.9499969482422,211.4499969482422,208.14999389648438,210.9499969482422,188.46250915527344,1375220.0,AMBUJACEM.NS
2019-02-25,211.85000610351562,212.4499969482422,209.0,210.10000610351562,187.70314025878906,1323218.0,AMBUJACEM.NS
2019-02-26,208.25,213.0,207.39999389648438,212.35000610351562,189.71328735351562,1651331.0,AMBUJACEM.NS
2019-02-27,212.10000610351562,219.3000030517578,209.14999389648438,213.9499969482422,192.50250244140625,2325569.0,AMBUJACEM.NS
2019-02-28,215.25,216.39999389648438,210.6999969482422,212.0500030517578,190.79296875,5667560.0,AMBUJACEM.NS
2019-03-01,212.9499969482422,219.3000030517578,212.75,217.4499969482422,195.6516571044922,1389426.0,AMBUJACEM.NS
2019-03-05,218.0,223.35000610351562,217.64999389648438,222.0,199.74554443359375,2838170.0,AMBUJACEM.NS
2019-03-06,222.89999389648438,226.39999389648438,219.5500030517578,220.25,198.17095947265625,4240764.0,AMBUJACEM.NS
2019-03-07,221.5,224.89999389648438,219.14999389648438,221.1999969482422,199.02574157714844,6193867.0,AMBUJACEM.NS
2019-03-08,221.3000030517578,227.10000610351562,220.5500030517578,226.14999389648438,203.4795379638672,2803088.0,AMBUJACEM.NS
2019-03-11,226.75,234.6999969482422,226.4499969482422,233.3000030517578,209.9127655029297,4030315.0,AMBUJACEM.NS
2019-03-12,233.75,237.10000610351562,232.35000610351562,233.14999389648438,209.77780151367188,6903177.0,AMBUJACEM.NS
2019-03-13,234.0,235.60000610351562,228.60000610351562,229.8000030517578,206.76361083984375,3736991.0,AMBUJACEM.NS
2019-03-14,230.0,232.9499969482422,223.64999389648438,224.14999389648438,201.6800079345703,2916976.0,AMBUJACEM.NS
2019-03-15,223.89999389648438,229.5,223.5500030517578,225.35000610351562,202.7597198486328,3226639.0,AMBUJACEM.NS
2019-03-18,226.89999389648438,229.5500030517578,225.0,226.4499969482422,203.74945068359375,1524697.0,AMBUJACEM.NS
2019-03-19,226.5500030517578,231.35000610351562,226.5500030517578,229.85000610351562,206.80862426757812,1620753.0,AMBUJACEM.NS
2019-03-20,230.89999389648438,230.9499969482422,226.8000030517578,227.4499969482422,204.64918518066406,1640049.0,AMBUJACEM.NS
2019-03-22,228.75,233.39999389648438,227.39999389648438,229.85000610351562,206.80862426757812,2103761.0,AMBUJACEM.NS
2019-03-25,229.0,232.1999969482422,226.3000030517578,229.35000610351562,206.35873413085938,2495275.0,AMBUJACEM.NS
2019-03-26,228.4499969482422,232.1999969482422,228.39999389648438,231.39999389648438,208.20323181152344,2582780.0,AMBUJACEM.NS
2019-03-27,233.0,238.25,230.39999389648438,232.25,208.968017578125,4639012.0,AMBUJACEM.NS
2019-03-28,232.3000030517578,234.89999389648438,227.5,231.85000610351562,208.60812377929688,5196003.0,AMBUJACEM.NS
2019-04-01,237.0,244.0,233.4499969482422,234.5500030517578,211.03746032714844,5454846.0,AMBUJACEM.NS
2019-04-02,235.0,236.5,228.8000030517578,229.9499969482422,206.89857482910156,3626882.0,AMBUJACEM.NS
2019-04-03,231.0,235.89999389648438,225.9499969482422,226.75,204.01937866210938,4591977.0,AMBUJACEM.NS
2019-04-04,226.75,229.35000610351562,222.0500030517578,222.60000610351562,200.28538513183594,11011371.0,AMBUJACEM.NS
2019-04-05,224.6999969482422,227.89999389648438,222.5500030517578,224.0,201.5450439453125,8983871.0,AMBUJACEM.NS
2019-04-08,227.75,228.89999389648438,224.4499969482422,225.60000610351562,202.9846649169922,3693810.0,AMBUJACEM.NS
2019-04-09,225.60000610351562,227.9499969482422,221.8000030517578,227.14999389648438,204.37925720214844,2110961.0,AMBUJACEM.NS
2019-04-10,226.5,227.64999389648438,223.0500030517578,223.89999389648438,201.455078125,1489964.0,AMBUJACEM.NS
2019-04-11,224.0500030517578,228.8000030517578,222.60000610351562,227.1999969482422,204.4242706298828,1907836.0,AMBUJACEM.NS
2019-04-12,227.10000610351562,230.89999389648438,226.6999969482422,229.14999389648438,206.17880249023438,2171386.0,AMBUJACEM.NS
2019-04-15,230.1999969482422,230.35000610351562,226.89999389648438,227.4499969482422,204.64918518066406,2875556.0,AMBUJACEM.NS
2019-04-16,228.39999389648438,233.0,227.64999389648438,232.0,208.7430877685547,4568324.0,AMBUJACEM.NS
2019-04-18,232.0,235.25,230.0,233.39999389648438,210.0027313232422,2742711.0,AMBUJACEM.NS
2019-04-22,231.5,232.10000610351562,225.10000610351562,226.10000610351562,203.43455505371094,1348195.0,AMBUJACEM.NS
2019-04-23,226.4499969482422,228.85000610351562,225.60000610351562,226.8000030517578,204.0643768310547,965185.0,AMBUJACEM.NS
2019-04-24,223.0,226.35000610351562,216.0500030517578,224.10000610351562,201.63502502441406,6235599.0,AMBUJACEM.NS
2019-04-25,222.35000610351562,229.85000610351562,219.5,220.5500030517578,198.44090270996094,7167694.0,AMBUJACEM.NS
2019-04-26,223.0,226.5500030517578,221.75,226.0,203.34457397460938,2114460.0,AMBUJACEM.NS
2019-04-30,227.0,227.6999969482422,217.60000610351562,220.5,198.39590454101562,9288005.0,AMBUJACEM.NS
2019-05-02,219.5,225.9499969482422,218.0500030517578,221.0500030517578,198.89077758789062,5897979.0,AMBUJACEM.NS
2019-05-03,221.5,223.3000030517578,220.14999389648438,221.6999969482422,199.47560119628906,1515314.0,AMBUJACEM.NS
2019-05-06,220.25,221.25,218.0500030517578,219.6999969482422,197.67611694335938,1376657.0,AMBUJACEM.NS
2019-05-07,221.25,222.4499969482422,217.5,218.1999969482422,196.32647705078125,1610407.0,AMBUJACEM.NS
2019-05-08,218.25,219.10000610351562,212.39999389648438,213.35000610351562,191.96267700195312,3350658.0,AMBUJACEM.NS
2019-05-09,212.5,214.75,210.5500030517578,213.9499969482422,192.50250244140625,1599486.0,AMBUJACEM.NS
2019-05-10,213.9499969482422,215.89999389648438,213.10000610351562,214.75,193.22230529785156,1105200.0,AMBUJACEM.NS
2019-05-13,214.10000610351562,215.6999969482422,208.9499969482422,210.0,188.94847106933594,1616073.0,AMBUJACEM.NS
2019-05-14,209.89999389648438,214.9499969482422,208.0500030517578,213.10000610351562,191.73773193359375,1809112.0,AMBUJACEM.NS
2019-05-15,213.14999389648438,213.9499969482422,208.75,209.75,188.7235565185547,3417094.0,AMBUJACEM.NS
2019-05-16,208.60000610351562,216.9499969482422,208.1999969482422,215.25,193.67218017578125,2642018.0,AMBUJACEM.NS
2019-05-17,214.4499969482422,220.0,213.1999969482422,219.0,197.04627990722656,3107238.0,AMBUJACEM.NS
2019-05-20,224.0,228.85000610351562,220.0,224.1999969482422,201.72499084472656,6025899.0,AMBUJACEM.NS
2019-05-21,225.10000610351562,227.0500030517578,219.14999389648438,220.4499969482422,198.35093688964844,3868084.0,AMBUJACEM.NS
2019-05-22,220.5,223.10000610351562,218.6999969482422,220.5500030517578,198.44090270996094,1891609.0,AMBUJACEM.NS
2019-05-23,224.35000610351562,230.8000030517578,221.60000610351562,222.5500030517578,200.24041748046875,5029385.0,AMBUJACEM.NS
2019-05-24,223.1999969482422,232.8000030517578,222.5500030517578,231.64999389648438,208.4281768798828,5347116.0,AMBUJACEM.NS
2019-05-27,233.0,239.89999389648438,231.14999389648438,239.14999389648438,215.17633056640625,2276077.0,AMBUJACEM.NS
2019-05-28,238.0,240.25,235.6999969482422,238.39999389648438,214.50149536132812,5089113.0,AMBUJACEM.NS
2019-05-29,238.1999969482422,238.39999389648438,233.14999389648438,233.85000610351562,210.40762329101562,1736796.0,AMBUJACEM.NS
2019-05-30,233.89999389648438,235.25,232.10000610351562,233.0,209.642822265625,2792300.0,AMBUJACEM.NS
2019-05-31,234.9499969482422,235.0,228.0,230.60000610351562,207.48342895507812,2038520.0,AMBUJACEM.NS
2019-06-03,232.89999389648438,237.8000030517578,229.39999389648438,237.14999389648438,213.3768310546875,2560455.0,AMBUJACEM.NS
2019-06-04,235.25,237.85000610351562,226.3000030517578,226.9499969482422,204.19932556152344,3043423.0,AMBUJACEM.NS
2019-06-06,228.75,228.75,220.0,221.75,199.52059936523438,4193682.0,AMBUJACEM.NS
2019-06-07,222.5,226.9499969482422,220.89999389648438,222.25,199.97048950195312,2565750.0,AMBUJACEM.NS
2019-06-10,222.4499969482422,225.0,221.75,223.10000610351562,200.73529052734375,2438810.0,AMBUJACEM.NS
2019-06-11,224.0,224.89999389648438,221.5500030517578,223.25,200.8702392578125,1805276.0,AMBUJACEM.NS
2019-06-12,219.5500030517578,222.8000030517578,219.5500030517578,220.5500030517578,198.44090270996094,1890005.0,AMBUJACEM.NS
2019-06-13,220.9499969482422,222.0,216.14999389648438,220.4499969482422,198.35093688964844,1941299.0,AMBUJACEM.NS
2019-06-14,220.0,220.8000030517578,213.25,214.1999969482422,192.72744750976562,1998514.0,AMBUJACEM.NS
2019-06-17,215.39999389648438,215.39999389648438,204.8000030517578,205.60000610351562,184.98956298828125,3979462.0,AMBUJACEM.NS
2019-06-18,205.6999969482422,210.89999389648438,205.6999969482422,210.0,188.94847106933594,1935444.0,AMBUJACEM.NS
2019-06-19,211.25,212.4499969482422,205.3000030517578,206.4499969482422,185.7543487548828,3145947.0,AMBUJACEM.NS
2019-06-20,207.1999969482422,214.3000030517578,204.8000030517578,213.6999969482422,192.27757263183594,1857056.0,AMBUJACEM.NS
2019-06-21,213.6999969482422,215.1999969482422,211.89999389648438,212.85000610351562,191.51278686523438,4181731.0,AMBUJACEM.NS
2019-06-24,213.10000610351562,216.89999389648438,212.5,215.0,193.44728088378906,2639044.0,AMBUJACEM.NS
2019-06-25,214.35000610351562,216.0,211.3000030517578,215.14999389648438,193.5822296142578,2274581.0,AMBUJACEM.NS
2019-06-26,215.0,219.89999389648438,214.5,219.35000610351562,197.36119079589844,2806007.0,AMBUJACEM.NS
2019-06-27,218.5,219.89999389648438,216.60000610351562,218.4499969482422,196.55140686035156,2614407.0,AMBUJACEM.NS
2019-06-28,219.5,219.5,212.0500030517578,212.85000610351562,191.51278686523438,1995352.0,AMBUJACEM.NS
2019-07-01,214.4499969482422,216.0,211.5,212.9499969482422,191.60275268554688,2294542.0,AMBUJACEM.NS
2019-07-02,213.8000030517578,215.0,213.35000610351562,214.9499969482422,193.4022674560547,1735201.0,AMBUJACEM.NS
2019-07-03,215.0,215.75,213.10000610351562,214.9499969482422,193.4022674560547,1379872.0,AMBUJACEM.NS
2019-07-04,215.39999389648438,217.5,214.5,216.10000610351562,194.43698120117188,2031484.0,AMBUJACEM.NS
2019-07-05,217.3000030517578,218.9499969482422,209.39999389648438,210.1999969482422,189.12844848632812,2278543.0,AMBUJACEM.NS
2019-07-08,209.85000610351562,209.85000610351562,203.8000030517578,205.39999389648438,184.8096160888672,2756090.0,AMBUJACEM.NS
2019-07-09,205.75,211.89999389648438,203.75,211.10000610351562,189.93821716308594,2289398.0,AMBUJACEM.NS
2019-07-10,211.8000030517578,211.9499969482422,207.89999389648438,208.85000610351562,187.9137725830078,1424627.0,AMBUJACEM.NS
2019-07-11,209.64999389648438,212.8000030517578,209.5500030517578,211.6999969482422,190.4780731201172,874940.0,AMBUJACEM.NS
2019-07-12,213.3000030517578,216.25,212.5,214.1999969482422,192.72744750976562,2316539.0,AMBUJACEM.NS
2019-07-15,215.0,219.89999389648438,211.1999969482422,219.60000610351562,197.5861358642578,2672310.0,AMBUJACEM.NS
2019-07-16,219.75,220.75,216.5500030517578,219.89999389648438,197.85604858398438,3230318.0,AMBUJACEM.NS
2019-07-17,220.0,221.6999969482422,216.8000030517578,219.25,197.27120971679688,2325693.0,AMBUJACEM.NS
2019-07-18,219.0,221.1999969482422,215.10000610351562,216.9499969482422,195.2017822265625,3614814.0,AMBUJACEM.NS
2019-07-19,222.0,223.8000030517578,212.0500030517578,214.0,192.5474853515625,7523729.0,AMBUJACEM.NS
2019-07-22,213.5,216.6999969482422,210.5500030517578,215.8000030517578,194.16705322265625,2095341.0,AMBUJACEM.NS
2019-07-23,216.1999969482422,219.14999389648438,215.14999389648438,217.64999389648438,195.83160400390625,3846881.0,AMBUJACEM.NS
2019-07-24,217.5,218.9499969482422,213.4499969482422,215.6999969482422,194.07708740234375,1690968.0,AMBUJACEM.NS
2019-07-25,216.10000610351562,220.0,211.0,214.0500030517578,192.59249877929688,4148175.0,AMBUJACEM.NS
2019-07-26,215.3000030517578,215.60000610351562,209.10000610351562,213.4499969482422,192.05262756347656,4479103.0,AMBUJACEM.NS
2019-07-29,213.5,213.89999389648438,204.10000610351562,205.14999389648438,184.58465576171875,3642296.0,AMBUJACEM.NS
2019-07-30,205.89999389648438,208.0,201.10000610351562,202.10000610351562,181.8404541015625,2875238.0,AMBUJACEM.NS
2019-07-31,201.60000610351562,202.9499969482422,197.8000030517578,201.89999389648438,181.66046142578125,4384931.0,AMBUJACEM.NS
2019-08-01,201.6999969482422,201.9499969482422,194.10000610351562,196.8000030517578,177.07171630859375,4009344.0,AMBUJACEM.NS
2019-08-02,194.6999969482422,202.14999389648438,194.25,199.5,179.50106811523438,3109814.0,AMBUJACEM.NS
2019-08-05,197.60000610351562,199.5,194.85000610351562,197.25,177.47662353515625,2295191.0,AMBUJACEM.NS
2019-08-06,195.3000030517578,203.3000030517578,195.3000030517578,201.85000610351562,181.61549377441406,4770543.0,AMBUJACEM.NS
2019-08-07,202.3000030517578,206.25,201.4499969482422,204.89999389648438,184.3597412109375,6120163.0,AMBUJACEM.NS
2019-08-08,204.89999389648438,211.4499969482422,203.85000610351562,206.3000030517578,185.61940002441406,5105516.0,AMBUJACEM.NS
2019-08-09,208.0,214.89999389648438,208.0,212.9499969482422,191.60275268554688,5559737.0,AMBUJACEM.NS
2019-08-13,212.9499969482422,213.75,207.1999969482422,208.39999389648438,187.50888061523438,5125593.0,AMBUJACEM.NS
2019-08-14,208.4499969482422,215.1999969482422,208.4499969482422,214.0,192.5474853515625,3676384.0,AMBUJACEM.NS
2019-08-16,213.89999389648438,214.9499969482422,209.64999389648438,213.89999389648438,192.45751953125,2152191.0,AMBUJACEM.NS
2019-08-19,214.39999389648438,216.60000610351562,211.3000030517578,212.0,190.7480010986328,1881382.0,AMBUJACEM.NS
2019-08-20,212.10000610351562,212.5,205.14999389648438,205.85000610351562,185.21450805664062,1823430.0,AMBUJACEM.NS
2019-08-21,206.0,206.75,200.5,201.10000610351562,180.94065856933594,2235406.0,AMBUJACEM.NS
2019-08-22,200.8000030517578,200.89999389648438,196.5,197.5500030517578,177.74655151367188,2970844.0,AMBUJACEM.NS
2019-08-23,196.60000610351562,199.6999969482422,196.0500030517578,197.3000030517578,177.5216064453125,5629349.0,AMBUJACEM.NS
2019-08-26,202.39999389648438,203.35000610351562,194.60000610351562,202.64999389648438,182.3352813720703,3332737.0,AMBUJACEM.NS
2019-08-27,203.5,207.6999969482422,202.85000610351562,205.10000610351562,184.53968811035156,2434000.0,AMBUJACEM.NS
2019-08-28,205.0,207.5,202.75,205.0,184.44970703125,1674581.0,AMBUJACEM.NS
2019-08-29,203.5500030517578,205.14999389648438,199.39999389648438,200.0500030517578,179.99594116210938,3138802.0,AMBUJACEM.NS
2019-08-30,201.0,202.9499969482422,199.14999389648438,202.35000610351562,182.0653533935547,3324682.0,AMBUJACEM.NS
2019-09-03,200.0,200.64999389648438,192.3000030517578,193.35000610351562,173.96759033203125,5785632.0,AMBUJACEM.NS
2019-09-04,193.0,193.0,188.4499969482422,190.89999389648438,171.76316833496094,5847593.0,AMBUJACEM.NS
2019-09-05,192.5500030517578,193.8000030517578,190.39999389648438,193.1999969482422,173.8325958251953,2928347.0,AMBUJACEM.NS
2019-09-06,193.60000610351562,196.6999969482422,193.3000030517578,194.6999969482422,175.18222045898438,1565369.0,AMBUJACEM.NS
2019-09-09,195.0,197.8000030517578,193.64999389648438,195.5,175.90203857421875,1534947.0,AMBUJACEM.NS
2019-09-11,195.75,198.35000610351562,195.75,197.35000610351562,177.56658935546875,1746891.0,AMBUJACEM.NS
2019-09-12,197.5,200.1999969482422,195.10000610351562,195.75,176.12698364257812,2256605.0,AMBUJACEM.NS
2019-09-13,196.0,202.14999389648438,193.89999389648438,201.0,180.85069274902344,2245097.0,AMBUJACEM.NS
2019-09-16,199.5,203.89999389648438,197.35000610351562,201.4499969482422,181.25558471679688,2090311.0,AMBUJACEM.NS
2019-09-17,200.85000610351562,201.1999969482422,193.5,194.35000610351562,174.86734008789062,2829653.0,AMBUJACEM.NS
2019-09-18,195.0,196.6999969482422,194.10000610351562,195.8000030517578,176.17196655273438,2266964.0,AMBUJACEM.NS
2019-09-19,195.5,196.5,190.25,191.8000030517578,172.5729522705078,2032982.0,AMBUJACEM.NS
2019-09-20,192.1999969482422,217.35000610351562,191.25,215.1999969482422,193.627197265625,8240226.0,AMBUJACEM.NS
2019-09-23,216.1999969482422,225.0,216.1999969482422,220.5500030517578,198.44090270996094,5258243.0,AMBUJACEM.NS
2019-09-24,219.4499969482422,219.4499969482422,212.6999969482422,215.75,194.12208557128906,2701974.0,AMBUJACEM.NS
2019-09-25,214.9499969482422,215.6999969482422,207.3000030517578,210.10000610351562,189.03846740722656,3960724.0,AMBUJACEM.NS
2019-09-26,210.35000610351562,213.8000030517578,207.60000610351562,210.5,189.3983612060547,3991305.0,AMBUJACEM.NS
2019-09-27,210.10000610351562,210.60000610351562,205.85000610351562,207.0500030517578,186.29420471191406,1996223.0,AMBUJACEM.NS
2019-09-30,207.0,207.0,202.5,203.9499969482422,183.5049591064453,2199055.0,AMBUJACEM.NS
2019-10-01,204.39999389648438,205.64999389648438,193.6999969482422,199.85000610351562,179.8159637451172,3940452.0,AMBUJACEM.NS
2019-10-03,198.39999389648438,201.25,193.75,196.35000610351562,176.6668243408203,2884359.0,AMBUJACEM.NS
2019-10-04,197.5,198.1999969482422,188.85000610351562,189.64999389648438,170.6384735107422,2548653.0,AMBUJACEM.NS
2019-10-07,190.6999969482422,190.75,185.25,185.9499969482422,167.30938720703125,2614126.0,AMBUJACEM.NS
2019-10-09,185.5,193.35000610351562,184.10000610351562,192.35000610351562,173.06781005859375,3360027.0,AMBUJACEM.NS
2019-10-10,191.3000030517578,191.6999969482422,186.85000610351562,188.0,169.15386962890625,1878899.0,AMBUJACEM.NS
2019-10-11,189.14999389648438,190.75,186.85000610351562,189.1999969482422,170.23358154296875,2290001.0,AMBUJACEM.NS
2019-10-14,189.85000610351562,195.3000030517578,188.75,194.0500030517578,174.59739685058594,2856315.0,AMBUJACEM.NS
2019-10-15,194.89999389648438,198.5,194.0,196.9499969482422,177.20668029785156,2661814.0,AMBUJACEM.NS
2019-10-16,199.1999969482422,203.10000610351562,198.6999969482422,202.6999969482422,182.38027954101562,3790120.0,AMBUJACEM.NS
2019-10-17,203.0,208.1999969482422,202.0500030517578,206.89999389648438,186.15924072265625,3304474.0,AMBUJACEM.NS
2019-10-18,208.0500030517578,209.8000030517578,206.1999969482422,207.64999389648438,186.8340606689453,3446793.0,AMBUJACEM.NS
2019-10-22,205.0,205.39999389648438,192.5,195.89999389648438,176.26194763183594,9355044.0,AMBUJACEM.NS
2019-10-23,196.0,197.8000030517578,193.10000610351562,196.8000030517578,177.07171630859375,2890392.0,AMBUJACEM.NS
2019-10-24,198.0,199.4499969482422,194.5,197.64999389648438,177.8365020751953,3930744.0,AMBUJACEM.NS
2019-10-25,198.1999969482422,199.10000610351562,195.3000030517578,197.4499969482422,177.65655517578125,2875494.0,AMBUJACEM.NS
2019-10-27,197.64999389648438,198.89999389648438,197.0,197.5500030517578,177.74655151367188,178702.0,AMBUJACEM.NS
2019-10-29,197.89999389648438,200.0,196.89999389648438,199.1999969482422,179.23114013671875,2409517.0,AMBUJACEM.NS
2019-10-30,199.8000030517578,203.6999969482422,199.64999389648438,200.60000610351562,180.4907989501953,2471767.0,AMBUJACEM.NS
2019-10-31,202.0,203.0,199.1999969482422,202.3000030517578,182.02037048339844,2177954.0,AMBUJACEM.NS
2019-11-01,203.0,204.0,199.8000030517578,201.60000610351562,181.3905487060547,2770430.0,AMBUJACEM.NS
2019-11-04,203.0,206.6999969482422,202.14999389648438,203.35000610351562,182.96511840820312,4243318.0,AMBUJACEM.NS
2019-11-05,203.85000610351562,204.35000610351562,200.5,201.5500030517578,181.34556579589844,2190913.0,AMBUJACEM.NS
2019-11-06,201.9499969482422,203.75,199.89999389648438,202.25,181.97540283203125,1636076.0,AMBUJACEM.NS
2019-11-07,203.5,205.0,201.75,203.1999969482422,182.8301544189453,2560585.0,AMBUJACEM.NS
2019-11-08,203.1999969482422,204.89999389648438,200.0,202.25,181.97540283203125,2181870.0,AMBUJACEM.NS
2019-11-11,200.0,201.9499969482422,198.75,200.14999389648438,180.08590698242188,1436622.0,AMBUJACEM.NS
2019-11-13,200.14999389648438,202.1999969482422,194.5500030517578,195.25,175.67709350585938,2726347.0,AMBUJACEM.NS
2019-11-14,195.10000610351562,201.0,193.0,200.5500030517578,180.44580078125,4639427.0,AMBUJACEM.NS
2019-11-15,200.3000030517578,202.25,199.0,201.0,180.85069274902344,2190854.0,AMBUJACEM.NS
2019-11-18,202.0,204.14999389648438,200.3000030517578,201.1999969482422,181.03062438964844,1975524.0,AMBUJACEM.NS
2019-11-19,201.4499969482422,202.4499969482422,198.6999969482422,201.39999389648438,181.21060180664062,2382060.0,AMBUJACEM.NS
2019-11-20,201.64999389648438,203.0,201.0,201.60000610351562,181.3905487060547,1906946.0,AMBUJACEM.NS
2019-11-21,201.60000610351562,202.1999969482422,200.3000030517578,201.0500030517578,180.8956756591797,1272618.0,AMBUJACEM.NS
2019-11-22,200.6999969482422,202.1999969482422,198.10000610351562,200.8000030517578,180.67074584960938,4861070.0,AMBUJACEM.NS
2019-11-25,201.0,201.14999389648438,198.0,200.6999969482422,180.58078002929688,1484115.0,AMBUJACEM.NS
2019-11-26,200.9499969482422,203.0,198.10000610351562,200.3000030517578,180.2208709716797,3628754.0,AMBUJACEM.NS
2019-11-27,200.6999969482422,205.1999969482422,200.0500030517578,203.6999969482422,183.28004455566406,2692917.0,AMBUJACEM.NS
2019-11-28,204.14999389648438,206.25,203.3000030517578,204.9499969482422,184.40472412109375,3042069.0,AMBUJACEM.NS
2019-11-29,206.0,208.1999969482422,203.89999389648438,204.64999389648438,184.13479614257812,2788327.0,AMBUJACEM.NS
2019-12-02,205.5,211.0,204.64999389648438,209.85000610351562,188.81350708007812,3517119.0,AMBUJACEM.NS
2019-12-03,210.4499969482422,210.85000610351562,201.4499969482422,202.0500030517578,181.79542541503906,3310100.0,AMBUJACEM.NS
2019-12-04,201.14999389648438,206.0,200.8000030517578,205.4499969482422,184.85459899902344,4612402.0,AMBUJACEM.NS
2019-12-05,204.6999969482422,206.39999389648438,200.89999389648438,201.1999969482422,181.03062438964844,2482546.0,AMBUJACEM.NS
2019-12-06,202.14999389648438,203.0,199.35000610351562,200.89999389648438,180.76071166992188,1407240.0,AMBUJACEM.NS
2019-12-09,200.89999389648438,201.85000610351562,198.39999389648438,199.6999969482422,179.68099975585938,1881525.0,AMBUJACEM.NS
2019-12-10,199.89999389648438,200.35000610351562,195.3000030517578,195.85000610351562,176.2169647216797,1652751.0,AMBUJACEM.NS
2019-12-11,196.5,197.25,190.1999969482422,191.5,172.30300903320312,4141191.0,AMBUJACEM.NS
2019-12-12,192.5,194.35000610351562,191.0500030517578,193.25,173.87757873535156,1583815.0,AMBUJACEM.NS
2019-12-13,194.1999969482422,199.35000610351562,193.64999389648438,197.89999389648438,178.06143188476562,2466144.0,AMBUJACEM.NS
2019-12-16,197.5,199.0,193.8000030517578,194.4499969482422,174.957275390625,3104923.0,AMBUJACEM.NS
2019-12-17,195.25,199.1999969482422,194.1999969482422,198.5500030517578,178.6462860107422,1508604.0,AMBUJACEM.NS
2019-12-18,198.60000610351562,199.8000030517578,194.1999969482422,196.5500030517578,176.8468017578125,2341481.0,AMBUJACEM.NS
2019-12-19,196.5,198.25,195.64999389648438,197.0,177.2516632080078,931812.0,AMBUJACEM.NS
2019-12-20,195.75,197.0,193.10000610351562,194.4499969482422,174.957275390625,5153265.0,AMBUJACEM.NS
2019-12-23,194.0,198.5500030517578,193.89999389648438,197.75,177.92648315429688,2275861.0,AMBUJACEM.NS
2019-12-24,198.0,198.64999389648438,195.25,196.5500030517578,176.8468017578125,938136.0,AMBUJACEM.NS
2019-12-26,196.60000610351562,197.4499969482422,193.60000610351562,194.10000610351562,174.6423797607422,1119466.0,AMBUJACEM.NS
2019-12-27,195.0,195.85000610351562,194.14999389648438,194.89999389648438,175.36219787597656,2876977.0,AMBUJACEM.NS
2019-12-30,194.6999969482422,197.39999389648438,193.5,195.64999389648438,176.0369873046875,2510251.0,AMBUJACEM.NS
2019-12-31,195.6999969482422,198.25,194.64999389648438,196.25,176.57684326171875,1972433.0,AMBUJACEM.NS
2020-01-01,197.1999969482422,197.75,195.8000030517578,197.0,177.2516632080078,1459556.0,AMBUJACEM.NS
2020-01-02,197.35000610351562,206.39999389648438,197.1999969482422,205.35000610351562,184.76463317871094,8633553.0,AMBUJACEM.NS
2020-01-03,204.9499969482422,205.8000030517578,202.25,203.39999389648438,183.0100860595703,2007973.0,AMBUJACEM.NS
2020-01-06,202.85000610351562,202.85000610351562,196.35000610351562,196.89999389648438,177.16168212890625,2119702.0,AMBUJACEM.NS
2020-01-07,198.10000610351562,202.5500030517578,196.6999969482422,199.0,179.05117797851562,3557312.0,AMBUJACEM.NS
2020-01-08,196.0,204.60000610351562,195.64999389648438,201.64999389648438,181.43553161621094,4943334.0,AMBUJACEM.NS
2020-01-09,203.89999389648438,209.3000030517578,203.85000610351562,207.9499969482422,187.10398864746094,5537880.0,AMBUJACEM.NS
2020-01-10,208.5500030517578,214.0,206.8000030517578,211.75,190.52304077148438,5362463.0,AMBUJACEM.NS
2020-01-13,212.60000610351562,214.8000030517578,210.64999389648438,211.5,190.29811096191406,2628821.0,AMBUJACEM.NS
2020-01-14,212.1999969482422,212.4499969482422,208.8000030517578,209.3000030517578,188.31866455078125,3725008.0,AMBUJACEM.NS
2020-01-15,209.0,212.89999389648438,206.64999389648438,212.0500030517578,190.79296875,3359831.0,AMBUJACEM.NS
2020-01-16,213.5,214.39999389648438,209.10000610351562,209.75,188.7235565185547,3126006.0,AMBUJACEM.NS
2020-01-17,209.64999389648438,212.39999389648438,208.60000610351562,210.39999389648438,189.30836486816406,1968147.0,AMBUJACEM.NS
2020-01-20,211.39999389648438,211.75,206.64999389648438,207.0500030517578,186.29420471191406,1743715.0,AMBUJACEM.NS
2020-01-21,206.0,209.89999389648438,205.6999969482422,207.60000610351562,186.7890625,3142796.0,AMBUJACEM.NS
2020-01-22,208.89999389648438,212.1999969482422,208.3000030517578,210.35000610351562,189.26341247558594,3780055.0,AMBUJACEM.NS
2020-01-23,210.0,214.9499969482422,209.4499969482422,213.64999389648438,192.2325897216797,4656562.0,AMBUJACEM.NS
2020-01-24,214.10000610351562,216.89999389648438,212.60000610351562,215.9499969482422,194.302001953125,3540793.0,AMBUJACEM.NS
2020-01-27,214.60000610351562,218.89999389648438,214.3000030517578,215.5500030517578,193.94212341308594,2903622.0,AMBUJACEM.NS
2020-01-28,215.8000030517578,220.25,214.0500030517578,216.14999389648438,194.48196411132812,5093967.0,AMBUJACEM.NS
2020-01-29,216.75,218.25,213.25,214.0500030517578,192.59249877929688,3410299.0,AMBUJACEM.NS
2020-01-30,214.14999389648438,214.1999969482422,208.6999969482422,209.89999389648438,188.85850524902344,2971434.0,AMBUJACEM.NS
2020-01-31,210.5500030517578,211.75,203.5,204.5,183.99984741210938,2906515.0,AMBUJACEM.NS
2020-02-03,196.0500030517578,202.4499969482422,196.0500030517578,200.75,180.62576293945312,4031740.0,AMBUJACEM.NS
2020-02-04,202.8000030517578,210.0,202.4499969482422,206.8000030517578,186.0692596435547,3761981.0,AMBUJACEM.NS
2020-02-05,206.89999389648438,208.75,205.1999969482422,206.39999389648438,185.70936584472656,4000586.0,AMBUJACEM.NS
2020-02-06,207.25,209.25,204.5500030517578,207.5,186.6990966796875,3569538.0,AMBUJACEM.NS
2020-02-07,207.60000610351562,212.0,207.14999389648438,209.8000030517578,188.76852416992188,1957283.0,AMBUJACEM.NS
2020-02-10,209.8000030517578,210.8000030517578,206.14999389648438,207.10000610351562,186.33920288085938,1734578.0,AMBUJACEM.NS
2020-02-11,208.10000610351562,213.4499969482422,208.0,212.0,190.7480010986328,4444457.0,AMBUJACEM.NS
2020-02-12,212.0,214.0,210.25,211.39999389648438,190.20814514160156,3036372.0,AMBUJACEM.NS
2020-02-13,210.60000610351562,211.4499969482422,207.89999389648438,208.5500030517578,187.64385986328125,1177002.0,AMBUJACEM.NS
2020-02-14,208.39999389648438,212.25,205.0,205.64999389648438,185.0345458984375,3183445.0,AMBUJACEM.NS
2020-02-17,205.35000610351562,206.35000610351562,202.3000030517578,203.8000030517578,183.37001037597656,1397181.0,AMBUJACEM.NS
2020-02-18,203.25,203.60000610351562,197.75,200.85000610351562,180.7157440185547,4007197.0,AMBUJACEM.NS
2020-02-19,202.25,206.39999389648438,201.6999969482422,205.8000030517578,185.1695098876953,1630613.0,AMBUJACEM.NS
2020-02-20,204.9499969482422,210.25,200.10000610351562,205.39999389648438,184.8096160888672,3826080.0,AMBUJACEM.NS
2020-02-24,206.85000610351562,212.6999969482422,202.0,209.89999389648438,188.85850524902344,7946307.0,AMBUJACEM.NS
2020-02-25,211.0,214.0,209.3000030517578,211.60000610351562,190.38807678222656,6147428.0,AMBUJACEM.NS
2020-02-26,211.89999389648438,216.0500030517578,210.0500030517578,213.60000610351562,192.18759155273438,6034979.0,AMBUJACEM.NS
2020-02-27,213.60000610351562,215.14999389648438,210.5,211.60000610351562,190.38807678222656,3753324.0,AMBUJACEM.NS
2020-02-28,207.75,209.39999389648438,203.25,205.0500030517578,184.4947052001953,7650031.0,AMBUJACEM.NS
2020-03-02,208.60000610351562,216.5500030517578,199.8000030517578,202.25,181.97540283203125,5187934.0,AMBUJACEM.NS
2020-03-03,203.89999389648438,212.1999969482422,203.64999389648438,211.14999389648438,189.98318481445312,4549626.0,AMBUJACEM.NS
2020-03-04,211.35000610351562,213.0,204.6999969482422,208.10000610351562,187.23895263671875,3541106.0,AMBUJACEM.NS
2020-03-05,208.1999969482422,211.89999389648438,203.64999389648438,204.39999389648438,183.9098358154297,2414347.0,AMBUJACEM.NS
2020-03-06,198.75,206.5500030517578,195.39999389648438,205.10000610351562,184.53968811035156,2587514.0,AMBUJACEM.NS
2020-03-09,199.8000030517578,203.25,191.4499969482422,193.6999969482422,174.282470703125,3909789.0,AMBUJACEM.NS
2020-03-11,194.10000610351562,196.4499969482422,189.8000030517578,190.4499969482422,171.3582763671875,3553042.0,AMBUJACEM.NS
2020-03-12,183.0,183.75,169.10000610351562,175.5,157.9069366455078,8015838.0,AMBUJACEM.NS
2020-03-13,166.0,190.6999969482422,152.0500030517578,187.75,168.928955078125,3970438.0,AMBUJACEM.NS
2020-03-16,180.0,184.0500030517578,172.14999389648438,179.4499969482422,161.46096801757812,5362750.0,AMBUJACEM.NS
2020-03-17,180.5,181.75,170.10000610351562,171.39999389648438,154.2179412841797,6785864.0,AMBUJACEM.NS
2020-03-18,174.39999389648438,174.85000610351562,158.14999389648438,159.64999389648438,143.6458282470703,5655031.0,AMBUJACEM.NS
2020-03-19,154.0,161.14999389648438,149.39999389648438,153.9499969482422,138.51724243164062,11032806.0,AMBUJACEM.NS
2020-03-20,153.9499969482422,168.5500030517578,151.39999389648438,160.39999389648438,144.3206329345703,14150719.0,AMBUJACEM.NS
2020-03-23,145.0,150.89999389648438,139.5500030517578,145.85000610351562,131.22921752929688,4517269.0,AMBUJACEM.NS
2020-03-24,145.10000610351562,155.8000030517578,140.10000610351562,142.14999389648438,127.9001235961914,3874319.0,AMBUJACEM.NS
2020-03-25,139.0,144.4499969482422,138.0,139.35000610351562,125.38082885742188,6937525.0,AMBUJACEM.NS
2020-03-26,141.25,146.60000610351562,136.5500030517578,144.0500030517578,129.6096649169922,14408540.0,AMBUJACEM.NS
2020-03-27,148.5500030517578,152.0,141.0,141.5500030517578,127.36028289794922,7706424.0,AMBUJACEM.NS
2020-03-30,140.0,154.6999969482422,137.39999389648438,148.25,133.38864135742188,6410760.0,AMBUJACEM.NS
2020-03-31,152.0,157.0,146.6999969482422,155.6999969482422,140.09178161621094,3947970.0,AMBUJACEM.NS
2020-04-01,155.39999389648438,158.39999389648438,150.6999969482422,156.64999389648438,140.9465789794922,2690125.0,AMBUJACEM.NS
2020-04-03,156.60000610351562,156.64999389648438,151.5500030517578,153.0,137.6624755859375,3738943.0,AMBUJACEM.NS
2020-04-07,154.0,160.5,153.5,159.0,143.0609893798828,6642876.0,AMBUJACEM.NS
2020-04-08,158.5,159.5,148.1999969482422,149.6999969482422,134.69326782226562,10421305.0,AMBUJACEM.NS
2020-04-09,151.1999969482422,160.60000610351562,150.75,158.8000030517578,142.88104248046875,8828432.0,AMBUJACEM.NS
2020-04-13,158.9499969482422,172.35000610351562,157.25,165.0,148.4595184326172,12551498.0,AMBUJACEM.NS
2020-04-15,167.10000610351562,173.9499969482422,167.10000610351562,168.5500030517578,151.65365600585938,9909012.0,AMBUJACEM.NS
2020-04-16,167.10000610351562,174.64999389648438,163.85000610351562,169.6999969482422,152.68836975097656,6792496.0,AMBUJACEM.NS
2020-04-17,174.0,175.5,169.39999389648438,172.9499969482422,155.61257934570312,3706597.0,AMBUJACEM.NS
2020-04-20,175.89999389648438,175.89999389648438,169.9499969482422,170.3000030517578,153.2282257080078,2682022.0,AMBUJACEM.NS
2020-04-21,167.75,169.4499969482422,164.10000610351562,167.5500030517578,150.75390625,2369603.0,AMBUJACEM.NS
2020-04-22,167.39999389648438,177.6999969482422,166.35000610351562,176.5,158.80670166015625,5333046.0,AMBUJACEM.NS
2020-04-23,178.5,179.5,170.39999389648438,171.4499969482422,154.262939453125,4629629.0,AMBUJACEM.NS
2020-04-24,169.89999389648438,171.60000610351562,166.1999969482422,167.9499969482422,151.11380004882812,2729008.0,AMBUJACEM.NS
2020-04-27,170.39999389648438,174.0,168.60000610351562,172.3000030517578,155.02774047851562,4140704.0,AMBUJACEM.NS
2020-04-28,179.0,179.0,166.85000610351562,167.6999969482422,150.88885498046875,13325257.0,AMBUJACEM.NS
2020-04-29,166.89999389648438,170.75,165.64999389648438,169.5,152.5084228515625,3900447.0,AMBUJACEM.NS
2020-04-30,171.1999969482422,174.85000610351562,170.5500030517578,171.64999389648438,154.44287109375,4691743.0,AMBUJACEM.NS
2020-05-04,167.25,169.8000030517578,161.5,162.35000610351562,146.0751953125,4948952.0,AMBUJACEM.NS
2020-05-05,165.0,168.85000610351562,163.75,164.8000030517578,148.27957153320312,4097025.0,AMBUJACEM.NS
2020-05-06,165.60000610351562,170.5500030517578,164.5,167.85000610351562,151.02383422851562,7032421.0,AMBUJACEM.NS
2020-05-07,167.89999389648438,170.8000030517578,166.8000030517578,168.60000610351562,151.69863891601562,4497992.0,AMBUJACEM.NS
2020-05-08,170.6999969482422,172.9499969482422,168.75,169.35000610351562,152.3734588623047,3874840.0,AMBUJACEM.NS
2020-05-11,170.14999389648438,174.6999969482422,170.14999389648438,173.9499969482422,156.5123291015625,4258713.0,AMBUJACEM.NS
2020-05-12,173.5,176.3000030517578,170.64999389648438,175.1999969482422,157.6370086669922,3910077.0,AMBUJACEM.NS
2020-05-13,182.10000610351562,191.0,182.0,183.0,164.65512084960938,14928662.0,AMBUJACEM.NS
2020-05-14,181.1999969482422,184.1999969482422,178.64999389648438,182.5,164.20523071289062,2891248.0,AMBUJACEM.NS
2020-05-15,184.0,184.6999969482422,179.85000610351562,181.8000030517578,163.5753936767578,6194720.0,AMBUJACEM.NS
2020-05-18,182.0,182.4499969482422,171.0,172.14999389648438,154.89276123046875,3640916.0,AMBUJACEM.NS
2020-05-19,173.89999389648438,176.8000030517578,170.25,174.60000610351562,158.47802734375,3512226.0,AMBUJACEM.NS
2020-05-20,174.5,181.5500030517578,172.35000610351562,179.64999389648438,163.06173706054688,2833520.0,AMBUJACEM.NS
2020-05-21,180.6999969482422,183.6999969482422,177.5,181.0,164.28709411621094,5097083.0,AMBUJACEM.NS
2020-05-22,180.0,187.85000610351562,177.1999969482422,186.9499969482422,169.6876678466797,6953578.0,AMBUJACEM.NS
2020-05-26,187.8000030517578,190.0,185.5500030517578,188.5500030517578,171.13995361328125,5800498.0,AMBUJACEM.NS
2020-05-27,189.89999389648438,189.89999389648438,185.10000610351562,187.4499969482422,170.14151000976562,3151132.0,AMBUJACEM.NS
2020-05-28,187.25,192.0,185.39999389648438,191.3000030517578,173.63601684570312,3701233.0,AMBUJACEM.NS
2020-05-29,191.0,194.89999389648438,187.0,191.5500030517578,173.86294555664062,8512956.0,AMBUJACEM.NS
2020-06-01,191.8000030517578,195.64999389648438,188.3000030517578,188.9499969482422,171.5030059814453,6736796.0,AMBUJACEM.NS
2020-06-02,189.5,193.75,188.1999969482422,191.1999969482422,173.5452423095703,4978019.0,AMBUJACEM.NS
2020-06-03,193.25,194.0,186.75,187.75,170.413818359375,4718925.0,AMBUJACEM.NS
2020-06-04,188.14999389648438,189.25,182.0500030517578,186.75,169.5061492919922,5769947.0,AMBUJACEM.NS
2020-06-05,188.0,196.35000610351562,186.3000030517578,195.10000610351562,177.08514404296875,7431679.0,AMBUJACEM.NS
2020-06-08,198.9499969482422,198.9499969482422,190.39999389648438,191.4499969482422,173.77215576171875,4469383.0,AMBUJACEM.NS
2020-06-09,192.1999969482422,195.25,186.85000610351562,187.8000030517578,170.45921325683594,4251785.0,AMBUJACEM.NS
2020-06-10,188.10000610351562,194.35000610351562,188.10000610351562,192.0,174.27139282226562,4235647.0,AMBUJACEM.NS
2020-06-11,191.5,194.25,189.0,189.5,172.00222778320312,3397620.0,AMBUJACEM.NS
2020-06-12,181.89999389648438,194.9499969482422,181.64999389648438,193.6999969482422,175.81439208984375,5199081.0,AMBUJACEM.NS
2020-06-15,192.85000610351562,194.39999389648438,190.10000610351562,191.5,173.81753540039062,1996939.0,AMBUJACEM.NS
2020-06-16,192.60000610351562,198.39999389648438,187.8000030517578,190.60000610351562,173.0006561279297,5481750.0,AMBUJACEM.NS
2020-06-17,188.5500030517578,191.5,185.35000610351562,187.14999389648438,169.8692169189453,3189979.0,AMBUJACEM.NS
2020-06-18,187.1999969482422,189.0,185.6999969482422,187.35000610351562,170.05075073242188,3259969.0,AMBUJACEM.NS
2020-06-19,188.39999389648438,194.0,187.5500030517578,190.8000030517578,173.18218994140625,7723363.0,AMBUJACEM.NS
2020-06-22,191.4499969482422,193.3000030517578,190.5500030517578,191.10000610351562,173.45449829101562,2476845.0,AMBUJACEM.NS
2020-06-23,191.8000030517578,196.1999969482422,191.10000610351562,193.25,175.40594482421875,4619623.0,AMBUJACEM.NS
2020-06-24,194.25,198.1999969482422,186.39999389648438,188.6999969482422,171.27609252929688,6600942.0,AMBUJACEM.NS
2020-06-25,188.10000610351562,191.35000610351562,185.35000610351562,186.25,169.0523223876953,4477214.0,AMBUJACEM.NS
2020-06-26,188.0,188.6999969482422,186.14999389648438,188.0,170.64071655273438,3303912.0,AMBUJACEM.NS
2020-06-29,188.0,188.64999389648438,183.1999969482422,187.5500030517578,170.23226928710938,3555861.0,AMBUJACEM.NS
2020-06-30,187.64999389648438,194.9499969482422,187.64999389648438,193.60000610351562,175.72364807128906,6481812.0,AMBUJACEM.NS
2020-07-01,194.14999389648438,195.6999969482422,190.39999389648438,192.1999969482422,174.45289611816406,2866671.0,AMBUJACEM.NS
2020-07-02,192.6999969482422,196.39999389648438,192.0500030517578,193.6999969482422,175.81439208984375,2693150.0,AMBUJACEM.NS
2020-07-03,194.60000610351562,196.25,192.0500030517578,195.8000030517578,177.7205047607422,4168368.0,AMBUJACEM.NS
2020-07-06,197.75,198.0,193.35000610351562,193.89999389648438,175.99594116210938,2632204.0,AMBUJACEM.NS
2020-07-07,194.60000610351562,194.60000610351562,191.10000610351562,193.25,175.40594482421875,2551741.0,AMBUJACEM.NS
2020-07-08,194.25,196.60000610351562,192.8000030517578,195.5500030517578,177.4935760498047,3253782.0,AMBUJACEM.NS
2020-07-09,196.39999389648438,202.89999389648438,195.60000610351562,202.0,183.34800720214844,8857415.0,AMBUJACEM.NS
2020-07-10,202.1999969482422,204.35000610351562,196.5,197.1999969482422,178.9912109375,6643771.0,AMBUJACEM.NS
2020-07-13,197.1999969482422,199.6999969482422,193.75,198.4499969482422,180.1258087158203,5213191.0,AMBUJACEM.NS
2020-07-14,197.85000610351562,199.1999969482422,190.0,190.5,172.90989685058594,4391973.0,AMBUJACEM.NS
2020-07-15,192.5,193.25,187.6999969482422,188.64999389648438,171.230712890625,4521037.0,AMBUJACEM.NS
2020-07-16,189.4499969482422,193.0,185.6999969482422,192.5,174.72520446777344,3137329.0,AMBUJACEM.NS
2020-07-17,193.10000610351562,195.60000610351562,191.3000030517578,193.4499969482422,175.58749389648438,3254793.0,AMBUJACEM.NS
2020-07-20,195.0,197.0,194.5,195.6999969482422,177.62973022460938,2204858.0,AMBUJACEM.NS
2020-07-21,201.0,208.0,200.0,204.9499969482422,186.02561950683594,12976607.0,AMBUJACEM.NS
2020-07-22,204.9499969482422,204.9499969482422,199.10000610351562,200.89999389648438,182.34957885742188,3320086.0,AMBUJACEM.NS
2020-07-23,201.5,202.25,197.25,197.9499969482422,179.67196655273438,3302917.0,AMBUJACEM.NS
2020-07-24,197.9499969482422,202.5,196.5,200.9499969482422,182.39495849609375,5135301.0,AMBUJACEM.NS
2020-07-27,205.89999389648438,208.9499969482422,202.0500030517578,207.14999389648438,188.02247619628906,11855463.0,AMBUJACEM.NS
2020-07-28,206.75,218.85000610351562,205.8000030517578,216.6999969482422,196.69065856933594,8290461.0,AMBUJACEM.NS
2020-07-29,216.5,219.60000610351562,213.75,215.60000610351562,195.69224548339844,5678086.0,AMBUJACEM.NS
2020-07-30,216.0,222.1999969482422,213.0500030517578,221.25,200.82054138183594,5871670.0,AMBUJACEM.NS
2020-07-31,221.25,225.5,217.60000610351562,220.10000610351562,199.77671813964844,6638453.0,AMBUJACEM.NS
2020-08-03,218.5,225.8000030517578,218.5,221.14999389648438,200.72976684570312,6020079.0,AMBUJACEM.NS
2020-08-04,221.10000610351562,225.14999389648438,220.25,221.5500030517578,201.09283447265625,4706837.0,AMBUJACEM.NS
2020-08-05,221.60000610351562,224.14999389648438,219.25,220.89999389648438,200.5028533935547,4114590.0,AMBUJACEM.NS
2020-08-06,221.35000610351562,224.75,221.10000610351562,222.9499969482422,202.3635711669922,3245608.0,AMBUJACEM.NS
2020-08-07,222.0,226.25,218.60000610351562,219.5500030517578,199.2775115966797,4871444.0,AMBUJACEM.NS
2020-08-10,221.0,223.5,219.5500030517578,221.85000610351562,201.36512756347656,3306247.0,AMBUJACEM.NS
2020-08-11,222.85000610351562,229.25,221.35000610351562,222.75,202.1820068359375,6916287.0,AMBUJACEM.NS
2020-08-12,222.5,223.1999969482422,219.3000030517578,221.8000030517578,201.31976318359375,2396639.0,AMBUJACEM.NS
2020-08-13,222.3000030517578,224.85000610351562,219.8000030517578,222.0,201.50128173828125,2238706.0,AMBUJACEM.NS
2020-08-14,221.8000030517578,224.5500030517578,218.85000610351562,220.75,200.36671447753906,2751124.0,AMBUJACEM.NS
2020-08-17,221.75,222.9499969482422,218.10000610351562,219.35000610351562,199.09597778320312,2479307.0,AMBUJACEM.NS
2020-08-18,219.5,229.1999969482422,219.5,228.1999969482422,207.12879943847656,5469182.0,AMBUJACEM.NS
2020-08-19,230.1999969482422,231.85000610351562,225.6999969482422,226.9499969482422,205.9942169189453,4820916.0,AMBUJACEM.NS
2020-08-20,224.8000030517578,228.3000030517578,224.0,225.35000610351562,204.54196166992188,1540485.0,AMBUJACEM.NS
2020-08-21,226.60000610351562,228.6999969482422,224.39999389648438,225.9499969482422,205.0865478515625,1700347.0,AMBUJACEM.NS
2020-08-24,226.5,227.25,223.14999389648438,224.1999969482422,203.49813842773438,2503427.0,AMBUJACEM.NS
2020-08-25,224.60000610351562,226.1999969482422,221.10000610351562,222.35000610351562,201.81898498535156,1638069.0,AMBUJACEM.NS
2020-08-26,223.60000610351562,223.60000610351562,219.60000610351562,220.85000610351562,200.4574737548828,2595484.0,AMBUJACEM.NS
2020-08-27,222.0,223.6999969482422,220.1999969482422,221.35000610351562,200.91131591796875,2046018.0,AMBUJACEM.NS
2020-08-28,222.10000610351562,225.14999389648438,220.35000610351562,222.4499969482422,201.9097137451172,4113864.0,AMBUJACEM.NS
2020-08-31,222.5,224.10000610351562,208.5500030517578,210.5500030517578,191.10853576660156,4230643.0,AMBUJACEM.NS
2020-09-01,211.0,214.35000610351562,208.39999389648438,213.0,193.33230590820312,4386376.0,AMBUJACEM.NS
2020-09-02,213.25,218.5,211.25,217.25,197.1898956298828,3871634.0,AMBUJACEM.NS
2020-09-03,218.3000030517578,220.0,213.5,214.60000610351562,194.78457641601562,3292415.0,AMBUJACEM.NS
2020-09-04,211.6999969482422,212.60000610351562,207.0,208.5,189.24783325195312,3950168.0,AMBUJACEM.NS
2020-09-07,208.5,212.35000610351562,206.4499969482422,210.5500030517578,191.10853576660156,4220400.0,AMBUJACEM.NS
2020-09-08,210.5,210.5,205.64999389648438,206.5,187.4324951171875,2070634.0,AMBUJACEM.NS
2020-09-09,205.75,210.5,204.3000030517578,209.4499969482422,190.11012268066406,2844517.0,AMBUJACEM.NS
2020-09-10,210.8000030517578,214.4499969482422,207.3000030517578,212.9499969482422,193.28692626953125,2591774.0,AMBUJACEM.NS
2020-09-11,212.9499969482422,214.5,211.10000610351562,212.4499969482422,192.83309936523438,1841491.0,AMBUJACEM.NS
2020-09-14,214.3000030517578,217.0,209.8000030517578,211.10000610351562,191.60775756835938,4594264.0,AMBUJACEM.NS
2020-09-15,210.9499969482422,217.85000610351562,210.5500030517578,217.4499969482422,197.3714141845703,3027667.0,AMBUJACEM.NS
2020-09-16,217.9499969482422,221.0,216.0500030517578,218.60000610351562,198.4152374267578,4891756.0,AMBUJACEM.NS
2020-09-17,218.0,222.6999969482422,217.39999389648438,220.3000030517578,199.95826721191406,4404608.0,AMBUJACEM.NS
2020-09-18,221.75,223.0,217.0500030517578,220.0,199.68597412109375,3567707.0,AMBUJACEM.NS
2020-09-21,220.0,220.25,207.6999969482422,209.75,190.38241577148438,2412725.0,AMBUJACEM.NS
2020-09-22,209.5,210.5500030517578,203.0,206.8000030517578,187.7047882080078,3532427.0,AMBUJACEM.NS
2020-09-23,206.39999389648438,211.39999389648438,204.5500030517578,209.25,189.92857360839844,4129810.0,AMBUJACEM.NS
2020-09-24,206.14999389648438,208.1999969482422,197.4499969482422,198.25,179.94427490234375,3308708.0,AMBUJACEM.NS
2020-09-25,201.6999969482422,206.6999969482422,199.0,205.5,186.52484130859375,4205656.0,AMBUJACEM.NS
2020-09-28,206.60000610351562,212.5500030517578,205.5500030517578,211.64999389648438,192.10696411132812,2153072.0,AMBUJACEM.NS
2020-09-29,214.0500030517578,218.5,210.8000030517578,216.64999389648438,196.64527893066406,4723181.0,AMBUJACEM.NS
2020-09-30,218.0,218.25,213.89999389648438,217.0,196.96295166015625,3645700.0,AMBUJACEM.NS
2020-10-01,218.5,221.9499969482422,217.5500030517578,221.1999969482422,200.77516174316406,3358699.0,AMBUJACEM.NS
2020-10-05,221.1999969482422,224.1999969482422,219.4499969482422,221.35000610351562,200.91131591796875,3259415.0,AMBUJACEM.NS
2020-10-06,222.9499969482422,227.75,220.10000610351562,225.3000030517578,204.49658203125,4929339.0,AMBUJACEM.NS
2020-10-07,226.0,237.75,225.0,234.8000030517578,213.11936950683594,16914910.0,AMBUJACEM.NS
2020-10-08,234.8000030517578,239.9499969482422,231.39999389648438,238.14999389648438,216.1600341796875,8142299.0,AMBUJACEM.NS
2020-10-09,236.5500030517578,240.5500030517578,235.0,239.35000610351562,217.24925231933594,6602984.0,AMBUJACEM.NS
2020-10-12,238.0,242.35000610351562,233.1999969482422,238.39999389648438,216.38694763183594,6441927.0,AMBUJACEM.NS
2020-10-13,237.0,249.35000610351562,236.8000030517578,241.75,219.42762756347656,16150050.0,AMBUJACEM.NS
2020-10-14,241.9499969482422,248.0,240.14999389648438,246.60000610351562,223.82980346679688,10384771.0,AMBUJACEM.NS
2020-10-15,248.0,250.0,240.8000030517578,243.35000610351562,220.87989807128906,8031726.0,AMBUJACEM.NS
2020-10-16,243.3000030517578,249.0,240.14999389648438,248.0,225.1005096435547,12591419.0,AMBUJACEM.NS
2020-10-19,249.1999969482422,249.6999969482422,243.39999389648438,247.60000610351562,224.73748779296875,10966621.0,AMBUJACEM.NS
2020-10-20,249.89999389648438,254.89999389648438,247.0500030517578,251.4499969482422,228.23194885253906,20195023.0,AMBUJACEM.NS
2020-10-21,251.89999389648438,254.3000030517578,245.9499969482422,253.35000610351562,229.95654296875,9477826.0,AMBUJACEM.NS
2020-10-22,253.0,255.60000610351562,249.5,253.60000610351562,230.18345642089844,11569723.0,AMBUJACEM.NS
2020-10-23,255.5,256.0,245.0,247.39999389648438,224.555908203125,15337661.0,AMBUJACEM.NS
2020-10-26,248.6999969482422,249.0,242.4499969482422,245.0500030517578,222.42291259765625,8116705.0,AMBUJACEM.NS
2020-10-27,245.0500030517578,257.0,243.64999389648438,255.85000610351562,232.22569274902344,13206984.0,AMBUJACEM.NS
2020-10-28,253.85000610351562,254.6999969482422,250.35000610351562,251.8000030517578,228.54965209960938,4873497.0,AMBUJACEM.NS
2020-10-29,250.5,255.0,248.6999969482422,254.0,230.54652404785156,4794121.0,AMBUJACEM.NS
2020-10-30,254.85000610351562,265.79998779296875,252.39999389648438,259.70001220703125,235.72021484375,18101740.0,AMBUJACEM.NS
2020-11-02,260.0,261.8999938964844,257.20001220703125,260.5,236.44631958007812,6267645.0,AMBUJACEM.NS
2020-11-03,262.1000061035156,263.04998779296875,257.6499938964844,262.0,237.8078155517578,5173220.0,AMBUJACEM.NS
2020-11-04,262.0,265.29998779296875,259.6499938964844,264.3999938964844,239.9862060546875,4122454.0,AMBUJACEM.NS
2020-11-05,251.85000610351562,258.70001220703125,251.0,255.75,248.08599853515625,12065738.0,AMBUJACEM.NS
2020-11-06,257.0,257.0,246.64999389648438,248.0,240.56822204589844,8457488.0,AMBUJACEM.NS
2020-11-09,249.4499969482422,252.0,247.10000610351562,249.3000030517578,241.82928466796875,8012202.0,AMBUJACEM.NS
2020-11-10,251.0,256.3999938964844,248.39999389648438,249.89999389648438,242.41128540039062,8645746.0,AMBUJACEM.NS
2020-11-11,251.5,260.8999938964844,251.5,259.70001220703125,251.91763305664062,9322013.0,AMBUJACEM.NS
2020-11-12,258.1000061035156,264.3500061035156,256.20001220703125,262.8500061035156,254.97325134277344,6698839.0,AMBUJACEM.NS
2020-11-13,261.5,262.25,255.75,257.70001220703125,249.97756958007812,7158835.0,AMBUJACEM.NS
2020-11-14,259.8999938964844,260.8999938964844,258.04998779296875,259.0,251.23861694335938,489361.0,AMBUJACEM.NS
2020-11-17,261.0,272.0,260.0,268.04998779296875,260.01739501953125,13207472.0,AMBUJACEM.NS
2020-11-18,267.20001220703125,267.70001220703125,260.6499938964844,262.0,254.14871215820312,8891945.0,AMBUJACEM.NS
2020-11-19,259.8500061035156,265.8500061035156,256.45001220703125,258.70001220703125,250.94761657714844,7297426.0,AMBUJACEM.NS
2020-11-20,259.1000061035156,261.8999938964844,253.75,257.1000061035156,249.39553833007812,4879945.0,AMBUJACEM.NS
2020-11-23,259.0,262.5,257.5,258.1499938964844,250.41407775878906,6727698.0,AMBUJACEM.NS
2020-11-24,258.20001220703125,260.45001220703125,254.5500030517578,255.14999389648438,247.50396728515625,4054652.0,AMBUJACEM.NS
2020-11-25,255.9499969482422,259.20001220703125,255.1999969482422,256.20001220703125,248.5225067138672,6671995.0,AMBUJACEM.NS
2020-11-26,257.70001220703125,262.6000061035156,253.5500030517578,260.75,252.93617248535156,5364946.0,AMBUJACEM.NS
2020-11-27,261.3999938964844,263.20001220703125,257.5,261.04998779296875,253.2271728515625,10177429.0,AMBUJACEM.NS
2020-12-01,262.20001220703125,269.54998779296875,260.8999938964844,262.0,254.14871215820312,6262243.0,AMBUJACEM.NS
2020-12-02,262.0,264.20001220703125,259.20001220703125,262.5,254.63372802734375,5076458.0,AMBUJACEM.NS
2020-12-03,264.5,264.5,259.29998779296875,261.1000061035156,253.2756805419922,5223075.0,AMBUJACEM.NS
2020-12-04,262.0,263.0,249.89999389648438,252.5500030517578,244.98187255859375,11266087.0,AMBUJACEM.NS
2020-12-07,256.25,256.29998779296875,250.5500030517578,253.10000610351562,245.51541137695312,9578732.0,AMBUJACEM.NS
2020-12-08,254.5,259.6000061035156,253.0,257.1000061035156,249.39553833007812,9736539.0,AMBUJACEM.NS
2020-12-09,258.8999938964844,259.6000061035156,251.0,252.85000610351562,245.2729034423828,13190004.0,AMBUJACEM.NS
2020-12-10,250.6999969482422,251.0,245.1999969482422,248.3000030517578,240.8592529296875,11038230.0,AMBUJACEM.NS
2020-12-11,249.5,250.4499969482422,243.75,245.8000030517578,238.4341583251953,7933577.0,AMBUJACEM.NS
2020-12-14,247.0,249.0,245.0500030517578,246.4499969482422,239.06468200683594,4162472.0,AMBUJACEM.NS
2020-12-15,247.9499969482422,248.1999969482422,243.10000610351562,247.60000610351562,240.18023681640625,7713444.0,AMBUJACEM.NS
2020-12-16,249.10000610351562,249.6999969482422,245.10000610351562,247.25,239.84071350097656,7488289.0,AMBUJACEM.NS
2020-12-17,248.5,251.5,246.1999969482422,246.75,239.35569763183594,8321438.0,AMBUJACEM.NS
2020-12-18,247.0500030517578,252.1999969482422,246.5,251.0500030517578,243.52684020996094,7695230.0,AMBUJACEM.NS
2020-12-21,250.89999389648438,250.89999389648438,225.9499969482422,235.39999389648438,228.3458251953125,12498745.0,AMBUJACEM.NS
2020-12-22,235.60000610351562,239.14999389648438,227.25,237.60000610351562,230.4799041748047,10098570.0,AMBUJACEM.NS
2020-12-23,234.89999389648438,238.75,231.5,237.1999969482422,230.0918731689453,8750579.0,AMBUJACEM.NS
2020-12-24,255.0,260.8999938964844,245.0,246.6999969482422,239.3072052001953,24151514.0,AMBUJACEM.NS
2020-12-28,247.0,247.85000610351562,244.6999969482422,247.1999969482422,239.79220581054688,4547753.0,AMBUJACEM.NS
2020-12-29,247.5500030517578,248.25,242.5,244.39999389648438,237.07611083984375,5978220.0,AMBUJACEM.NS
2020-12-30,245.5,253.0,241.6999969482422,252.39999389648438,244.83636474609375,10481131.0,AMBUJACEM.NS
2020-12-31,252.0,252.6999969482422,246.89999389648438,248.85000610351562,241.39276123046875,7969910.0,AMBUJACEM.NS
2021-01-01,249.0,251.6999969482422,248.14999389648438,250.85000610351562,243.3328399658203,4011077.0,AMBUJACEM.NS
2021-01-04,252.89999389648438,253.8000030517578,250.0,252.89999389648438,245.32139587402344,4860584.0,AMBUJACEM.NS
2021-01-05,252.0,256.6499938964844,250.4499969482422,254.1999969482422,246.5824432373047,9383253.0,AMBUJACEM.NS
2021-01-06,255.39999389648438,262.0,253.25,261.1000061035156,253.2756805419922,8653520.0,AMBUJACEM.NS
2021-01-07,265.0,267.1000061035156,261.20001220703125,263.0,255.1187286376953,7685276.0,AMBUJACEM.NS
2021-01-08,265.0,271.3999938964844,264.29998779296875,269.95001220703125,261.8604736328125,8135272.0,AMBUJACEM.NS
2021-01-11,268.79998779296875,271.79998779296875,266.0,270.3500061035156,262.24847412109375,6276642.0,AMBUJACEM.NS
2021-01-12,270.0,274.6000061035156,266.70001220703125,268.1000061035156,260.06591796875,5997355.0,AMBUJACEM.NS
2021-01-13,268.1000061035156,269.3999938964844,261.1000061035156,264.8999938964844,256.9618225097656,5267492.0,AMBUJACEM.NS
2021-01-14,265.0,270.5,263.1499938964844,267.04998779296875,259.0473327636719,4747011.0,AMBUJACEM.NS
2021-01-15,266.3999938964844,267.0,259.6000061035156,264.1000061035156,256.185791015625,5926799.0,AMBUJACEM.NS
2021-01-18,264.1000061035156,264.54998779296875,248.0,256.04998779296875,248.37698364257812,7230336.0,AMBUJACEM.NS
2021-01-19,256.95001220703125,262.79998779296875,256.29998779296875,261.95001220703125,254.1002197265625,3685114.0,AMBUJACEM.NS
2021-01-20,261.0,263.8500061035156,257.6499938964844,262.1000061035156,254.24571228027344,4999049.0,AMBUJACEM.NS
2021-01-21,263.5,265.3500061035156,249.10000610351562,252.5500030517578,244.98187255859375,8233030.0,AMBUJACEM.NS
2021-01-22,255.0,259.8999938964844,250.89999389648438,257.70001220703125,249.97756958007812,6396348.0,AMBUJACEM.NS
2021-01-25,261.3999938964844,264.25,254.89999389648438,257.0,249.2985382080078,9713572.0,AMBUJACEM.NS
2021-01-27,256.1000061035156,260.5,251.1999969482422,252.5,244.93338012695312,9165809.0,AMBUJACEM.NS
2021-01-28,250.0,250.5,246.0,248.0,240.56822204589844,9545181.0,AMBUJACEM.NS
2021-01-29,251.75,251.75,241.75,243.35000610351562,236.05760192871094,9156862.0,AMBUJACEM.NS
2021-02-01,246.39999389648438,262.0,242.10000610351562,260.79998779296875,252.98464965820312,8108261.0,AMBUJACEM.NS
2021-02-02,263.70001220703125,279.6000061035156,261.1000061035156,276.25,267.9716796875,12896237.0,AMBUJACEM.NS
2021-02-03,276.1000061035156,278.70001220703125,268.0,268.95001220703125,260.89044189453125,8099652.0,AMBUJACEM.NS
2021-02-04,268.0,275.0,266.1499938964844,272.75,264.57659912109375,7803083.0,AMBUJACEM.NS
2021-02-05,273.0,275.6000061035156,268.54998779296875,271.29998779296875,263.1700134277344,5119967.0,AMBUJACEM.NS
2021-02-08,272.5,278.20001220703125,272.0,274.3500061035156,266.12860107421875,5445773.0,AMBUJACEM.NS
2021-02-09,276.8500061035156,279.45001220703125,269.8500061035156,270.54998779296875,262.4424743652344,4725675.0,AMBUJACEM.NS
2021-02-10,271.3500061035156,277.79998779296875,271.0,271.8999938964844,263.7520446777344,6276033.0,AMBUJACEM.NS
2021-02-11,272.20001220703125,277.79998779296875,271.5,276.8999938964844,268.6022033691406,5475278.0,AMBUJACEM.NS
2021-02-12,275.0,284.8999938964844,274.25,277.45001220703125,269.1357421875,9937677.0,AMBUJACEM.NS
2021-02-15,281.0,285.8999938964844,279.0,283.3999938964844,274.90740966796875,7339663.0,AMBUJACEM.NS
2021-02-16,285.8999938964844,287.29998779296875,280.20001220703125,284.04998779296875,275.53790283203125,6116048.0,AMBUJACEM.NS
2021-02-17,285.75,290.3999938964844,284.20001220703125,286.6499938964844,278.0600280761719,10058896.0,AMBUJACEM.NS
2021-02-18,290.0,290.5,280.79998779296875,282.79998779296875,274.32537841796875,7081013.0,AMBUJACEM.NS
2021-02-19,288.5,288.5,273.04998779296875,275.29998779296875,267.05010986328125,18015854.0,AMBUJACEM.NS
2021-02-22,275.5,276.8999938964844,265.6499938964844,266.95001220703125,258.95037841796875,7287185.0,AMBUJACEM.NS
2021-02-23,269.0,270.8500061035156,263.1499938964844,264.70001220703125,256.767822265625,7106597.0,AMBUJACEM.NS
2021-02-24,266.0,270.29998779296875,265.04998779296875,268.3999938964844,260.3569030761719,3316417.0,AMBUJACEM.NS
2021-02-25,271.20001220703125,281.6000061035156,271.1499938964844,279.70001220703125,271.31829833984375,9436339.0,AMBUJACEM.NS
2021-02-26,277.0,288.5,271.5,273.5,265.3041076660156,21250569.0,AMBUJACEM.NS
2021-03-01,275.54998779296875,279.6499938964844,273.5,277.8999938964844,269.5722351074219,4095441.0,AMBUJACEM.NS
2021-03-02,278.8999938964844,283.3999938964844,277.1000061035156,278.79998779296875,270.44525146484375,4657410.0,AMBUJACEM.NS
2021-03-03,280.70001220703125,285.8999938964844,279.54998779296875,282.1000061035156,273.6463623046875,5079575.0,AMBUJACEM.NS
2021-03-04,281.5,294.29998779296875,278.75,292.0,283.24969482421875,10478749.0,AMBUJACEM.NS
2021-03-05,291.95001220703125,298.29998779296875,283.1499938964844,284.79998779296875,276.26544189453125,14706128.0,AMBUJACEM.NS
2021-03-08,287.0,291.0,284.20001220703125,285.75,277.1869812011719,4470385.0,AMBUJACEM.NS
2021-03-09,287.79998779296875,293.29998779296875,285.20001220703125,291.04998779296875,282.3281555175781,6082622.0,AMBUJACEM.NS
2021-03-10,292.54998779296875,293.79998779296875,289.0,292.0,283.24969482421875,3837384.0,AMBUJACEM.NS
2021-03-12,293.0,293.8999938964844,287.5,289.5,280.8246154785156,5744777.0,AMBUJACEM.NS
2021-03-15,290.8999938964844,290.8999938964844,279.0,283.6499938964844,275.14990234375,4879115.0,AMBUJACEM.NS
2021-03-16,284.8999938964844,290.0,284.25,285.54998779296875,276.99298095703125,7122222.0,AMBUJACEM.NS
2021-03-17,285.8999938964844,287.3500061035156,280.0,280.8500061035156,272.433837890625,5016639.0,AMBUJACEM.NS
2021-03-18,283.0,285.95001220703125,277.45001220703125,281.04998779296875,272.6278381347656,4353319.0,AMBUJACEM.NS
2021-03-19,278.0,284.6000061035156,274.04998779296875,283.45001220703125,275.937744140625,6753108.0,AMBUJACEM.NS
2021-03-22,284.45001220703125,297.79998779296875,278.0,295.6000061035156,287.7657165527344,11182565.0,AMBUJACEM.NS
2021-03-23,297.20001220703125,306.3999938964844,293.54998779296875,304.45001220703125,296.38116455078125,11750637.0,AMBUJACEM.NS
2021-03-24,302.8500061035156,307.5,300.8999938964844,303.79998779296875,295.7483825683594,9936778.0,AMBUJACEM.NS
2021-03-25,307.0,307.20001220703125,293.0,294.1000061035156,286.30548095703125,6506272.0,AMBUJACEM.NS
2021-03-26,297.6499938964844,301.6000061035156,293.54998779296875,294.8999938964844,287.08428955078125,7195972.0,AMBUJACEM.NS
2021-03-30,296.79998779296875,303.5,295.3500061035156,299.8500061035156,291.903076171875,6088708.0,AMBUJACEM.NS
2021-03-31,299.25,310.95001220703125,299.0,308.8500061035156,300.66455078125,7721201.0,AMBUJACEM.NS
2021-04-01,311.8500061035156,313.45001220703125,307.25,311.0,302.757568359375,4689185.0,AMBUJACEM.NS
2021-04-05,310.3999938964844,314.8999938964844,301.54998779296875,306.04998779296875,297.9387512207031,7064466.0,AMBUJACEM.NS
2021-04-06,307.0,309.6000061035156,303.29998779296875,305.5,297.4033508300781,4010075.0,AMBUJACEM.NS
2021-04-07,305.70001220703125,311.29998779296875,305.5,308.6499938964844,300.4698181152344,2808495.0,AMBUJACEM.NS
2021-04-08,310.0,326.8999938964844,309.29998779296875,320.79998779296875,312.2978210449219,7223424.0,AMBUJACEM.NS
2021-04-09,326.0,329.8999938964844,314.29998779296875,316.3500061035156,307.9657897949219,13515479.0,AMBUJACEM.NS
2021-04-12,310.8999938964844,312.20001220703125,299.54998779296875,304.29998779296875,296.2351379394531,10520709.0,AMBUJACEM.NS
2021-04-13,305.0,309.04998779296875,298.5,302.29998779296875,294.28814697265625,5975419.0,AMBUJACEM.NS
2021-04-15,303.0,306.5,293.0,295.20001220703125,287.3763427734375,9069002.0,AMBUJACEM.NS
2021-04-16,296.95001220703125,305.45001220703125,295.3999938964844,300.70001220703125,292.7305603027344,5575878.0,AMBUJACEM.NS
2021-04-19,295.0,302.25,292.3999938964844,300.95001220703125,292.97393798828125,7452061.0,AMBUJACEM.NS
2021-04-20,309.20001220703125,313.8500061035156,292.45001220703125,295.70001220703125,287.86309814453125,12222234.0,AMBUJACEM.NS
2021-04-22,294.8999938964844,297.29998779296875,285.29998779296875,295.6000061035156,287.7657165527344,7474006.0,AMBUJACEM.NS
2021-04-23,293.20001220703125,298.79998779296875,292.20001220703125,295.20001220703125,287.3763427734375,6813166.0,AMBUJACEM.NS
2021-04-26,297.0,304.5,295.25,303.3500061035156,295.3103332519531,5179998.0,AMBUJACEM.NS
2021-04-27,303.95001220703125,307.5,302.04998779296875,306.54998779296875,298.4255065917969,3740765.0,AMBUJACEM.NS
2021-04-28,308.3999938964844,311.25,304.5,308.8500061035156,300.66455078125,4312684.0,AMBUJACEM.NS
2021-04-29,311.0,315.0,307.25,314.04998779296875,305.72674560546875,6658734.0,AMBUJACEM.NS
2021-04-30,314.0,319.8500061035156,306.75,309.04998779296875,300.8592224121094,19822885.0,AMBUJACEM.NS
2021-05-03,304.5,312.79998779296875,301.20001220703125,311.6499938964844,303.3903503417969,6232670.0,AMBUJACEM.NS
2021-05-04,315.0,315.0,306.20001220703125,306.95001220703125,298.81494140625,5668182.0,AMBUJACEM.NS
2021-05-05,310.8999938964844,312.29998779296875,307.1499938964844,311.45001220703125,303.1956481933594,2600385.0,AMBUJACEM.NS
2021-05-06,313.0,316.20001220703125,310.1000061035156,314.3999938964844,306.0674743652344,3861134.0,AMBUJACEM.NS
2021-05-07,315.0,317.79998779296875,311.1000061035156,312.25,303.97442626953125,3399984.0,AMBUJACEM.NS
2021-05-10,314.20001220703125,315.1499938964844,310.0,311.3500061035156,303.09832763671875,4632214.0,AMBUJACEM.NS
2021-05-11,307.5,316.8999938964844,306.1000061035156,314.8999938964844,306.5542297363281,3809984.0,AMBUJACEM.NS
2021-05-12,313.8999938964844,314.8999938964844,308.04998779296875,309.04998779296875,300.8592224121094,3974894.0,AMBUJACEM.NS
2021-05-14,309.1000061035156,311.8500061035156,300.0,307.1000061035156,298.9609375,4140603.0,AMBUJACEM.NS
2021-05-17,307.8999938964844,311.70001220703125,304.54998779296875,310.20001220703125,301.9787902832031,4763864.0,AMBUJACEM.NS
2021-05-18,314.5,316.95001220703125,310.1000061035156,315.6499938964844,307.2843322753906,4169602.0,AMBUJACEM.NS
2021-05-19,315.5,324.8999938964844,315.0,317.6499938964844,309.2313232421875,10886866.0,AMBUJACEM.NS
2021-05-20,319.45001220703125,322.0,314.3500061035156,320.0,311.51904296875,5608173.0,AMBUJACEM.NS
2021-05-21,322.70001220703125,324.3500061035156,320.25,321.45001220703125,312.9306335449219,4039119.0,AMBUJACEM.NS
2021-05-24,321.45001220703125,328.29998779296875,319.5,326.20001220703125,317.55474853515625,4875842.0,AMBUJACEM.NS
2021-05-25,326.54998779296875,327.1000061035156,321.25,322.29998779296875,313.7580871582031,3511483.0,AMBUJACEM.NS
2021-05-26,322.29998779296875,325.0,319.3999938964844,323.1000061035156,314.5368957519531,3103367.0,AMBUJACEM.NS
2021-05-27,322.0,335.0,319.5,330.1000061035156,321.35137939453125,12478623.0,AMBUJACEM.NS
2021-05-28,330.1000061035156,331.3999938964844,324.25,325.6499938964844,317.019287109375,2648245.0,AMBUJACEM.NS
2021-05-31,325.3999938964844,328.45001220703125,322.5,326.79998779296875,318.1387939453125,2664186.0,AMBUJACEM.NS
2021-06-01,327.0,328.8999938964844,323.1000061035156,324.20001220703125,315.6077575683594,2649537.0,AMBUJACEM.NS
2021-06-02,324.3999938964844,332.3999938964844,322.54998779296875,331.1000061035156,322.3248596191406,5346766.0,AMBUJACEM.NS
2021-06-03,332.1000061035156,336.0,331.3999938964844,333.95001220703125,325.0993347167969,3322366.0,AMBUJACEM.NS
2021-06-04,333.79998779296875,337.29998779296875,331.20001220703125,332.04998779296875,323.24969482421875,1739342.0,AMBUJACEM.NS
2021-06-07,333.79998779296875,342.79998779296875,333.1499938964844,339.04998779296875,330.06414794921875,4163074.0,AMBUJACEM.NS
2021-06-08,340.3500061035156,341.79998779296875,336.3999938964844,340.3500061035156,331.3297424316406,2954871.0,AMBUJACEM.NS
2021-06-09,340.0,341.6000061035156,332.25,334.3500061035156,325.4887390136719,2484987.0,AMBUJACEM.NS
2021-06-10,335.79998779296875,344.1499938964844,334.79998779296875,341.54998779296875,332.4978942871094,3729387.0,AMBUJACEM.NS
2021-06-11,341.8999938964844,343.20001220703125,335.95001220703125,337.70001220703125,328.74993896484375,1478762.0,AMBUJACEM.NS
2021-06-14,337.8999938964844,340.8999938964844,332.5,340.3500061035156,331.3297424316406,1670528.0,AMBUJACEM.NS
2021-06-15,340.0,344.45001220703125,337.45001220703125,341.45001220703125,332.40057373046875,2056457.0,AMBUJACEM.NS
2021-06-16,341.0,344.0,337.6000061035156,338.8999938964844,329.9181213378906,2006979.0,AMBUJACEM.NS
2021-06-17,336.6000061035156,348.8999938964844,336.0,346.25,337.0733337402344,7239110.0,AMBUJACEM.NS
2021-06-18,346.8999938964844,347.5,335.3500061035156,341.29998779296875,332.2545166015625,3129778.0,AMBUJACEM.NS
2021-06-21,337.8999938964844,345.8500061035156,335.0,344.75,335.61309814453125,2879360.0,AMBUJACEM.NS
2021-06-22,345.3500061035156,351.5,343.20001220703125,346.25,337.0733337402344,2549800.0,AMBUJACEM.NS
2021-06-23,346.8999938964844,348.5,343.5,345.1499938964844,336.0024719238281,1690045.0,AMBUJACEM.NS
2021-06-24,345.1499938964844,347.8500061035156,342.54998779296875,346.5,337.31671142578125,3375247.0,AMBUJACEM.NS
2021-06-25,346.8999938964844,349.5,345.1499938964844,348.04998779296875,338.82562255859375,2206671.0,AMBUJACEM.NS
2021-06-28,349.75,350.8500061035156,343.75,344.3500061035156,335.22369384765625,2552962.0,AMBUJACEM.NS
2021-06-29,344.29998779296875,345.79998779296875,342.0,344.3999938964844,335.2723693847656,1671869.0,AMBUJACEM.NS
2021-06-30,343.54998779296875,346.45001220703125,339.6499938964844,340.6499938964844,331.62176513671875,2767540.0,AMBUJACEM.NS
2021-07-01,341.29998779296875,342.6000061035156,338.6000061035156,340.29998779296875,331.2810363769531,1909998.0,AMBUJACEM.NS
2021-07-02,341.5,341.95001220703125,337.25,339.25,330.25885009765625,955697.0,AMBUJACEM.NS
2021-07-05,340.79998779296875,345.25,339.5,340.29998779296875,331.2810363769531,1403833.0,AMBUJACEM.NS
2021-07-06,341.29998779296875,359.95001220703125,341.29998779296875,351.8500061035156,342.5249328613281,12291310.0,AMBUJACEM.NS
2021-07-07,353.79998779296875,358.54998779296875,350.6499938964844,357.45001220703125,347.9765319824219,4334221.0,AMBUJACEM.NS
2021-07-08,357.70001220703125,361.8500061035156,355.75,360.75,351.18902587890625,5505696.0,AMBUJACEM.NS
2021-07-09,360.8999938964844,364.45001220703125,357.54998779296875,363.6000061035156,353.9635314941406,2443343.0,AMBUJACEM.NS
2021-07-12,364.1000061035156,376.3999938964844,363.6499938964844,371.75,361.89752197265625,6429310.0,AMBUJACEM.NS
2021-07-13,373.54998779296875,374.29998779296875,367.20001220703125,368.95001220703125,359.1717224121094,3725976.0,AMBUJACEM.NS
2021-07-14,370.95001220703125,375.8500061035156,368.1000061035156,373.0,363.1143798828125,4877918.0,AMBUJACEM.NS
2021-07-15,374.0,389.0,373.70001220703125,386.20001220703125,375.96453857421875,7207046.0,AMBUJACEM.NS
2021-07-16,387.45001220703125,387.70001220703125,381.70001220703125,383.04998779296875,372.89801025390625,3141218.0,AMBUJACEM.NS
2021-07-19,382.29998779296875,388.3500061035156,380.3999938964844,386.54998779296875,376.30523681640625,3708612.0,AMBUJACEM.NS
2021-07-20,391.0,408.8999938964844,387.6499938964844,404.45001220703125,393.73089599609375,16347083.0,AMBUJACEM.NS
2021-07-22,407.25,407.25,398.1000061035156,400.20001220703125,389.5935363769531,4093799.0,AMBUJACEM.NS
2021-07-23,403.25,409.5,400.5,402.29998779296875,391.6378173828125,7785242.0,AMBUJACEM.NS
2021-07-26,402.5,409.5,390.95001220703125,408.1000061035156,397.28411865234375,8586195.0,AMBUJACEM.NS
2021-07-27,408.8500061035156,414.0,401.54998779296875,408.79998779296875,397.965576171875,7469960.0,AMBUJACEM.NS
2021-07-28,410.45001220703125,411.70001220703125,402.95001220703125,409.3999938964844,398.5496826171875,3242782.0,AMBUJACEM.NS
2021-07-29,411.3999938964844,413.20001220703125,405.04998779296875,408.75,397.9169006347656,3312853.0,AMBUJACEM.NS
2021-07-30,411.79998779296875,415.3500061035156,406.0,411.1499938964844,400.2532958984375,2700828.0,AMBUJACEM.NS
2021-08-02,412.0,419.95001220703125,410.45001220703125,418.1000061035156,407.01910400390625,2758639.0,AMBUJACEM.NS
2021-08-03,420.8500061035156,423.04998779296875,414.6000061035156,422.20001220703125,411.01043701171875,2912201.0,AMBUJACEM.NS
2021-08-04,424.5,427.3999938964844,418.0,419.04998779296875,407.94390869140625,3559071.0,AMBUJACEM.NS
2021-08-05,417.54998779296875,421.6000061035156,414.70001220703125,418.8999938964844,407.79791259765625,2472169.0,AMBUJACEM.NS
2021-08-06,419.0,419.0,402.29998779296875,403.8999938964844,393.1954345703125,5940472.0,AMBUJACEM.NS
2021-08-09,407.8500061035156,409.95001220703125,403.0,405.45001220703125,394.7043762207031,1861592.0,AMBUJACEM.NS
2021-08-10,407.1499938964844,407.20001220703125,395.29998779296875,400.70001220703125,390.08026123046875,3317325.0,AMBUJACEM.NS
2021-08-11,399.8999938964844,405.0,391.79998779296875,398.25,387.6951904296875,3337019.0,AMBUJACEM.NS
2021-08-12,400.29998779296875,408.0,395.45001220703125,399.79998779296875,389.2041015625,4066743.0,AMBUJACEM.NS
2021-08-13,401.5,404.95001220703125,396.20001220703125,402.45001220703125,391.7839050292969,2351561.0,AMBUJACEM.NS
2021-08-16,402.45001220703125,404.1499938964844,395.3999938964844,396.25,385.7481994628906,1762903.0,AMBUJACEM.NS
2021-08-17,398.3999938964844,402.79998779296875,392.25,401.5,390.8590393066406,2736839.0,AMBUJACEM.NS
2021-08-18,404.8999938964844,411.0,400.8999938964844,409.3999938964844,398.5496826171875,7112861.0,AMBUJACEM.NS
2021-08-20,407.8999938964844,413.6499938964844,390.0,391.79998779296875,381.4161071777344,6967987.0,AMBUJACEM.NS
2021-08-23,396.70001220703125,396.70001220703125,381.25,390.6499938964844,380.2966003417969,5438059.0,AMBUJACEM.NS
2021-08-24,392.70001220703125,396.5,386.29998779296875,395.3500061035156,384.8720397949219,3978409.0,AMBUJACEM.NS
2021-08-25,396.8999938964844,399.3500061035156,393.0,397.04998779296875,386.5269775390625,2891821.0,AMBUJACEM.NS
2021-08-26,398.0,400.8999938964844,391.1499938964844,398.3500061035156,387.79254150390625,3558058.0,AMBUJACEM.NS
2021-08-27,401.0,411.45001220703125,397.5,410.04998779296875,399.18243408203125,4555890.0,AMBUJACEM.NS
2021-08-30,412.1000061035156,420.3999938964844,412.0,417.70001220703125,406.6297302246094,5235500.0,AMBUJACEM.NS
2021-08-31,417.70001220703125,422.45001220703125,413.45001220703125,421.04998779296875,409.8908996582031,6342929.0,AMBUJACEM.NS
2021-09-01,423.0,424.04998779296875,418.79998779296875,421.5,410.3289794921875,1910281.0,AMBUJACEM.NS
2021-09-02,421.54998779296875,432.0,421.5,428.70001220703125,417.33819580078125,4193528.0,AMBUJACEM.NS
2021-09-03,430.8500061035156,437.8500061035156,425.5,437.1000061035156,425.5155334472656,4507212.0,AMBUJACEM.NS
2021-09-06,440.8500061035156,442.0,436.6499938964844,438.29998779296875,426.6837158203125,3574072.0,AMBUJACEM.NS
2021-09-07,437.1499938964844,442.5,434.0,441.5,429.7989196777344,2060092.0,AMBUJACEM.NS
2021-09-08,441.45001220703125,441.45001220703125,433.5,435.95001220703125,424.3960266113281,3195625.0,AMBUJACEM.NS
2021-09-09,432.95001220703125,440.3500061035156,432.1000061035156,438.3500061035156,426.732421875,1362416.0,AMBUJACEM.NS
2021-09-13,437.1000061035156,439.70001220703125,434.3999938964844,436.25,424.6880798339844,1790853.0,AMBUJACEM.NS
2021-09-14,436.54998779296875,436.8500061035156,428.5,432.45001220703125,420.9888000488281,2872240.0,AMBUJACEM.NS
2021-09-15,432.45001220703125,438.04998779296875,431.45001220703125,437.04998779296875,425.46685791015625,2587288.0,AMBUJACEM.NS
2021-09-16,437.04998779296875,439.70001220703125,427.79998779296875,430.20001220703125,418.7984313964844,3329646.0,AMBUJACEM.NS
2021-09-17,431.8999938964844,432.3500061035156,418.45001220703125,419.79998779296875,408.6740417480469,5274442.0,AMBUJACEM.NS
2021-09-20,416.8999938964844,419.20001220703125,408.25,409.79998779296875,398.9390563964844,4182620.0,AMBUJACEM.NS
2021-09-21,407.75,414.0,402.3999938964844,413.20001220703125,402.24896240234375,4386443.0,AMBUJACEM.NS
2021-09-22,414.6499938964844,422.8500061035156,413.04998779296875,419.5,408.3819885253906,3233311.0,AMBUJACEM.NS
2021-09-23,421.8999938964844,422.8999938964844,415.1000061035156,419.54998779296875,408.4306640625,2177190.0,AMBUJACEM.NS
2021-09-24,421.0,423.5,408.8500061035156,410.70001220703125,399.81524658203125,2871092.0,AMBUJACEM.NS
2021-09-27,412.0,420.0,407.45001220703125,418.0,406.9217529296875,4682546.0,AMBUJACEM.NS
2021-09-28,421.0,424.5,411.1000061035156,413.1000061035156,402.1516418457031,4657118.0,AMBUJACEM.NS
2021-09-29,410.0,410.0,401.1499938964844,406.45001220703125,395.6778869628906,5728780.0,AMBUJACEM.NS
2021-09-30,408.0,408.3500061035156,398.3999938964844,400.20001220703125,389.5935363769531,9312005.0,AMBUJACEM.NS
2021-10-01,399.8999938964844,404.79998779296875,396.0,402.25,391.58917236328125,4662848.0,AMBUJACEM.NS
2021-10-04,404.8999938964844,409.95001220703125,402.5,406.5,395.7265625,4122450.0,AMBUJACEM.NS
2021-10-05,406.45001220703125,407.6000061035156,402.79998779296875,403.6499938964844,392.9520568847656,2505330.0,AMBUJACEM.NS
2021-10-06,404.0,405.79998779296875,393.5,394.8999938964844,384.4339599609375,4685363.0,AMBUJACEM.NS
2021-10-07,398.95001220703125,404.70001220703125,397.29998779296875,402.8999938964844,392.2219543457031,5508787.0,AMBUJACEM.NS
2021-10-08,404.8999938964844,406.0,401.25,403.04998779296875,392.3679504394531,3321119.0,AMBUJACEM.NS
2021-10-11,404.0,406.95001220703125,400.29998779296875,402.95001220703125,392.2706604003906,3522402.0,AMBUJACEM.NS
2021-10-12,402.8500061035156,405.0,398.54998779296875,403.6000061035156,392.9034118652344,2117480.0,AMBUJACEM.NS
2021-10-13,406.0,407.8999938964844,403.04998779296875,404.0,393.29278564453125,3780216.0,AMBUJACEM.NS
2021-10-14,407.0,414.79998779296875,405.25,408.75,397.9169006347656,5426954.0,AMBUJACEM.NS
2021-10-18,418.0,418.0,409.54998779296875,410.6000061035156,399.7178649902344,5319195.0,AMBUJACEM.NS
2021-10-19,412.25,412.79998779296875,387.04998779296875,389.3500061035156,379.03106689453125,8255248.0,AMBUJACEM.NS
2021-10-20,391.0,399.8999938964844,387.6000061035156,392.75,382.3409729003906,5245333.0,AMBUJACEM.NS
2021-10-21,394.8500061035156,394.8500061035156,378.20001220703125,379.8999938964844,369.83148193359375,9834178.0,AMBUJACEM.NS
2021-10-22,380.20001220703125,381.70001220703125,372.0,376.1000061035156,366.1322326660156,5253226.0,AMBUJACEM.NS
2021-10-25,378.0,378.20001220703125,365.75,375.8999938964844,365.9375305175781,3368928.0,AMBUJACEM.NS
2021-10-26,377.70001220703125,381.29998779296875,373.25,380.3500061035156,370.26959228515625,3427318.0,AMBUJACEM.NS
2021-10-27,375.0,387.04998779296875,373.70001220703125,381.8500061035156,371.7298278808594,5357395.0,AMBUJACEM.NS
2021-10-28,383.6000061035156,392.5,380.79998779296875,390.04998779296875,379.7125244140625,7419992.0,AMBUJACEM.NS
2021-10-29,392.0,406.8500061035156,382.25,404.79998779296875,394.07159423828125,10104769.0,AMBUJACEM.NS
2021-11-01,406.0,412.6499938964844,402.95001220703125,409.79998779296875,398.9390563964844,3997407.0,AMBUJACEM.NS
2021-11-02,410.0,414.45001220703125,405.1000061035156,407.25,396.4566650390625,1970517.0,AMBUJACEM.NS
2021-11-03,408.75,414.70001220703125,403.5,412.8999938964844,401.9569091796875,2147236.0,AMBUJACEM.NS
2021-11-04,413.20001220703125,414.70001220703125,412.25,413.20001220703125,402.24896240234375,320391.0,AMBUJACEM.NS
2021-11-08,415.0,430.3500061035156,413.45001220703125,429.75,418.3603515625,7089536.0,AMBUJACEM.NS
2021-11-09,430.8999938964844,435.0,426.5,431.25,419.8205871582031,2378131.0,AMBUJACEM.NS
2021-11-10,427.6000061035156,433.3999938964844,424.79998779296875,428.3500061035156,416.9974670410156,2202717.0,AMBUJACEM.NS
2021-11-11,426.5,426.75,416.8500061035156,421.20001220703125,410.0369567871094,1653866.0,AMBUJACEM.NS
2021-11-12,424.0,427.1499938964844,419.70001220703125,422.8500061035156,411.6432189941406,1246774.0,AMBUJACEM.NS
2021-11-15,423.0,425.1000061035156,418.1000061035156,421.25,410.08563232421875,1057472.0,AMBUJACEM.NS
2021-11-16,421.29998779296875,424.0,407.75,409.79998779296875,398.9390563964844,1933354.0,AMBUJACEM.NS
2021-11-17,407.79998779296875,410.95001220703125,405.04998779296875,409.1499938964844,398.3063049316406,1448686.0,AMBUJACEM.NS
2021-11-18,408.0,411.8500061035156,396.5,400.8500061035156,390.2262878417969,1868114.0,AMBUJACEM.NS
2021-11-22,400.8500061035156,402.8500061035156,385.0,388.70001220703125,378.3983154296875,3484890.0,AMBUJACEM.NS
2021-11-23,387.0,396.79998779296875,383.20001220703125,395.79998779296875,385.31011962890625,2061119.0,AMBUJACEM.NS
2021-11-24,397.04998779296875,398.54998779296875,390.79998779296875,393.5,383.0710754394531,2461617.0,AMBUJACEM.NS
2021-11-25,392.8999938964844,393.5,389.0,390.6000061035156,380.2479248046875,997067.0,AMBUJACEM.NS
2021-11-26,386.0,387.75,370.8999938964844,372.3500061035156,362.48162841796875,5577674.0,AMBUJACEM.NS
2021-11-29,370.0,375.3999938964844,360.04998779296875,369.1499938964844,359.3664245605469,2691096.0,AMBUJACEM.NS
2021-11-30,370.0,378.1000061035156,367.0,374.6000061035156,364.6719970703125,4809537.0,AMBUJACEM.NS
2021-12-01,379.6000061035156,380.45001220703125,368.04998779296875,371.3999938964844,361.5567932128906,4416048.0,AMBUJACEM.NS
2021-12-02,371.8999938964844,379.3999938964844,368.0,377.3500061035156,367.3490905761719,2307562.0,AMBUJACEM.NS
2021-12-03,377.29998779296875,387.3999938964844,375.79998779296875,376.6000061035156,366.6189880371094,5101471.0,AMBUJACEM.NS
2021-12-06,378.6000061035156,378.95001220703125,368.29998779296875,370.1499938964844,360.33990478515625,1157264.0,AMBUJACEM.NS
2021-12-07,372.8999938964844,377.25,370.8999938964844,372.75,362.87103271484375,1229614.0,AMBUJACEM.NS
2021-12-08,376.3999938964844,380.3999938964844,375.20001220703125,376.95001220703125,366.959716796875,1526507.0,AMBUJACEM.NS
2021-12-09,379.3999938964844,381.0,375.1000061035156,377.54998779296875,367.54376220703125,1862168.0,AMBUJACEM.NS
2021-12-10,377.6000061035156,381.3500061035156,376.6499938964844,377.6499938964844,367.6411437988281,1486593.0,AMBUJACEM.NS
2021-12-13,382.6499938964844,382.6499938964844,378.6000061035156,379.8500061035156,369.7828674316406,2654339.0,AMBUJACEM.NS
2021-12-14,377.8999938964844,380.8500061035156,374.0,378.54998779296875,368.51727294921875,1789446.0,AMBUJACEM.NS
2021-12-15,378.6000061035156,381.8999938964844,375.29998779296875,378.8999938964844,368.8580017089844,1796520.0,AMBUJACEM.NS
2021-12-16,380.0,381.6000061035156,374.6000061035156,375.70001220703125,365.7428283691406,2366346.0,AMBUJACEM.NS
2021-12-17,375.6000061035156,377.20001220703125,367.0,368.6000061035156,358.83099365234375,1784077.0,AMBUJACEM.NS
2021-12-20,361.20001220703125,364.20001220703125,347.0,350.29998779296875,341.0159912109375,6661464.0,AMBUJACEM.NS
2021-12-21,353.04998779296875,363.79998779296875,351.25,361.45001220703125,351.8705139160156,2065774.0,AMBUJACEM.NS
2021-12-22,361.25,367.0,359.70001220703125,363.75,354.10955810546875,1383949.0,AMBUJACEM.NS
2021-12-23,367.0,370.5,365.0,369.3999938964844,359.6097717285156,1546807.0,AMBUJACEM.NS
2021-12-24,369.5,370.79998779296875,363.20001220703125,367.8999938964844,358.1495361328125,1174085.0,AMBUJACEM.NS
2021-12-27,367.0,370.75,364.0,369.95001220703125,360.1452331542969,635418.0,AMBUJACEM.NS
2021-12-28,370.20001220703125,381.20001220703125,368.70001220703125,380.20001220703125,370.12359619140625,2526008.0,AMBUJACEM.NS
2021-12-29,380.75,382.1499938964844,374.5,375.79998779296875,365.8401794433594,935759.0,AMBUJACEM.NS
2021-12-30,375.70001220703125,377.95001220703125,369.6000061035156,370.95001220703125,361.11871337890625,2179706.0,AMBUJACEM.NS
2021-12-31,372.3999938964844,384.29998779296875,372.0,377.5,367.4951477050781,1907096.0,AMBUJACEM.NS
2022-01-03,378.75,389.45001220703125,378.20001220703125,387.0,376.74334716796875,1643912.0,AMBUJACEM.NS
2022-01-04,387.54998779296875,391.70001220703125,383.29998779296875,390.45001220703125,380.1019287109375,3034913.0,AMBUJACEM.NS
2022-01-05,389.95001220703125,394.6499938964844,388.75,393.70001220703125,383.2657775878906,1521048.0,AMBUJACEM.NS
2022-01-06,390.1000061035156,393.0,383.54998779296875,387.04998779296875,376.7919921875,2579347.0,AMBUJACEM.NS
2022-01-07,387.04998779296875,401.95001220703125,387.04998779296875,397.25,386.7216796875,2731750.0,AMBUJACEM.NS
2022-01-10,400.0,401.95001220703125,397.29998779296875,399.3500061035156,388.76605224609375,2408661.0,AMBUJACEM.NS
2022-01-11,401.0,405.0,393.3500061035156,397.6499938964844,387.111083984375,2105501.0,AMBUJACEM.NS
2022-01-12,398.25,402.70001220703125,395.6499938964844,397.8999938964844,387.35443115234375,1370663.0,AMBUJACEM.NS
2022-01-13,399.0,400.5,394.6499938964844,396.3999938964844,385.8941955566406,2490304.0,AMBUJACEM.NS
2022-01-14,395.1000061035156,405.0,394.20001220703125,402.70001220703125,392.0272521972656,2146874.0,AMBUJACEM.NS
2022-01-17,403.5,408.70001220703125,395.0,407.79998779296875,396.9920654296875,3057067.0,AMBUJACEM.NS
2022-01-18,410.0,410.0,379.0,380.6499938964844,370.5616455078125,7265319.0,AMBUJACEM.NS
2022-01-19,381.95001220703125,382.0,373.1000061035156,374.8500061035156,364.91534423828125,3999114.0,AMBUJACEM.NS
2022-01-20,375.25,379.79998779296875,372.45001220703125,375.1000061035156,365.15875244140625,3354873.0,AMBUJACEM.NS
2022-01-21,374.6000061035156,374.6000061035156,364.04998779296875,368.6499938964844,358.8796691894531,1426135.0,AMBUJACEM.NS
2022-01-24,368.0,371.20001220703125,349.0,352.8500061035156,343.4984436035156,4250468.0,AMBUJACEM.NS
2022-01-25,351.95001220703125,356.5,343.45001220703125,351.5,342.1842041015625,3178488.0,AMBUJACEM.NS
2022-01-27,350.8999938964844,354.29998779296875,340.45001220703125,351.6499938964844,342.3302307128906,2852549.0,AMBUJACEM.NS
2022-01-28,354.3999938964844,367.1000061035156,353.0,360.70001220703125,351.1404113769531,3157848.0,AMBUJACEM.NS
2022-01-31,364.6000061035156,369.25,363.0,365.1499938964844,355.472412109375,1955762.0,AMBUJACEM.NS
2022-02-01,370.0,382.8500061035156,366.5,380.3999938964844,370.3182678222656,6354846.0,AMBUJACEM.NS
2022-02-02,383.70001220703125,386.29998779296875,377.8500061035156,380.0,369.9288635253906,3322525.0,AMBUJACEM.NS
2022-02-03,377.29998779296875,384.29998779296875,377.29998779296875,381.8999938964844,371.77850341796875,3772405.0,AMBUJACEM.NS
2022-02-04,383.0,384.8999938964844,378.0,380.3999938964844,370.3182678222656,5637748.0,AMBUJACEM.NS
2022-02-07,380.0,383.8999938964844,374.20001220703125,382.6499938964844,372.50860595703125,2535377.0,AMBUJACEM.NS
2022-02-08,383.0,386.1000061035156,373.25,376.29998779296875,366.3269348144531,2089451.0,AMBUJACEM.NS
2022-02-09,379.3500061035156,385.8999938964844,376.8500061035156,382.79998779296875,372.6546325683594,2140597.0,AMBUJACEM.NS
2022-02-10,381.75,384.3999938964844,373.3999938964844,374.8500061035156,364.91534423828125,4638095.0,AMBUJACEM.NS
2022-02-11,375.0,375.8500061035156,366.6000061035156,367.8999938964844,358.1495361328125,2050063.0,AMBUJACEM.NS
2022-02-14,362.0,365.0,354.04998779296875,355.1000061035156,345.6888122558594,1341336.0,AMBUJACEM.NS
2022-02-15,357.0,365.0,353.75,363.54998779296875,353.9148254394531,2027130.0,AMBUJACEM.NS
2022-02-16,365.1000061035156,367.8500061035156,359.5,360.70001220703125,351.1404113769531,1368175.0,AMBUJACEM.NS
2022-02-17,362.5,364.5,357.5,359.79998779296875,350.26422119140625,1439893.0,AMBUJACEM.NS
2022-02-18,352.70001220703125,354.0,337.20001220703125,338.3500061035156,329.3827209472656,11901556.0,AMBUJACEM.NS
2022-02-21,334.20001220703125,341.29998779296875,331.25,338.54998779296875,329.577392578125,5812598.0,AMBUJACEM.NS
2022-02-22,334.0,338.45001220703125,331.1000061035156,337.3500061035156,328.4092102050781,3078034.0,AMBUJACEM.NS
2022-02-23,338.8999938964844,340.5,329.6000061035156,330.95001220703125,322.1788635253906,5312647.0,AMBUJACEM.NS
2022-02-24,316.0,322.3500061035156,302.04998779296875,306.95001220703125,298.81494140625,12821969.0,AMBUJACEM.NS
2022-02-25,311.0,315.95001220703125,306.1000061035156,308.70001220703125,300.5185241699219,5240212.0,AMBUJACEM.NS
2022-02-28,306.29998779296875,315.95001220703125,302.95001220703125,314.25,305.9214172363281,7116898.0,AMBUJACEM.NS
2022-03-02,312.79998779296875,314.8500061035156,301.0,304.1499938964844,296.089111328125,6623505.0,AMBUJACEM.NS
2022-03-03,308.6000061035156,311.1000061035156,287.8999938964844,290.20001220703125,282.50885009765625,11872107.0,AMBUJACEM.NS
2022-03-04,285.20001220703125,296.20001220703125,283.70001220703125,292.6000061035156,284.84521484375,6171233.0,AMBUJACEM.NS
2022-03-07,287.95001220703125,289.0,278.0,281.20001220703125,273.74737548828125,6936569.0,AMBUJACEM.NS
2022-03-08,281.04998779296875,284.54998779296875,274.0,282.8999938964844,275.40228271484375,6513565.0,AMBUJACEM.NS
2022-03-09,285.79998779296875,292.6499938964844,281.0,291.6499938964844,283.92041015625,7788795.0,AMBUJACEM.NS
2022-03-10,300.0,302.0,291.0,293.20001220703125,285.4293518066406,5031572.0,AMBUJACEM.NS
2022-03-11,293.0,296.0,290.29998779296875,293.45001220703125,285.6726989746094,4357253.0,AMBUJACEM.NS
2022-03-14,294.6499938964844,297.5,289.04998779296875,291.20001220703125,283.4823303222656,2658414.0,AMBUJACEM.NS
2022-03-15,293.6000061035156,301.8500061035156,292.8500061035156,295.1000061035156,287.2789611816406,6826748.0,AMBUJACEM.NS
2022-03-16,300.0,311.45001220703125,297.0,309.3500061035156,301.15130615234375,6876362.0,AMBUJACEM.NS
2022-03-17,314.20001220703125,314.8999938964844,305.45001220703125,306.20001220703125,298.0848083496094,9901093.0,AMBUJACEM.NS
2022-03-21,306.0,309.20001220703125,300.0,300.3500061035156,292.38983154296875,4583683.0,AMBUJACEM.NS
2022-03-22,300.45001220703125,302.8999938964844,296.04998779296875,300.8999938964844,292.92523193359375,3537814.0,AMBUJACEM.NS
2022-03-23,303.0,303.3500061035156,295.54998779296875,297.8500061035156,289.9560852050781,4697043.0,AMBUJACEM.NS
2022-03-24,296.95001220703125,299.6499938964844,295.0,297.04998779296875,289.1772766113281,4048136.0,AMBUJACEM.NS
2022-03-25,299.8999938964844,299.8999938964844,294.54998779296875,297.79998779296875,289.9073791503906,3115402.0,AMBUJACEM.NS
2022-03-28,299.3999938964844,299.3999938964844,288.5,291.79998779296875,284.0664367675781,4811353.0,AMBUJACEM.NS
2022-03-29,293.04998779296875,303.25,293.04998779296875,302.45001220703125,294.4341735839844,8193664.0,AMBUJACEM.NS
2022-03-30,300.79998779296875,304.79998779296875,298.79998779296875,303.04998779296875,301.294189453125,6489029.0,AMBUJACEM.NS
2022-03-31,303.04998779296875,303.70001220703125,298.75,299.25,297.5162353515625,4950492.0,AMBUJACEM.NS
2022-04-01,298.8999938964844,306.5,298.5,304.95001220703125,303.1831970214844,3456879.0,AMBUJACEM.NS
2022-04-04,305.5,313.5,305.1000061035156,311.6499938964844,309.8443603515625,3638554.0,AMBUJACEM.NS
2022-04-05,314.45001220703125,317.70001220703125,310.3500061035156,316.79998779296875,314.96453857421875,5323145.0,AMBUJACEM.NS
2022-04-06,316.79998779296875,325.0,315.45001220703125,320.70001220703125,318.8419494628906,7255760.0,AMBUJACEM.NS
2022-04-07,320.20001220703125,327.3999938964844,320.04998779296875,325.6000061035156,323.71356201171875,5192205.0,AMBUJACEM.NS
2022-04-08,327.25,339.79998779296875,323.45001220703125,337.3500061035156,335.3954772949219,8276853.0,AMBUJACEM.NS
2022-04-11,338.45001220703125,369.5,338.29998779296875,360.20001220703125,358.11309814453125,30662312.0,AMBUJACEM.NS
2022-04-12,364.0,371.6000061035156,355.75,359.6499938964844,357.5662841796875,19884358.0,AMBUJACEM.NS
2022-04-13,359.95001220703125,374.20001220703125,359.0,369.20001220703125,367.06097412109375,17817591.0,AMBUJACEM.NS
2022-04-18,369.0,379.6499938964844,360.5,363.3999938964844,361.2945556640625,10936057.0,AMBUJACEM.NS
2022-04-19,366.75,370.0,351.0,354.25,352.19757080078125,9971239.0,AMBUJACEM.NS
2022-04-20,355.0,375.79998779296875,355.0,371.29998779296875,369.1487731933594,13525255.0,AMBUJACEM.NS
2022-04-21,378.8999938964844,384.3500061035156,374.79998779296875,377.3500061035156,375.1637268066406,14385266.0,AMBUJACEM.NS
2022-04-22,378.0,381.0,371.04998779296875,374.20001220703125,372.031982421875,5946333.0,AMBUJACEM.NS
2022-04-25,371.79998779296875,387.6000061035156,370.0,376.3500061035156,374.1695251464844,12835090.0,AMBUJACEM.NS
2022-04-26,382.0,391.0,381.29998779296875,385.1499938964844,382.91851806640625,11192640.0,AMBUJACEM.NS
2022-04-27,385.0,387.70001220703125,376.25,384.54998779296875,382.3219909667969,11121579.0,AMBUJACEM.NS
2022-04-28,389.8999938964844,389.8999938964844,380.45001220703125,383.3500061035156,381.12896728515625,7163762.0,AMBUJACEM.NS
2022-04-29,384.70001220703125,385.5,370.75,372.20001220703125,370.0435791015625,10529413.0,AMBUJACEM.NS
2022-05-02,371.6000061035156,380.5,368.75,378.1499938964844,375.9590759277344,5959678.0,AMBUJACEM.NS
2022-05-04,379.54998779296875,382.0,364.6499938964844,368.1000061035156,365.9673156738281,5415006.0,AMBUJACEM.NS
2022-05-05,371.0,375.3500061035156,364.95001220703125,366.3500061035156,364.22747802734375,5794511.0,AMBUJACEM.NS
2022-05-06,360.54998779296875,372.3500061035156,360.54998779296875,365.3999938964844,363.282958984375,5868878.0,AMBUJACEM.NS
2022-05-09,363.3500061035156,369.0,359.45001220703125,366.75,364.6251525878906,3690073.0,AMBUJACEM.NS
2022-05-10,368.54998779296875,373.8999938964844,355.0,358.20001220703125,356.12469482421875,6322735.0,AMBUJACEM.NS
2022-05-11,360.0,365.79998779296875,351.20001220703125,359.04998779296875,356.9697570800781,5728451.0,AMBUJACEM.NS
2022-05-12,356.8500061035156,382.0,349.29998779296875,373.54998779296875,371.3857421875,7493279.0,AMBUJACEM.NS
2022-05-13,378.0,378.54998779296875,356.1000061035156,359.1000061035156,357.01947021484375,10195371.0,AMBUJACEM.NS
2022-05-16,367.0,377.70001220703125,360.3500061035156,368.0,365.8678894042969,50459752.0,AMBUJACEM.NS
2022-05-17,371.0,372.1499938964844,364.0,368.79998779296875,366.6632385253906,9431128.0,AMBUJACEM.NS
2022-05-18,369.25,372.6000061035156,359.70001220703125,361.1000061035156,359.00787353515625,11887905.0,AMBUJACEM.NS
2022-05-19,358.1499938964844,364.95001220703125,357.25,364.0,361.8910827636719,9179791.0,AMBUJACEM.NS
2022-05-20,368.0,368.0,362.04998779296875,363.0,360.8968811035156,4308673.0,AMBUJACEM.NS
2022-05-23,365.6499938964844,367.29998779296875,362.3999938964844,363.45001220703125,361.3442687988281,3889679.0,AMBUJACEM.NS
2022-05-24,364.79998779296875,365.70001220703125,360.45001220703125,361.45001220703125,359.3558654785156,4200025.0,AMBUJACEM.NS
2022-05-25,362.3999938964844,364.25,360.6499938964844,361.70001220703125,359.6044006347656,2440985.0,AMBUJACEM.NS
2022-05-26,362.1499938964844,366.29998779296875,359.70001220703125,365.3999938964844,363.282958984375,3900318.0,AMBUJACEM.NS
2022-05-27,368.0,368.1499938964844,363.75,366.29998779296875,364.177734375,1603075.0,AMBUJACEM.NS
2022-05-30,368.5,372.5,366.75,371.54998779296875,369.3973083496094,5001959.0,AMBUJACEM.NS
2022-05-31,371.54998779296875,372.79998779296875,368.6499938964844,369.3999938964844,367.2597961425781,11507115.0,AMBUJACEM.NS
2022-06-01,370.0,373.0,369.1499938964844,371.6499938964844,369.4967346191406,2369910.0,AMBUJACEM.NS
2022-06-02,371.3999938964844,376.3500061035156,370.95001220703125,373.5,371.3360290527344,5215564.0,AMBUJACEM.NS
2022-06-03,375.0,375.3500061035156,365.3500061035156,366.8999938964844,364.7742614746094,8010976.0,AMBUJACEM.NS
2022-06-06,366.0,369.5,363.8500061035156,364.8999938964844,362.7858581542969,10390245.0,AMBUJACEM.NS
2022-06-07,363.6000061035156,367.5,361.70001220703125,363.3500061035156,361.2448425292969,5708056.0,AMBUJACEM.NS
2022-06-08,363.3999938964844,364.54998779296875,361.79998779296875,363.04998779296875,360.9465637207031,5020929.0,AMBUJACEM.NS
2022-06-09,363.0,368.5,362.5,365.29998779296875,363.18353271484375,5238450.0,AMBUJACEM.NS
2022-06-10,363.25,366.6000061035156,363.25,365.1499938964844,363.0343933105469,3916129.0,AMBUJACEM.NS
2022-06-13,363.04998779296875,364.95001220703125,361.8999938964844,362.70001220703125,360.5986328125,4509163.0,AMBUJACEM.NS
2022-06-14,362.1000061035156,363.29998779296875,358.0,359.54998779296875,357.46685791015625,6976071.0,AMBUJACEM.NS
2022-06-15,359.8999938964844,362.45001220703125,359.0,361.95001220703125,359.85296630859375,4077501.0,AMBUJACEM.NS
2022-06-16,363.8500061035156,364.1499938964844,358.6499938964844,359.3999938964844,357.3177185058594,2940387.0,AMBUJACEM.NS
2022-06-17,359.0,361.04998779296875,356.6499938964844,357.3500061035156,355.27960205078125,4012167.0,AMBUJACEM.NS
2022-06-20,357.5,359.95001220703125,356.1000061035156,357.29998779296875,355.2298889160156,2297837.0,AMBUJACEM.NS
2022-06-21,358.1000061035156,360.95001220703125,358.1000061035156,358.8999938964844,356.82061767578125,3693727.0,AMBUJACEM.NS
2022-06-22,358.8999938964844,358.8999938964844,355.5,357.95001220703125,355.8761291503906,2588905.0,AMBUJACEM.NS
2022-06-23,358.3999938964844,362.0,358.04998779296875,358.95001220703125,356.8703308105469,2799410.0,AMBUJACEM.NS
2022-06-24,362.0,362.0,359.20001220703125,360.6000061035156,358.5107727050781,2713333.0,AMBUJACEM.NS
2022-06-27,362.25,365.70001220703125,360.5,365.1499938964844,363.0343933105469,3073581.0,AMBUJACEM.NS
2022-06-28,365.8500061035156,367.3500061035156,363.5,366.45001220703125,364.326904296875,4285971.0,AMBUJACEM.NS
2022-06-29,364.95001220703125,367.5,364.1000061035156,365.5,363.38238525390625,4586257.0,AMBUJACEM.NS
2022-06-30,365.54998779296875,365.95001220703125,362.1000061035156,363.0,360.8968811035156,4383329.0,AMBUJACEM.NS
2022-07-01,363.95001220703125,368.6000061035156,362.1000061035156,367.54998779296875,365.4205017089844,2763265.0,AMBUJACEM.NS
2022-07-04,366.95001220703125,369.8999938964844,366.04998779296875,368.54998779296875,366.4147033691406,2275112.0,AMBUJACEM.NS
2022-07-05,368.95001220703125,371.25,365.6000061035156,366.6499938964844,364.5257263183594,3120800.0,AMBUJACEM.NS
2022-07-06,367.0,370.3500061035156,366.95001220703125,368.25,366.116455078125,2209031.0,AMBUJACEM.NS
2022-07-07,369.8999938964844,369.8999938964844,366.1000061035156,366.95001220703125,364.8240051269531,2378264.0,AMBUJACEM.NS
2022-07-08,367.0,369.04998779296875,366.0,368.45001220703125,366.3153076171875,2126285.0,AMBUJACEM.NS
2022-07-11,367.1000061035156,369.95001220703125,366.8500061035156,369.20001220703125,367.06097412109375,3135297.0,AMBUJACEM.NS
2022-07-12,368.79998779296875,372.8500061035156,367.75,370.8999938964844,368.7510986328125,2870836.0,AMBUJACEM.NS
2022-07-13,372.95001220703125,373.95001220703125,370.29998779296875,371.20001220703125,369.04937744140625,2291028.0,AMBUJACEM.NS
2022-07-14,372.79998779296875,372.79998779296875,368.5,369.8999938964844,367.75689697265625,2772420.0,AMBUJACEM.NS
2022-07-15,368.0,371.29998779296875,368.0,369.1499938964844,367.01123046875,3856534.0,AMBUJACEM.NS
2022-07-18,370.6000061035156,372.3999938964844,369.6000061035156,370.70001220703125,368.5522766113281,1745124.0,AMBUJACEM.NS
2022-07-19,369.29998779296875,371.5,369.29998779296875,370.95001220703125,368.8008117675781,1567448.0,AMBUJACEM.NS
2022-07-20,369.95001220703125,371.95001220703125,366.6000061035156,367.8500061035156,365.7187805175781,7381308.0,AMBUJACEM.NS
2022-07-21,368.0,371.3500061035156,366.25,370.75,368.6019592285156,3275734.0,AMBUJACEM.NS
2022-07-22,370.0,373.1000061035156,368.95001220703125,372.54998779296875,370.39154052734375,3091493.0,AMBUJACEM.NS
2022-07-25,372.54998779296875,373.5,370.3999938964844,371.1499938964844,368.9996337890625,3224932.0,AMBUJACEM.NS
2022-07-26,371.04998779296875,371.1499938964844,368.54998779296875,369.95001220703125,367.8066101074219,3457867.0,AMBUJACEM.NS
2022-07-27,369.25,372.20001220703125,368.70001220703125,370.8500061035156,368.7013854980469,2093379.0,AMBUJACEM.NS
2022-07-28,372.5,372.5,369.6000061035156,370.8500061035156,368.7013854980469,2711190.0,AMBUJACEM.NS
2022-07-29,372.3999938964844,376.0,370.0,374.79998779296875,372.62847900390625,6522804.0,AMBUJACEM.NS
2022-08-01,377.0,378.0,374.25,375.3999938964844,373.2250061035156,2858911.0,AMBUJACEM.NS
2022-08-02,375.3999938964844,382.79998779296875,374.95001220703125,378.6499938964844,376.4561767578125,9280180.0,AMBUJACEM.NS
2022-08-03,380.0,382.3999938964844,376.5,381.75,379.5382385253906,4871595.0,AMBUJACEM.NS
2022-08-04,382.0,383.75,378.0,381.25,379.0411376953125,6766464.0,AMBUJACEM.NS
2022-08-05,381.1000061035156,383.04998779296875,380.04998779296875,382.6499938964844,380.4330139160156,5063415.0,AMBUJACEM.NS
2022-08-08,382.8500061035156,382.95001220703125,378.8500061035156,380.20001220703125,377.9972229003906,3347503.0,AMBUJACEM.NS
2022-08-10,380.0,381.6499938964844,378.3999938964844,380.04998779296875,377.84808349609375,4144801.0,AMBUJACEM.NS
2022-08-11,382.0,382.0,378.6000061035156,380.20001220703125,377.9972229003906,2409612.0,AMBUJACEM.NS
2022-08-12,380.0,388.0,378.8500061035156,384.79998779296875,382.570556640625,5187959.0,AMBUJACEM.NS
2022-08-16,388.8999938964844,399.0,385.45001220703125,396.1000061035156,393.80511474609375,11560886.0,AMBUJACEM.NS
2022-08-17,398.75,404.95001220703125,397.0,398.29998779296875,395.9923400878906,9431378.0,AMBUJACEM.NS
2022-08-18,398.29998779296875,414.5,396.5,409.6000061035156,407.2268981933594,15635959.0,AMBUJACEM.NS
2022-08-19,412.0,427.0,410.29998779296875,420.45001220703125,418.0140380859375,25171485.0,AMBUJACEM.NS
2022-08-22,418.1000061035156,420.25,404.3500061035156,408.0,405.6361389160156,11430999.0,AMBUJACEM.NS
2022-08-23,400.0,414.45001220703125,398.0,405.45001220703125,403.1009216308594,15303452.0,AMBUJACEM.NS
2022-08-24,405.45001220703125,407.54998779296875,398.1000061035156,404.1499938964844,401.8084411621094,15732854.0,AMBUJACEM.NS
2022-08-25,404.1499938964844,408.29998779296875,395.8999938964844,397.1499938964844,394.8489990234375,11274377.0,AMBUJACEM.NS
2022-08-26,400.0,406.70001220703125,392.20001220703125,402.8500061035156,400.5159912109375,13259855.0,AMBUJACEM.NS
2022-08-29,397.0,405.5,395.1000061035156,403.45001220703125,401.1125183105469,7557377.0,AMBUJACEM.NS
2022-08-30,406.6499938964844,412.8500061035156,404.5,411.25,408.8673095703125,7851221.0,AMBUJACEM.NS
2022-09-01,409.6000061035156,413.79998779296875,407.6499938964844,409.79998779296875,407.42572021484375,10762759.0,AMBUJACEM.NS
2022-09-02,411.45001220703125,418.29998779296875,405.54998779296875,415.6000061035156,413.192138671875,8068140.0,AMBUJACEM.NS
2022-09-05,417.1499938964844,419.6499938964844,414.04998779296875,417.95001220703125,415.52850341796875,6074232.0,AMBUJACEM.NS
2022-09-06,419.3999938964844,441.0,417.5,436.5,433.9710388183594,23184248.0,AMBUJACEM.NS
2022-09-07,440.04998779296875,457.5,436.0,448.8999938964844,446.2991943359375,28272706.0,AMBUJACEM.NS
2022-09-08,453.95001220703125,464.0,446.25,461.8999938964844,459.2238464355469,14949706.0,AMBUJACEM.NS
2022-09-09,465.29998779296875,484.70001220703125,451.8500061035156,454.70001220703125,452.0655822753906,29429693.0,AMBUJACEM.NS
2022-09-12,454.6000061035156,479.5,440.6000061035156,475.6499938964844,472.8941955566406,27759936.0,AMBUJACEM.NS
2022-09-13,483.25,488.6499938964844,476.25,486.5,483.68133544921875,17846212.0,AMBUJACEM.NS
2022-09-14,482.0,533.7000122070312,482.0,524.5999755859375,521.560546875,57236617.0,AMBUJACEM.NS
2022-09-15,529.0,544.6500244140625,509.3999938964844,538.75,535.6286010742188,37879876.0,AMBUJACEM.NS
2022-09-16,530.9500122070312,550.0,511.04998779296875,516.7000122070312,513.7063598632812,42869715.0,AMBUJACEM.NS
2022-09-19,517.0,572.9500122070312,514.0,564.9000244140625,561.6271362304688,75771183.0,AMBUJACEM.NS
2022-09-20,579.0,585.7000122070312,567.5,574.3499755859375,571.0223388671875,43803577.0,AMBUJACEM.NS
2022-09-21,572.0,575.7999877929688,532.7999877929688,541.3499755859375,538.2135009765625,48990918.0,AMBUJACEM.NS
2022-09-22,524.5,548.7999877929688,516.0999755859375,534.0499877929688,530.955810546875,24714675.0,AMBUJACEM.NS
2022-09-23,535.0,555.0,535.0,539.3499755859375,536.22509765625,17014661.0,AMBUJACEM.NS
2022-09-26,537.0,544.0,499.1000061035156,511.20001220703125,508.2382507324219,17756139.0,AMBUJACEM.NS
2022-09-27,507.95001220703125,524.0,474.0,504.3500061035156,501.42791748046875,29131156.0,AMBUJACEM.NS
2022-09-28,495.0,514.3499755859375,491.04998779296875,500.04998779296875,497.15283203125,12029150.0,AMBUJACEM.NS
2022-09-29,509.6000061035156,519.0,495.20001220703125,506.3500061035156,503.4163513183594,11297808.0,AMBUJACEM.NS
2022-09-30,507.0,523.1500244140625,501.0,515.5999755859375,512.6127319335938,11027478.0,AMBUJACEM.NS
2022-10-03,516.0999755859375,519.9500122070312,471.04998779296875,488.6499938964844,485.8188781738281,14296197.0,AMBUJACEM.NS
2022-10-04,502.3999938964844,506.3999938964844,482.8999938964844,492.20001220703125,489.34832763671875,12515966.0,AMBUJACEM.NS
2022-10-06,497.8999938964844,513.7999877929688,496.1499938964844,506.8999938964844,503.963134765625,9447220.0,AMBUJACEM.NS
2022-10-07,506.79998779296875,527.0,499.79998779296875,521.7999877929688,518.7767944335938,9384553.0,AMBUJACEM.NS
2022-10-10,517.0,537.9500122070312,515.3499755859375,522.6500244140625,519.6219482421875,12806265.0,AMBUJACEM.NS
2022-10-11,525.0,526.5999755859375,498.29998779296875,500.20001220703125,497.3019714355469,7659702.0,AMBUJACEM.NS
2022-10-12,502.75,507.45001220703125,484.20001220703125,505.45001220703125,502.5215759277344,11786907.0,AMBUJACEM.NS
2022-10-13,505.3999938964844,505.3999938964844,491.5,496.8500061035156,493.97137451171875,6212954.0,AMBUJACEM.NS
2022-10-14,508.0,512.0,497.5,501.8500061035156,498.9424133300781,6337662.0,AMBUJACEM.NS
2022-10-17,499.0,522.7000122070312,497.45001220703125,520.5499877929688,517.5340576171875,9626670.0,AMBUJACEM.NS
2022-10-18,523.0,524.2000122070312,506.04998779296875,507.8500061035156,504.90765380859375,10116195.0,AMBUJACEM.NS
2022-10-19,511.0,519.0,506.70001220703125,510.70001220703125,507.74114990234375,6646701.0,AMBUJACEM.NS
2022-10-20,509.0,519.0,507.0,517.7000122070312,514.7005615234375,5223412.0,AMBUJACEM.NS
2022-10-21,518.0,522.9000244140625,503.79998779296875,512.5999755859375,509.6300964355469,9693780.0,AMBUJACEM.NS
2022-10-24,518.0,521.0499877929688,516.0,516.9000244140625,513.9052124023438,1415497.0,AMBUJACEM.NS
2022-10-25,516.2000122070312,521.7999877929688,511.6499938964844,513.0999755859375,510.127197265625,5007924.0,AMBUJACEM.NS
2022-10-27,515.3499755859375,532.5999755859375,513.25,527.5999755859375,524.543212890625,10067299.0,AMBUJACEM.NS
2022-10-28,530.2000122070312,530.2000122070312,515.6500244140625,520.0999755859375,517.086669921875,6679582.0,AMBUJACEM.NS
2022-10-31,522.4500122070312,538.5999755859375,521.3499755859375,532.9500122070312,529.8622436523438,8601980.0,AMBUJACEM.NS
2022-11-01,535.0,545.5999755859375,533.75,544.0499877929688,540.8978881835938,8669246.0,AMBUJACEM.NS
2022-11-02,546.75,549.0,539.2999877929688,545.0,541.8424072265625,7740170.0,AMBUJACEM.NS
2022-11-03,540.0,547.5,538.5,539.5,536.374267578125,3945015.0,AMBUJACEM.NS
2022-11-04,540.9000244140625,560.2999877929688,538.8499755859375,558.5999755859375,555.3635864257812,8028860.0,AMBUJACEM.NS
2022-11-07,561.0,573.0,553.1500244140625,568.0999755859375,564.8085327148438,9287441.0,AMBUJACEM.NS
2022-11-09,570.0,580.7000122070312,561.2000122070312,564.5,561.2294311523438,10307830.0,AMBUJACEM.NS
2022-11-10,563.0,568.4000244140625,551.5,558.1500244140625,554.916259765625,5700059.0,AMBUJACEM.NS
2022-11-11,565.0,566.9000244140625,553.8499755859375,557.5499877929688,554.3197021484375,5254274.0,AMBUJACEM.NS
2022-11-14,558.9000244140625,586.5499877929688,557.5499877929688,580.2999877929688,576.9378662109375,9070550.0,AMBUJACEM.NS
2022-11-15,583.9000244140625,593.0,575.2999877929688,586.4500122070312,583.05224609375,11897606.0,AMBUJACEM.NS
2022-11-16,586.5,593.5,568.2000122070312,577.2000122070312,573.8558349609375,8557056.0,AMBUJACEM.NS
2022-11-17,578.0,581.2999877929688,570.25,574.2000122070312,570.8732299804688,3652873.0,AMBUJACEM.NS
2022-11-18,574.5,576.0,563.9000244140625,574.0999755859375,570.7738037109375,4114267.0,AMBUJACEM.NS
2022-11-21,573.0,573.7999877929688,562.7000122070312,564.0499877929688,560.7820434570312,3480076.0,AMBUJACEM.NS
2022-11-22,564.0,578.4500122070312,560.5,565.8499755859375,562.5715942382812,7405911.0,AMBUJACEM.NS
2022-11-23,567.7999877929688,571.0,560.2000122070312,562.9000244140625,559.6387329101562,2782614.0,AMBUJACEM.NS
2022-11-24,564.25,565.9500122070312,554.5499877929688,557.8499755859375,554.617919921875,3977412.0,AMBUJACEM.NS
2022-11-25,560.4000244140625,567.4000244140625,556.5499877929688,564.6500244140625,561.3786010742188,4010892.0,AMBUJACEM.NS
2022-11-28,564.0,572.5,562.7999877929688,568.4500122070312,565.1565551757812,4078114.0,AMBUJACEM.NS
2022-11-29,569.5999755859375,574.4000244140625,563.75,564.9500122070312,561.6768188476562,3646853.0,AMBUJACEM.NS
2022-11-30,565.9000244140625,573.9500122070312,560.5499877929688,570.75,567.4432373046875,6139270.0,AMBUJACEM.NS
2022-12-01,573.5,585.0,569.5,580.9500122070312,577.5841064453125,8400806.0,AMBUJACEM.NS
2022-12-02,582.5499877929688,584.1500244140625,573.4000244140625,577.9500122070312,574.6015014648438,7097523.0,AMBUJACEM.NS
2022-12-05,580.8499755859375,582.3499755859375,571.7999877929688,573.3499755859375,570.0281372070312,5491648.0,AMBUJACEM.NS
2022-12-06,572.5,585.0,570.5999755859375,581.0,577.6338500976562,6009003.0,AMBUJACEM.NS
2022-12-07,582.9000244140625,588.3499755859375,575.0999755859375,582.0,578.6280517578125,5406859.0,AMBUJACEM.NS
2022-12-08,583.9500122070312,590.7999877929688,581.5999755859375,587.75,584.3447265625,2897290.0,AMBUJACEM.NS
2022-12-09,593.9000244140625,598.0,572.25,581.0,577.6338500976562,7795856.0,AMBUJACEM.NS
2022-12-12,580.0,587.2999877929688,573.4000244140625,585.0499877929688,581.6603393554688,4062852.0,AMBUJACEM.NS
2022-12-13,587.0,589.0,583.0499877929688,584.5499877929688,581.1632690429688,2436178.0,AMBUJACEM.NS
2022-12-14,585.0999755859375,589.5,581.0499877929688,582.2000122070312,578.826904296875,1682787.0,AMBUJACEM.NS
2022-12-15,583.0,584.0,558.75,561.2000122070312,557.9485473632812,5047769.0,AMBUJACEM.NS
2022-12-16,558.0,568.5999755859375,553.5,556.0499877929688,552.828369140625,4854309.0,AMBUJACEM.NS
2022-12-19,556.9500122070312,566.3499755859375,555.0,563.8499755859375,560.5831909179688,2341796.0,AMBUJACEM.NS
2022-12-20,563.9000244140625,565.0,554.0999755859375,560.0999755859375,556.8549194335938,2314297.0,AMBUJACEM.NS
2022-12-21,562.0,564.0,532.2000122070312,539.2000122070312,536.0760498046875,6698446.0,AMBUJACEM.NS
2022-12-22,543.5,544.5999755859375,525.25,532.8499755859375,529.7627563476562,7913985.0,AMBUJACEM.NS
2022-12-23,528.9500122070312,531.7999877929688,486.0,491.25,488.40380859375,10542194.0,AMBUJACEM.NS
2022-12-26,493.95001220703125,522.3499755859375,489.8999938964844,514.1500244140625,511.1711730957031,8583591.0,AMBUJACEM.NS
2022-12-27,520.0,527.2999877929688,509.3500061035156,523.2999877929688,520.2681274414062,5808135.0,AMBUJACEM.NS
2022-12-28,525.0,527.5,516.4500122070312,518.4000244140625,515.3965454101562,3959786.0,AMBUJACEM.NS
2022-12-29,517.2000122070312,534.4000244140625,504.6000061035156,522.75,519.7213134765625,7354986.0,AMBUJACEM.NS
2022-12-30,525.0,531.9000244140625,522.0999755859375,524.0999755859375,521.0634765625,3361557.0,AMBUJACEM.NS
2023-01-02,526.75,530.9000244140625,523.0,526.5,523.4495849609375,2226882.0,AMBUJACEM.NS
2023-01-03,527.5,533.4000244140625,523.0499877929688,530.9500122070312,527.8738403320312,3247177.0,AMBUJACEM.NS
2023-01-04,532.2000122070312,536.75,517.4000244140625,518.8499755859375,515.8438720703125,7145153.0,AMBUJACEM.NS
2023-01-05,518.9500122070312,525.9500122070312,513.5499877929688,524.75,521.709716796875,3166328.0,AMBUJACEM.NS
2023-01-06,525.8499755859375,528.4500122070312,514.3499755859375,519.7999877929688,516.7883911132812,3454408.0,AMBUJACEM.NS
2023-01-09,523.0,527.5,520.6500244140625,524.75,521.709716796875,1841059.0,AMBUJACEM.NS
2023-01-10,526.5,526.5,502.70001220703125,514.4500122070312,511.46942138671875,5366443.0,AMBUJACEM.NS
2023-01-11,515.9500122070312,515.9500122070312,505.6499938964844,508.1000061035156,505.15618896484375,3308303.0,AMBUJACEM.NS
2023-01-12,509.8999938964844,514.5,507.0,510.3999938964844,507.44287109375,4129397.0,AMBUJACEM.NS
2023-01-13,511.3999938964844,520.5,511.3999938964844,518.6500244140625,515.6450805664062,4195766.0,AMBUJACEM.NS
2023-01-16,521.0,521.5999755859375,512.9000244140625,517.0,514.004638671875,2181662.0,AMBUJACEM.NS
2023-01-17,517.25,520.5,511.29998779296875,517.5,514.501708984375,2346252.0,AMBUJACEM.NS
2023-01-18,517.9000244140625,522.4500122070312,513.0,520.4500122070312,517.4346313476562,2338626.0,AMBUJACEM.NS
2023-01-19,519.0,525.4000244140625,517.0499877929688,519.25,516.2415771484375,2809131.0,AMBUJACEM.NS
2023-01-20,520.0,523.0,515.4000244140625,517.75,514.7503051757812,2656548.0,AMBUJACEM.NS
2023-01-23,518.0,518.7000122070312,498.25,501.1000061035156,498.1967468261719,4154237.0,AMBUJACEM.NS
2023-01-24,502.20001220703125,508.5,497.95001220703125,498.95001220703125,496.0592346191406,2166537.0,AMBUJACEM.NS
2023-01-25,497.0,498.0,450.70001220703125,460.20001220703125,457.5337219238281,33646469.0,AMBUJACEM.NS
2023-01-27,457.5,457.5,345.1499938964844,380.45001220703125,378.24578857421875,91035714.0,AMBUJACEM.NS
2023-01-30,400.0,427.6499938964844,352.0,387.5,385.2549133300781,71717149.0,AMBUJACEM.NS
2023-01-31,394.0,414.6499938964844,390.1000061035156,401.20001220703125,398.87554931640625,40532400.0,AMBUJACEM.NS
2023-02-01,409.20001220703125,412.70001220703125,320.5,334.1000061035156,332.164306640625,78282914.0,AMBUJACEM.NS
2023-02-02,355.0,367.0,315.29998779296875,352.54998779296875,350.5074157714844,79579639.0,AMBUJACEM.NS
2023-02-03,351.95001220703125,380.70001220703125,318.5,373.6000061035156,371.4354553222656,58296804.0,AMBUJACEM.NS
2023-02-06,371.0,383.79998779296875,358.45001220703125,379.75,377.5498352050781,33168803.0,AMBUJACEM.NS
2023-02-07,384.5,406.70001220703125,371.70001220703125,384.04998779296875,381.82489013671875,42723721.0,AMBUJACEM.NS
2023-02-08,393.6499938964844,397.6000061035156,382.0,384.6499938964844,382.4214172363281,18573925.0,AMBUJACEM.NS
2023-02-09,378.0,378.0,354.0,357.79998779296875,355.72698974609375,28134958.0,AMBUJACEM.NS
2023-02-10,354.75,368.45001220703125,350.0,360.79998779296875,358.7095947265625,12021081.0,AMBUJACEM.NS
2023-02-13,363.5,366.8999938964844,336.54998779296875,342.45001220703125,340.4659423828125,20202357.0,AMBUJACEM.NS
2023-02-14,344.0,349.0,325.1000061035156,336.5,334.5504150390625,29650470.0,AMBUJACEM.NS
2023-02-15,336.5,350.95001220703125,335.0,344.8500061035156,342.8520202636719,14504126.0,AMBUJACEM.NS
2023-02-16,351.8999938964844,354.29998779296875,346.1499938964844,347.79998779296875,345.784912109375,13932368.0,AMBUJACEM.NS
2023-02-17,346.3999938964844,355.95001220703125,343.0,353.29998779296875,351.2530517578125,12417704.0,AMBUJACEM.NS
2023-02-20,349.70001220703125,356.0,345.6499938964844,352.45001220703125,350.40802001953125,10433187.0,AMBUJACEM.NS
2023-02-21,353.3500061035156,366.5,351.5,352.8500061035156,350.8056945800781,18031338.0,AMBUJACEM.NS
2023-02-22,352.0,352.0,332.1000061035156,335.3999938964844,333.4567565917969,12696127.0,AMBUJACEM.NS
2023-02-23,336.0,343.8500061035156,331.3500061035156,336.8999938964844,334.9480895996094,10669135.0,AMBUJACEM.NS
2023-02-24,339.29998779296875,346.95001220703125,338.70001220703125,345.25,343.24969482421875,10758533.0,AMBUJACEM.NS
2023-02-27,340.3999938964844,344.45001220703125,326.0,329.8999938964844,327.9886474609375,8739164.0,AMBUJACEM.NS
2023-02-28,330.0,353.45001220703125,324.29998779296875,342.1000061035156,340.1179504394531,21986286.0,AMBUJACEM.NS
2023-03-01,344.20001220703125,354.8999938964844,344.20001220703125,353.6000061035156,351.55133056640625,14144946.0,AMBUJACEM.NS
2023-03-02,354.45001220703125,372.0,347.29998779296875,370.70001220703125,368.5522766113281,24526040.0,AMBUJACEM.NS
2023-03-03,382.70001220703125,399.3999938964844,375.6000061035156,391.8500061035156,389.5797119140625,40022359.0,AMBUJACEM.NS
2023-03-06,397.79998779296875,404.8999938964844,381.29998779296875,385.5,383.2665100097656,24525562.0,AMBUJACEM.NS
2023-03-08,384.79998779296875,393.5,378.6499938964844,392.1000061035156,389.8282775878906,12403307.0,AMBUJACEM.NS
2023-03-09,394.8500061035156,395.0,383.0,384.70001220703125,382.4711608886719,10496900.0,AMBUJACEM.NS
2023-03-10,380.0,382.3500061035156,373.3999938964844,378.3500061035156,376.1579284667969,8021603.0,AMBUJACEM.NS
2023-03-13,382.8999938964844,389.1499938964844,366.3999938964844,368.0,365.8678894042969,12295435.0,AMBUJACEM.NS
2023-03-14,366.04998779296875,367.8500061035156,340.79998779296875,353.3999938964844,351.35247802734375,18116432.0,AMBUJACEM.NS
2023-03-15,354.5,367.0,347.6499938964844,365.1499938964844,363.0343933105469,17244370.0,AMBUJACEM.NS
2023-03-16,365.8999938964844,384.0,360.25,378.79998779296875,376.6053161621094,17263261.0,AMBUJACEM.NS
2023-03-17,384.0,386.6499938964844,371.04998779296875,378.45001220703125,376.2573547363281,12121438.0,AMBUJACEM.NS
2023-03-20,376.1000061035156,376.54998779296875,360.29998779296875,365.3999938964844,363.282958984375,9301805.0,AMBUJACEM.NS
2023-03-21,369.70001220703125,374.70001220703125,366.20001220703125,370.8999938964844,368.7510986328125,7159231.0,AMBUJACEM.NS
2023-03-22,373.3999938964844,378.20001220703125,371.3999938964844,375.54998779296875,373.3741455078125,6498593.0,AMBUJACEM.NS
2023-03-23,373.0,377.29998779296875,370.3999938964844,372.1499938964844,369.99383544921875,8428310.0,AMBUJACEM.NS
2023-03-24,373.0,376.5,368.04998779296875,371.79998779296875,369.6458740234375,9512792.0,AMBUJACEM.NS
2023-03-27,372.6000061035156,374.79998779296875,367.45001220703125,370.0,367.8563232421875,6288107.0,AMBUJACEM.NS
2023-03-28,371.79998779296875,373.6499938964844,354.29998779296875,358.95001220703125,356.8703308105469,15688794.0,AMBUJACEM.NS
2023-03-29,360.0,367.04998779296875,358.20001220703125,363.8999938964844,361.7916564941406,9558023.0,AMBUJACEM.NS
2023-03-31,367.5,370.6000061035156,364.0,365.54998779296875,363.43206787109375,5945285.0,AMBUJACEM.NS
2023-04-03,368.95001220703125,376.6499938964844,363.5,374.79998779296875,372.62847900390625,6083504.0,AMBUJACEM.NS
2023-04-05,374.5,380.8999938964844,371.25,379.95001220703125,377.7486877441406,6528840.0,AMBUJACEM.NS
2023-04-06,378.8500061035156,386.5,377.20001220703125,383.6000061035156,381.3775329589844,5658596.0,AMBUJACEM.NS
2023-04-10,385.70001220703125,389.6000061035156,383.25,384.3500061035156,382.1231689453125,3153982.0,AMBUJACEM.NS
2023-04-11,385.95001220703125,388.5,380.79998779296875,384.3999938964844,382.1728820800781,3415299.0,AMBUJACEM.NS
2023-04-12,385.8999938964844,397.75,382.70001220703125,396.04998779296875,393.75537109375,9415387.0,AMBUJACEM.NS
2023-04-13,394.8999938964844,396.6000061035156,390.04998779296875,392.6499938964844,390.3750915527344,6239974.0,AMBUJACEM.NS
2023-04-17,392.0,395.04998779296875,387.04998779296875,391.54998779296875,389.28143310546875,4916449.0,AMBUJACEM.NS
2023-04-18,391.54998779296875,394.29998779296875,379.8999938964844,383.04998779296875,380.8306884765625,3986619.0,AMBUJACEM.NS
2023-04-19,384.0,388.20001220703125,377.6499938964844,380.04998779296875,377.84808349609375,3600019.0,AMBUJACEM.NS
2023-04-20,380.5,382.29998779296875,378.1000061035156,380.70001220703125,378.49432373046875,4345525.0,AMBUJACEM.NS
2023-04-21,381.25,382.0,373.3999938964844,375.1000061035156,372.9267578125,4286701.0,AMBUJACEM.NS
2023-04-24,375.1000061035156,382.8999938964844,373.3500061035156,380.29998779296875,378.09661865234375,3030412.0,AMBUJACEM.NS
2023-04-25,381.6499938964844,387.54998779296875,380.6000061035156,382.5,380.2839050292969,4790001.0,AMBUJACEM.NS
2023-04-26,382.0,390.0,380.1499938964844,386.45001220703125,384.2110290527344,4369712.0,AMBUJACEM.NS
2023-04-27,386.45001220703125,390.5,382.75,388.79998779296875,386.54736328125,5093452.0,AMBUJACEM.NS
2023-04-28,390.0,399.5,384.1000061035156,396.5,394.2027893066406,11030482.0,AMBUJACEM.NS
2023-05-02,398.0,399.3999938964844,389.04998779296875,394.3999938964844,392.11492919921875,7419371.0,AMBUJACEM.NS
2023-05-03,392.8999938964844,400.54998779296875,375.75,383.6499938964844,381.4272155761719,13078081.0,AMBUJACEM.NS
2023-05-04,384.0,390.8500061035156,380.6000061035156,388.29998779296875,386.0502624511719,6828148.0,AMBUJACEM.NS
2023-05-05,388.5,406.0,387.45001220703125,400.54998779296875,398.22930908203125,11844907.0,AMBUJACEM.NS
2023-05-08,404.79998779296875,408.8999938964844,400.70001220703125,405.5,403.150634765625,6282119.0,AMBUJACEM.NS
2023-05-09,407.8999938964844,412.3999938964844,403.45001220703125,405.6499938964844,403.2997741699219,7401793.0,AMBUJACEM.NS
2023-05-10,407.8500061035156,409.29998779296875,402.5,408.29998779296875,405.93438720703125,3823364.0,AMBUJACEM.NS
2023-05-11,410.0,415.0,406.20001220703125,412.20001220703125,409.81182861328125,5043085.0,AMBUJACEM.NS
2023-05-12,411.0,414.75,407.1000061035156,410.0,407.62457275390625,5365495.0,AMBUJACEM.NS
2023-05-15,411.0,411.5,403.1000061035156,406.6000061035156,404.2442626953125,2396533.0,AMBUJACEM.NS
2023-05-16,405.0,409.79998779296875,399.79998779296875,400.8999938964844,398.5772705078125,3189110.0,AMBUJACEM.NS
2023-05-17,400.0,407.0,399.29998779296875,406.29998779296875,403.94598388671875,4399478.0,AMBUJACEM.NS
2023-05-18,408.0,408.79998779296875,395.5,399.04998779296875,396.7380065917969,4266534.0,AMBUJACEM.NS
2023-05-19,399.04998779296875,406.0,395.6499938964844,403.1499938964844,400.8142395019531,4401094.0,AMBUJACEM.NS
2023-05-22,405.5,433.70001220703125,405.0,423.8999938964844,421.44403076171875,17691079.0,AMBUJACEM.NS
2023-05-23,428.79998779296875,440.95001220703125,424.45001220703125,427.29998779296875,424.8243103027344,18654251.0,AMBUJACEM.NS
2023-05-24,428.1000061035156,430.0,419.6000061035156,422.29998779296875,419.8533020019531,6096592.0,AMBUJACEM.NS
2023-05-25,421.0,424.6499938964844,415.70001220703125,419.20001220703125,416.7712707519531,4130074.0,AMBUJACEM.NS
2023-05-26,421.3999938964844,425.6499938964844,417.5,424.54998779296875,422.0902404785156,3769455.0,AMBUJACEM.NS
2023-05-29,426.8999938964844,430.8999938964844,422.75,427.0,424.52606201171875,7799828.0,AMBUJACEM.NS
2023-05-30,427.0,432.95001220703125,425.3500061035156,430.8999938964844,428.4034729003906,3733902.0,AMBUJACEM.NS
2023-05-31,430.3999938964844,430.79998779296875,420.8500061035156,423.6000061035156,421.1457824707031,6180317.0,AMBUJACEM.NS
2023-06-01,425.0,431.25,424.0,429.25,426.7630310058594,3422014.0,AMBUJACEM.NS
2023-06-02,431.45001220703125,440.0,431.45001220703125,438.04998779296875,435.51202392578125,5425758.0,AMBUJACEM.NS
2023-06-05,440.04998779296875,441.6499938964844,437.04998779296875,439.04998779296875,436.5062561035156,3391422.0,AMBUJACEM.NS
2023-06-06,441.79998779296875,460.95001220703125,440.0,459.1499938964844,456.48980712890625,15043392.0,AMBUJACEM.NS
2023-06-07,461.0,461.5,452.5,455.75,453.1094970703125,4545088.0,AMBUJACEM.NS
2023-06-08,456.0,460.0,445.8500061035156,451.70001220703125,449.0829772949219,4925548.0,AMBUJACEM.NS
2023-06-09,452.0,458.1499938964844,451.0,455.70001220703125,453.059814453125,4370589.0,AMBUJACEM.NS
2023-06-12,456.0,458.3999938964844,453.45001220703125,456.29998779296875,453.65631103515625,2768142.0,AMBUJACEM.NS
2023-06-13,457.5,463.79998779296875,455.54998779296875,458.95001220703125,456.2909851074219,2313541.0,AMBUJACEM.NS
2023-06-14,460.25,465.5,459.3999938964844,464.6000061035156,461.9082336425781,4260531.0,AMBUJACEM.NS
2023-06-15,466.0,468.8999938964844,457.04998779296875,458.3500061035156,455.6944274902344,2606044.0,AMBUJACEM.NS
2023-06-16,461.3999938964844,465.6000061035156,457.0,460.8999938964844,458.2296447753906,4270855.0,AMBUJACEM.NS
2023-06-19,460.8999938964844,464.04998779296875,449.25,452.8500061035156,450.226318359375,2390979.0,AMBUJACEM.NS
2023-06-20,453.5,455.6000061035156,446.6000061035156,448.95001220703125,446.3489074707031,3007712.0,AMBUJACEM.NS
2023-06-21,449.0,452.3500061035156,444.6000061035156,448.1000061035156,445.5038146972656,2653187.0,AMBUJACEM.NS
2023-06-22,449.3999938964844,452.95001220703125,441.75,444.8500061035156,442.27264404296875,2318198.0,AMBUJACEM.NS
2023-06-23,445.0,445.0,424.0,425.79998779296875,423.3330078125,4859137.0,AMBUJACEM.NS
2023-06-26,425.75,433.8999938964844,419.29998779296875,432.04998779296875,429.5467834472656,3401951.0,AMBUJACEM.NS
2023-06-27,434.0,440.6499938964844,433.1499938964844,433.8500061035156,431.3363952636719,3022273.0,AMBUJACEM.NS
2023-06-28,435.3999938964844,441.79998779296875,431.8500061035156,434.25,431.73406982421875,6405277.0,AMBUJACEM.NS
2023-06-30,436.0,441.0,425.0,425.8999938964844,423.43243408203125,6318237.0,AMBUJACEM.NS
2023-07-03,428.3999938964844,437.20001220703125,428.0,435.8500061035156,433.3247985839844,3025642.0,AMBUJACEM.NS
2023-07-04,436.45001220703125,438.8999938964844,431.1000061035156,432.70001220703125,430.19305419921875,1585173.0,AMBUJACEM.NS
2023-07-05,433.3999938964844,434.70001220703125,426.70001220703125,432.3999938964844,429.894775390625,2057486.0,AMBUJACEM.NS
2023-07-06,432.0,435.20001220703125,429.54998779296875,431.5,429.0,2151838.0,AMBUJACEM.NS
2023-07-07,430.0,430.70001220703125,416.5,417.8999938964844,417.8999938964844,3734746.0,AMBUJACEM.NS
2023-07-10,419.0,424.8500061035156,412.04998779296875,419.5,419.5,3524816.0,AMBUJACEM.NS
2023-07-11,421.0,422.25,418.45001220703125,419.75,419.75,2512215.0,AMBUJACEM.NS
2023-07-12,420.0,423.0,415.0,421.54998779296875,421.54998779296875,2231762.0,AMBUJACEM.NS
2023-07-13,421.54998779296875,422.6499938964844,414.6499938964844,416.8999938964844,416.8999938964844,2744632.0,AMBUJACEM.NS
2023-07-14,416.8999938964844,419.20001220703125,414.04998779296875,416.6000061035156,416.6000061035156,7579025.0,AMBUJACEM.NS
2023-07-17,418.0,422.6000061035156,415.04998779296875,416.6000061035156,416.6000061035156,5100742.0,AMBUJACEM.NS
2023-07-18,416.95001220703125,424.70001220703125,414.29998779296875,416.20001220703125,416.20001220703125,3809061.0,AMBUJACEM.NS
2023-07-19,417.6000061035156,421.0,416.20001220703125,419.29998779296875,419.29998779296875,2260225.0,AMBUJACEM.NS
2023-07-20,420.04998779296875,423.54998779296875,418.54998779296875,420.8999938964844,420.8999938964844,2876080.0,AMBUJACEM.NS
2023-07-21,419.3999938964844,419.5,415.29998779296875,416.1000061035156,416.1000061035156,1990506.0,AMBUJACEM.NS
2023-07-24,417.0,428.79998779296875,415.45001220703125,422.75,422.75,3203223.0,AMBUJACEM.NS
2023-07-25,423.1499938964844,441.8999938964844,423.1499938964844,440.1000061035156,440.1000061035156,6432788.0,AMBUJACEM.NS
2023-07-26,443.70001220703125,448.3500061035156,436.70001220703125,443.5,443.5,5027847.0,AMBUJACEM.NS
2023-07-27,444.29998779296875,455.0,438.6499938964844,449.75,449.75,4479151.0,AMBUJACEM.NS
2023-07-28,455.0,456.6499938964844,448.04998779296875,454.79998779296875,454.79998779296875,4573656.0,AMBUJACEM.NS
2023-07-31,455.0,468.79998779296875,454.79998779296875,463.0,463.0,5162855.0,AMBUJACEM.NS
2023-08-01,464.0,468.3500061035156,452.6499938964844,461.54998779296875,461.54998779296875,3111674.0,AMBUJACEM.NS
2023-08-02,462.0,469.3500061035156,450.0,460.8999938964844,460.8999938964844,8819107.0,AMBUJACEM.NS
2023-08-03,465.0,481.1499938964844,458.45001220703125,474.3500061035156,474.3500061035156,12633488.0,AMBUJACEM.NS
2023-08-04,477.0,477.5,470.1000061035156,471.75,471.75,2994518.0,AMBUJACEM.NS
2023-08-07,473.3999938964844,476.0,468.75,474.1000061035156,474.1000061035156,2245398.0,AMBUJACEM.NS
2023-08-08,474.95001220703125,476.0,456.25,466.20001220703125,466.20001220703125,5371066.0,AMBUJACEM.NS
2023-08-09,466.20001220703125,466.75,460.5,462.6499938964844,462.6499938964844,2483919.0,AMBUJACEM.NS
2023-08-10,463.04998779296875,465.8500061035156,454.70001220703125,457.20001220703125,457.20001220703125,2526713.0,AMBUJACEM.NS
2023-08-11,457.5,463.3999938964844,454.0,456.3999938964844,456.3999938964844,2572588.0,AMBUJACEM.NS
2023-08-14,450.54998779296875,452.5,437.6499938964844,440.95001220703125,440.95001220703125,4208119.0,AMBUJACEM.NS
2023-08-16,440.29998779296875,440.29998779296875,432.1000061035156,437.20001220703125,437.20001220703125,1740262.0,AMBUJACEM.NS
2023-08-17,437.3999938964844,447.0,433.6499938964844,446.0,446.0,2130151.0,AMBUJACEM.NS
2023-08-18,445.95001220703125,460.95001220703125,439.79998779296875,453.04998779296875,453.04998779296875,4745941.0,AMBUJACEM.NS
2023-08-21,454.1000061035156,469.0,453.6000061035156,465.25,465.25,3554493.0,AMBUJACEM.NS
2023-08-22,468.25,470.6499938964844,462.3500061035156,463.79998779296875,463.79998779296875,3093757.0,AMBUJACEM.NS
2023-08-23,464.5,466.79998779296875,450.1000061035156,453.29998779296875,453.29998779296875,3474824.0,AMBUJACEM.NS
2023-08-24,456.45001220703125,462.0,446.95001220703125,448.95001220703125,448.95001220703125,4316497.0,AMBUJACEM.NS
2023-08-25,448.20001220703125,448.29998779296875,430.1000061035156,434.6000061035156,434.6000061035156,5518417.0,AMBUJACEM.NS
2023-08-28,439.20001220703125,444.5,432.1000061035156,438.8500061035156,438.8500061035156,3347943.0,AMBUJACEM.NS
2023-08-29,440.0,447.5,436.45001220703125,441.20001220703125,441.20001220703125,4051913.0,AMBUJACEM.NS
2023-08-30,444.70001220703125,445.5,440.20001220703125,444.04998779296875,444.04998779296875,2230876.0,AMBUJACEM.NS
2023-08-31,439.8500061035156,442.3500061035156,425.1000061035156,428.3999938964844,428.3999938964844,12006942.0,AMBUJACEM.NS
2023-09-01,427.54998779296875,437.3999938964844,425.5,433.8999938964844,433.8999938964844,3846763.0,AMBUJACEM.NS
2023-09-04,435.3500061035156,443.95001220703125,435.1499938964844,441.1499938964844,441.1499938964844,4347480.0,AMBUJACEM.NS
2023-09-05,441.29998779296875,444.45001220703125,437.5,440.20001220703125,440.20001220703125,2261743.0,AMBUJACEM.NS
2023-09-06,441.0,442.0,433.5,437.75,437.75,2410656.0,AMBUJACEM.NS
2023-09-07,437.95001220703125,440.6000061035156,435.20001220703125,439.45001220703125,439.45001220703125,2211370.0,AMBUJACEM.NS
2023-09-08,440.04998779296875,441.20001220703125,436.8999938964844,439.20001220703125,439.20001220703125,1913450.0,AMBUJACEM.NS
2023-09-11,439.25,453.3999938964844,439.25,450.8999938964844,450.8999938964844,5287778.0,AMBUJACEM.NS
2023-09-12,453.8999938964844,453.8999938964844,436.6499938964844,445.0,445.0,5467782.0,AMBUJACEM.NS
2023-09-13,447.0,449.95001220703125,440.3500061035156,443.8999938964844,443.8999938964844,2583760.0,AMBUJACEM.NS
2023-09-14,444.79998779296875,446.3999938964844,441.70001220703125,445.20001220703125,445.20001220703125,2000637.0,AMBUJACEM.NS
2023-09-15,445.0,448.1000061035156,442.5,445.04998779296875,445.04998779296875,2963506.0,AMBUJACEM.NS
2023-09-18,445.0,445.70001220703125,433.0,436.6499938964844,436.6499938964844,3707587.0,AMBUJACEM.NS
2023-09-20,436.5,438.3500061035156,425.04998779296875,428.1499938964844,428.1499938964844,2289507.0,AMBUJACEM.NS
2023-09-21,427.5,430.6000061035156,423.20001220703125,426.1000061035156,426.1000061035156,2680700.0,AMBUJACEM.NS
2023-09-22,426.0,428.5,418.04998779296875,420.95001220703125,420.95001220703125,2666687.0,AMBUJACEM.NS
2023-09-25,420.5,425.95001220703125,414.70001220703125,422.8999938964844,422.8999938964844,3913804.0,AMBUJACEM.NS
2023-09-26,423.29998779296875,434.0,422.45001220703125,429.75,429.75,6162665.0,AMBUJACEM.NS
2023-09-27,428.0,431.8500061035156,426.0,430.45001220703125,430.45001220703125,1952178.0,AMBUJACEM.NS
2023-09-28,431.0,431.5,418.6499938964844,419.8999938964844,419.8999938964844,3461405.0,AMBUJACEM.NS
2023-09-29,423.79998779296875,428.5,420.0,424.79998779296875,424.79998779296875,2835399.0,AMBUJACEM.NS
2023-10-03,424.04998779296875,434.3999938964844,422.5,432.20001220703125,432.20001220703125,2833284.0,AMBUJACEM.NS
2023-10-04,430.0,434.0,424.29998779296875,429.6499938964844,429.6499938964844,3214525.0,AMBUJACEM.NS
2023-10-05,430.0,434.8500061035156,428.75,432.8500061035156,432.8500061035156,1287179.0,AMBUJACEM.NS
2023-10-06,434.0,437.0,431.79998779296875,435.70001220703125,435.70001220703125,1547935.0,AMBUJACEM.NS
2023-10-09,430.1000061035156,437.5,427.5,430.20001220703125,430.20001220703125,4370429.0,AMBUJACEM.NS
2023-10-10,430.1499938964844,438.8500061035156,428.0,437.20001220703125,437.20001220703125,3288646.0,AMBUJACEM.NS
2023-10-11,438.8999938964844,447.0,438.0,445.1000061035156,445.1000061035156,3228077.0,AMBUJACEM.NS
2023-10-12,449.0,450.3500061035156,444.04998779296875,445.6000061035156,445.6000061035156,1700298.0,AMBUJACEM.NS
2023-10-13,444.5,445.79998779296875,438.8999938964844,439.8999938964844,439.8999938964844,950920.0,AMBUJACEM.NS
2023-10-16,439.0,444.79998779296875,438.95001220703125,443.25,443.25,1353905.0,AMBUJACEM.NS
2023-10-17,443.54998779296875,444.5,440.1000061035156,442.6499938964844,442.6499938964844,1043674.0,AMBUJACEM.NS
2023-10-18,442.3999938964844,444.0,431.5,433.0,433.0,1919224.0,AMBUJACEM.NS
2023-10-19,432.54998779296875,440.04998779296875,430.1000061035156,437.45001220703125,437.45001220703125,1131689.0,AMBUJACEM.NS
2023-10-20,437.0,439.54998779296875,428.1000061035156,430.8500061035156,430.8500061035156,2066618.0,AMBUJACEM.NS
2023-10-23,432.75,432.75,411.6000061035156,415.95001220703125,415.95001220703125,1925177.0,AMBUJACEM.NS
2023-10-25,417.0,422.75,413.6000061035156,417.95001220703125,417.95001220703125,3289897.0,AMBUJACEM.NS
2023-10-26,414.6000061035156,422.5,407.75,416.29998779296875,416.29998779296875,2296586.0,AMBUJACEM.NS
2023-10-27,419.45001220703125,423.95001220703125,415.1000061035156,417.25,417.25,1693364.0,AMBUJACEM.NS
2023-10-30,420.20001220703125,423.6000061035156,416.0,421.95001220703125,421.95001220703125,1290400.0,AMBUJACEM.NS
2023-10-31,423.95001220703125,427.45001220703125,421.0,424.45001220703125,424.45001220703125,1078687.0,AMBUJACEM.NS
2023-11-01,425.5,425.5,404.04998779296875,406.6499938964844,406.6499938964844,5188883.0,AMBUJACEM.NS
2023-11-02,411.0,423.3999938964844,410.1499938964844,419.70001220703125,419.70001220703125,3289570.0,AMBUJACEM.NS
2023-11-03,421.0,423.95001220703125,417.25,420.8999938964844,420.8999938964844,1579359.0,AMBUJACEM.NS
2023-11-06,421.95001220703125,425.0,420.0,421.25,421.25,1061040.0,AMBUJACEM.NS
2023-11-07,421.79998779296875,423.3500061035156,418.1000061035156,419.54998779296875,419.54998779296875,662939.0,AMBUJACEM.NS
2023-11-08,421.6000061035156,426.0,419.20001220703125,421.0,421.0,1055490.0,AMBUJACEM.NS
2023-11-09,422.3999938964844,423.54998779296875,415.95001220703125,418.29998779296875,418.29998779296875,882283.0,AMBUJACEM.NS
2023-11-10,418.75,419.8500061035156,415.45001220703125,418.1000061035156,418.1000061035156,1025880.0,AMBUJACEM.NS
2023-11-13,421.8500061035156,422.1499938964844,418.3999938964844,419.3999938964844,419.3999938964844,698694.0,AMBUJACEM.NS
2023-11-15,421.0,423.5,417.70001220703125,418.1499938964844,418.1499938964844,2736651.0,AMBUJACEM.NS
2023-11-16,420.0,420.6499938964844,417.0,419.8999938964844,419.8999938964844,1724084.0,AMBUJACEM.NS
2023-11-17,422.0,428.0,418.0,421.1000061035156,421.1000061035156,2116735.0,AMBUJACEM.NS
2023-11-20,421.1000061035156,424.25,418.20001220703125,421.5,421.5,1481395.0,AMBUJACEM.NS
2023-11-21,422.3999938964844,424.29998779296875,419.1000061035156,420.1499938964844,420.1499938964844,1003554.0,AMBUJACEM.NS
2023-11-22,420.0,421.20001220703125,413.25,414.25,414.25,1457858.0,AMBUJACEM.NS
2023-11-23,416.75,416.75,408.6000061035156,415.6000061035156,415.6000061035156,1212949.0,AMBUJACEM.NS
2023-11-24,415.95001220703125,416.0,411.3500061035156,414.29998779296875,414.29998779296875,1929621.0,AMBUJACEM.NS
2023-11-28,421.0,435.45001220703125,417.25,431.20001220703125,431.20001220703125,7654493.0,AMBUJACEM.NS
2023-11-29,435.0,437.29998779296875,428.04998779296875,435.6499938964844,435.6499938964844,4081524.0,AMBUJACEM.NS
2023-11-30,436.0,443.0,430.70001220703125,439.25,439.25,6906477.0,AMBUJACEM.NS
2023-12-01,444.0,444.0,438.0,442.0,442.0,2478791.0,AMBUJACEM.NS
2023-12-04,460.0,475.79998779296875,453.25,474.54998779296875,474.54998779296875,13146040.0,AMBUJACEM.NS
2023-12-05,475.0,513.5,474.54998779296875,509.04998779296875,509.04998779296875,22838581.0,AMBUJACEM.NS
2023-12-06,515.0,523.6500244140625,499.5,501.1000061035156,501.1000061035156,13223984.0,AMBUJACEM.NS
2023-12-07,503.70001220703125,508.3999938964844,496.3500061035156,505.1000061035156,505.1000061035156,3608185.0,AMBUJACEM.NS
2023-12-08,508.95001220703125,509.6000061035156,482.3500061035156,494.3500061035156,494.3500061035156,4085720.0,AMBUJACEM.NS
2023-12-11,497.8999938964844,506.5,489.5,504.0,504.0,4277828.0,AMBUJACEM.NS
2023-12-12,506.04998779296875,510.5,497.75,501.3500061035156,501.3500061035156,3392736.0,AMBUJACEM.NS
2023-12-13,504.0,513.4000244140625,502.04998779296875,509.04998779296875,509.04998779296875,3481573.0,AMBUJACEM.NS
2023-12-14,514.7999877929688,523.4000244140625,511.8500061035156,520.25,520.25,5858223.0,AMBUJACEM.NS
2023-12-15,523.7000122070312,529.4000244140625,514.5,522.4000244140625,522.4000244140625,5777967.0,AMBUJACEM.NS
2023-12-18,530.0,532.5,524.2999877929688,525.6500244140625,525.6500244140625,2875095.0,AMBUJACEM.NS
2023-12-19,528.4000244140625,530.5499877929688,517.0,522.3499755859375,522.3499755859375,2762093.0,AMBUJACEM.NS
2023-12-20,524.0,526.2999877929688,486.0,490.45001220703125,490.45001220703125,5434428.0,AMBUJACEM.NS
2023-12-21,481.0,505.8999938964844,480.45001220703125,503.8999938964844,503.8999938964844,3610387.0,AMBUJACEM.NS
2023-12-22,505.1000061035156,510.3999938964844,498.25,503.79998779296875,503.79998779296875,2571515.0,AMBUJACEM.NS
2023-12-26,504.0,508.54998779296875,502.6499938964844,505.3500061035156,505.3500061035156,1869260.0,AMBUJACEM.NS
2023-12-27,520.9500122070312,523.0,513.1500244140625,517.0,517.0,5618393.0,AMBUJACEM.NS
2023-12-28,518.0,519.9500122070312,512.0499877929688,514.25,514.25,1945694.0,AMBUJACEM.NS
2023-12-29,514.5999755859375,522.4500122070312,511.6000061035156,520.9000244140625,520.9000244140625,2686563.0,AMBUJACEM.NS
2024-01-01,520.8499755859375,539.7000122070312,519.7999877929688,534.2999877929688,534.2999877929688,4251624.0,AMBUJACEM.NS
2024-01-02,537.0,537.0,518.5,530.9000244140625,530.9000244140625,2655551.0,AMBUJACEM.NS
2024-01-03,538.4500122070312,549.0,528.1500244140625,536.0999755859375,536.0999755859375,13711402.0,AMBUJACEM.NS
2024-01-04,538.3499755859375,554.5499877929688,536.75,549.4500122070312,549.4500122070312,6112049.0,AMBUJACEM.NS
2024-01-05,550.0,557.9000244140625,538.4000244140625,542.3499755859375,542.3499755859375,5130749.0,AMBUJACEM.NS
2024-01-08,544.25,544.25,526.9000244140625,530.2000122070312,530.2000122070312,3333769.0,AMBUJACEM.NS
2024-01-09,535.8499755859375,538.7999877929688,523.25,525.2000122070312,525.2000122070312,2741683.0,AMBUJACEM.NS
2024-01-10,528.7000122070312,528.7000122070312,518.25,526.1500244140625,526.1500244140625,1792977.0,AMBUJACEM.NS
2024-01-11,529.1500244140625,541.9500122070312,525.4000244140625,538.25,538.25,2505937.0,AMBUJACEM.NS
2024-01-12,543.0,544.75,531.0999755859375,532.4000244140625,532.4000244140625,2315342.0,AMBUJACEM.NS
2024-01-15,537.0,537.2000122070312,526.5,531.4500122070312,531.4500122070312,1838608.0,AMBUJACEM.NS
2024-01-16,533.7999877929688,534.9500122070312,525.0,528.7000122070312,528.7000122070312,2732941.0,AMBUJACEM.NS
2024-01-17,528.0,539.3499755859375,518.25,520.5499877929688,520.5499877929688,6229815.0,AMBUJACEM.NS
2024-01-18,522.6500244140625,526.9500122070312,509.0,524.1500244140625,524.1500244140625,2084710.0,AMBUJACEM.NS
2024-01-19,526.8499755859375,538.0,525.25,537.0999755859375,537.0999755859375,2661086.0,AMBUJACEM.NS
2024-01-23,543.7999877929688,543.7999877929688,517.0499877929688,525.0499877929688,525.0499877929688,2682760.0,AMBUJACEM.NS
2024-01-24,525.0499877929688,531.0,514.5,527.4500122070312,527.4500122070312,3893697.0,AMBUJACEM.NS
2024-01-25,530.0,566.0,526.3499755859375,560.1500244140625,560.1500244140625,8019238.0,AMBUJACEM.NS
2024-01-29,570.9000244140625,578.9000244140625,562.7999877929688,574.0999755859375,574.0999755859375,7828638.0,AMBUJACEM.NS
2024-01-30,574.2000122070312,583.9500122070312,568.0499877929688,570.8499755859375,570.8499755859375,4572466.0,AMBUJACEM.NS
2024-01-31,573.4000244140625,586.4500122070312,547.0,560.2999877929688,560.2999877929688,13741694.0,AMBUJACEM.NS
2024-02-01,568.0,569.7999877929688,554.0499877929688,565.0499877929688,565.0499877929688,6228014.0,AMBUJACEM.NS
2024-02-02,570.6500244140625,572.25,554.5499877929688,557.4000244140625,557.4000244140625,3263916.0,AMBUJACEM.NS
2024-02-05,560.0,563.1500244140625,551.0,555.0,555.0,2366641.0,AMBUJACEM.NS
2024-02-06,558.9500122070312,568.0,549.9500122070312,566.5999755859375,566.5999755859375,2969565.0,AMBUJACEM.NS
2024-02-07,570.0,575.9500122070312,564.2999877929688,568.2000122070312,568.2000122070312,2248160.0,AMBUJACEM.NS
2024-02-08,570.0,571.25,559.6500244140625,563.3499755859375,563.3499755859375,2089376.0,AMBUJACEM.NS
2024-02-09,564.7000122070312,582.25,552.5499877929688,576.2000122070312,576.2000122070312,6956624.0,AMBUJACEM.NS
2024-02-12,582.0999755859375,587.2000122070312,560.25,563.5,563.5,3475737.0,AMBUJACEM.NS
2024-02-13,566.3499755859375,570.0,552.5,568.25,568.25,2529788.0,AMBUJACEM.NS
2024-02-14,560.1500244140625,573.3499755859375,559.6500244140625,570.9000244140625,570.9000244140625,2094616.0,AMBUJACEM.NS
2024-02-15,573.9000244140625,574.7999877929688,568.8499755859375,572.25,572.25,1240706.0,AMBUJACEM.NS
2024-02-16,573.2000122070312,590.6500244140625,573.0499877929688,585.0999755859375,585.0999755859375,9619487.0,AMBUJACEM.NS
2024-02-19,588.7999877929688,594.0,581.9000244140625,584.8499755859375,584.8499755859375,3141571.0,AMBUJACEM.NS
2024-02-20,584.8499755859375,590.0,579.4500122070312,588.7999877929688,588.7999877929688,1867263.0,AMBUJACEM.NS
2024-02-21,591.9000244140625,596.7000122070312,583.25,587.7999877929688,587.7999877929688,4209055.0,AMBUJACEM.NS
2024-02-22,593.0,595.0,583.0,592.75,592.75,1838366.0,AMBUJACEM.NS
2024-02-23,593.7999877929688,608.7000122070312,587.25,602.9500122070312,602.9500122070312,4824640.0,AMBUJACEM.NS
2024-02-26,602.9500122070312,615.25,602.5999755859375,608.5999755859375,608.5999755859375,5715227.0,AMBUJACEM.NS
2024-02-27,607.9500122070312,612.5,599.0,603.3499755859375,603.3499755859375,3604237.0,AMBUJACEM.NS
2024-02-28,603.9000244140625,606.0,585.0999755859375,589.25,589.25,2831925.0,AMBUJACEM.NS
2024-02-29,589.25,609.7000122070312,584.0,605.9000244140625,605.9000244140625,3263796.0,AMBUJACEM.NS
2024-03-01,608.0999755859375,620.0,607.0,617.5999755859375,617.5999755859375,4011709.0,AMBUJACEM.NS
2024-03-04,621.25,621.75,612.5499877929688,617.1500244140625,617.1500244140625,1878206.0,AMBUJACEM.NS
2024-03-05,625.0,625.0,610.7999877929688,613.0999755859375,613.0999755859375,2430074.0,AMBUJACEM.NS
2024-03-06,612.9500122070312,613.6500244140625,595.5,598.2999877929688,598.2999877929688,4127035.0,AMBUJACEM.NS
2024-03-07,598.2999877929688,606.5999755859375,596.5,603.1500244140625,603.1500244140625,2393414.0,AMBUJACEM.NS
2024-03-11,604.9000244140625,612.4000244140625,600.2000122070312,602.0499877929688,602.0499877929688,2547145.0,AMBUJACEM.NS
2024-03-12,605.0,605.9000244140625,584.0499877929688,587.5499877929688,587.5499877929688,2900178.0,AMBUJACEM.NS
2024-03-13,589.3499755859375,590.3499755859375,550.7999877929688,559.25,559.25,5946259.0,AMBUJACEM.NS
2024-03-14,555.5,584.7000122070312,551.7000122070312,582.4500122070312,582.4500122070312,3200499.0,AMBUJACEM.NS
2024-03-15,583.7999877929688,603.8499755859375,575.8499755859375,600.75,600.75,3693325.0,AMBUJACEM.NS
2024-03-18,595.0,595.0,582.2000122070312,584.6500244140625,584.6500244140625,6348109.0,AMBUJACEM.NS
2024-03-19,582.0,588.5999755859375,572.5499877929688,580.2999877929688,580.2999877929688,2021483.0,AMBUJACEM.NS
2024-03-20,581.3499755859375,587.5,566.5999755859375,576.3499755859375,576.3499755859375,1678012.0,AMBUJACEM.NS
2024-03-21,580.0,590.9000244140625,580.0,587.2000122070312,587.2000122070312,1977799.0,AMBUJACEM.NS
2024-03-22,588.0,594.7000122070312,581.5499877929688,589.3499755859375,589.3499755859375,1818091.0,AMBUJACEM.NS
2024-03-26,589.3499755859375,600.4000244140625,586.5,595.0499877929688,595.0499877929688,2175165.0,AMBUJACEM.NS
2024-03-27,598.0,610.0,596.9500122070312,601.5,601.5,5070366.0,AMBUJACEM.NS
2024-03-28,607.5,617.0,602.25,612.3499755859375,612.3499755859375,3861492.0,AMBUJACEM.NS
2024-04-01,619.4000244140625,626.6500244140625,613.2999877929688,621.5,621.5,3976554.0,AMBUJACEM.NS
2024-04-02,622.0,637.0999755859375,619.6500244140625,634.7000122070312,634.7000122070312,4503263.0,AMBUJACEM.NS
2024-04-03,632.0,640.2999877929688,626.5,634.9500122070312,634.9500122070312,4389047.0,AMBUJACEM.NS
2024-04-04,640.0,640.7999877929688,623.5999755859375,624.7000122070312,624.7000122070312,2100754.0,AMBUJACEM.NS
2024-04-05,624.75,633.25,618.2000122070312,627.2000122070312,627.2000122070312,2386291.0,AMBUJACEM.NS
2024-04-08,627.2000122070312,634.5,622.0999755859375,630.5499877929688,630.5499877929688,2965491.0,AMBUJACEM.NS
2024-04-09,631.4000244140625,633.9500122070312,618.5499877929688,623.0999755859375,623.0999755859375,2431726.0,AMBUJACEM.NS
2024-04-10,620.4000244140625,628.75,620.4000244140625,625.6500244140625,625.6500244140625,1293786.0,AMBUJACEM.NS
2024-04-12,623.5,630.2999877929688,605.5999755859375,608.8499755859375,608.8499755859375,4161320.0,AMBUJACEM.NS
2024-04-15,600.0,615.5999755859375,593.4500122070312,606.8499755859375,606.8499755859375,2647237.0,AMBUJACEM.NS
2024-04-16,604.9500122070312,622.0,601.25,617.5499877929688,617.5499877929688,1983635.0,AMBUJACEM.NS
2024-04-18,637.7999877929688,637.7999877929688,611.0,615.25,615.25,4944023.0,AMBUJACEM.NS
2024-04-19,612.0,614.1500244140625,601.0499877929688,609.6500244140625,609.6500244140625,2001911.0,AMBUJACEM.NS
2024-04-22,616.0,621.0999755859375,613.0999755859375,616.2999877929688,616.2999877929688,1566507.0,AMBUJACEM.NS
2024-04-23,621.25,639.0,618.75,636.5499877929688,636.5499877929688,3751042.0,AMBUJACEM.NS
2024-04-24,641.0,646.7999877929688,635.0999755859375,644.4500122070312,644.4500122070312,4701815.0,AMBUJACEM.NS
2024-04-25,644.0,649.0,629.2000122070312,638.3499755859375,638.3499755859375,3367321.0,AMBUJACEM.NS
2024-04-26,642.0,642.0,630.0999755859375,632.3499755859375,632.3499755859375,1663147.0,AMBUJACEM.NS
2024-04-29,638.0,638.2999877929688,625.0999755859375,629.6500244140625,629.6500244140625,2214172.0,AMBUJACEM.NS
